2025-12-07 09:37:09,371 - src.utils.filter - INFO - filter.py:194 - Loaded 418 dirty words
2025-12-07 09:37:09,819 - src.data.dataset - INFO - dataset.py:637 - Saved 118940 samples to data/train.json
2025-12-07 09:37:09,847 - src.data.dataset - INFO - dataset.py:637 - Saved 14867 samples to data/val.json
2025-12-07 09:37:09,876 - src.data.dataset - INFO - dataset.py:637 - Saved 14869 samples to data/test.json
2025-12-08 15:35:27,788 - src.train - INFO - train.py:60 - Using device: cuda
2025-12-08 15:47:17,692 - src.train - INFO - train.py:60 - Using device: cuda
2025-12-08 15:52:08,295 - src.train - INFO - train.py:60 - Using device: cuda
2025-12-08 15:58:54,780 - src.train - INFO - train.py:60 - Using device: cuda
2025-12-08 15:59:12,193 - accelerate.utils.modeling - INFO - modeling.py:987 - We will use 90% of the memory on device 0 for storing the model, and 10% for the buffer to avoid OOM. You can set `max_memory` in to a higher value to use more memory (at your own risk).
2025-12-08 16:00:18,422 - src.train - INFO - train.py:132 - Loaded pretrained model: /root/.cache/modelscope/hub/models/ZhipuAI/chatglm3-6b
2025-12-08 16:01:01,330 - src.train - INFO - train.py:147 - Total parameters: 6,243,584,000
2025-12-08 16:01:02,668 - src.train - INFO - train.py:148 - Trainable parameters: 6,243,584,000
2025-12-08 16:01:23,500 - src.data.dataset - WARNING - dataset.py:46 - ⚠️  数据增强模式：自动禁用缓存以保证随机性
2025-12-08 16:01:23,502 - src.data.dataset - INFO - dataset.py:54 - ✓ 数据增强已启用 (seed=42)
2025-12-08 16:01:24,010 - src.data.dataset - INFO - dataset.py:117 - Loaded 118940 samples from data/train.json
2025-12-08 16:01:42,435 - src.data.dataset - INFO - dataset.py:117 - Loaded 14867 samples from data/val.json
2025-12-08 16:01:55,839 - src.train - INFO - train.py:184 - Train dataset size: 118940
2025-12-08 16:01:57,454 - src.train - INFO - train.py:185 - Val dataset size: 14867
2025-12-08 16:12:06,325 - src.train - INFO - train.py:60 - Using device: cuda
2025-12-08 16:12:22,696 - accelerate.utils.modeling - INFO - modeling.py:987 - We will use 90% of the memory on device 0 for storing the model, and 10% for the buffer to avoid OOM. You can set `max_memory` in to a higher value to use more memory (at your own risk).
2025-12-08 16:12:27,667 - src.train - INFO - train.py:132 - Loaded pretrained model: /root/.cache/modelscope/hub/models/ZhipuAI/chatglm3-6b
2025-12-08 16:12:27,671 - src.train - INFO - train.py:147 - Total parameters: 6,243,584,000
2025-12-08 16:12:27,671 - src.train - INFO - train.py:148 - Trainable parameters: 6,243,584,000
2025-12-08 16:12:27,671 - src.data.dataset - WARNING - dataset.py:46 - ⚠️  数据增强模式：自动禁用缓存以保证随机性
2025-12-08 16:12:27,672 - src.data.dataset - INFO - dataset.py:54 - ✓ 数据增强已启用 (seed=42)
2025-12-08 16:12:28,173 - src.data.dataset - INFO - dataset.py:117 - Loaded 118940 samples from data/train.json
2025-12-08 16:12:28,394 - src.data.dataset - INFO - dataset.py:117 - Loaded 14867 samples from data/val.json
2025-12-08 16:12:28,411 - src.train - INFO - train.py:184 - Train dataset size: 118940
2025-12-08 16:12:28,412 - src.train - INFO - train.py:185 - Val dataset size: 14867
2025-12-08 16:12:51,033 - src.train - INFO - train.py:227 - Total training steps: 11148
2025-12-08 16:20:21,811 - src.train - INFO - train.py:60 - Using device: cuda
2025-12-08 16:20:22,375 - accelerate.utils.modeling - INFO - modeling.py:987 - We will use 90% of the memory on device 0 for storing the model, and 10% for the buffer to avoid OOM. You can set `max_memory` in to a higher value to use more memory (at your own risk).
2025-12-08 16:20:26,972 - src.train - INFO - train.py:132 - Loaded pretrained model: /root/.cache/modelscope/hub/models/ZhipuAI/chatglm3-6b
2025-12-08 16:20:26,976 - src.train - INFO - train.py:147 - Total parameters: 6,243,584,000
2025-12-08 16:20:26,976 - src.train - INFO - train.py:148 - Trainable parameters: 6,243,584,000
2025-12-08 16:20:26,976 - src.data.dataset - WARNING - dataset.py:46 - ⚠️  数据增强模式：自动禁用缓存以保证随机性
2025-12-08 16:20:26,977 - src.data.dataset - INFO - dataset.py:54 - ✓ 数据增强已启用 (seed=42)
2025-12-08 16:20:27,483 - src.data.dataset - INFO - dataset.py:117 - Loaded 118940 samples from data/train.json
2025-12-08 16:20:27,706 - src.data.dataset - INFO - dataset.py:117 - Loaded 14867 samples from data/val.json
2025-12-08 16:20:27,723 - src.train - INFO - train.py:184 - Train dataset size: 118940
2025-12-08 16:20:27,723 - src.train - INFO - train.py:185 - Val dataset size: 14867
2025-12-08 16:22:46,997 - src.train - INFO - train.py:228 - Total training steps: 11148
2025-12-08 16:22:46,998 - src.train - INFO - train.py:229 - Warmup steps: 557
2025-12-08 16:22:47,895 - src.train - INFO - train.py:238 - 
==================================================
2025-12-08 16:22:47,895 - src.train - INFO - train.py:239 - Epoch 1/3
2025-12-08 16:22:47,895 - src.train - INFO - train.py:240 - ==================================================
2025-12-08 20:06:16,728 - src.train - INFO - train.py:60 - Using device: cuda
2025-12-08 20:06:17,097 - accelerate.utils.modeling - INFO - modeling.py:987 - We will use 90% of the memory on device 0 for storing the model, and 10% for the buffer to avoid OOM. You can set `max_memory` in to a higher value to use more memory (at your own risk).
2025-12-08 20:06:21,820 - src.train - INFO - train.py:132 - Loaded pretrained model: /root/.cache/modelscope/hub/models/ZhipuAI/chatglm3-6b
2025-12-08 20:06:21,824 - src.train - INFO - train.py:147 - Total parameters: 6,243,584,000
2025-12-08 20:06:21,824 - src.train - INFO - train.py:148 - Trainable parameters: 6,243,584,000
2025-12-08 20:06:46,865 - src.data.dataset - WARNING - dataset.py:48 - ⚠️  数据增强模式：自动禁用缓存以保证随机性
2025-12-08 20:06:46,867 - src.data.dataset - INFO - dataset.py:56 - ✓ 数据增强已启用 (seed=42)
2025-12-08 20:06:47,369 - src.data.dataset - INFO - dataset.py:130 - Loaded 118940 samples from data/train.json
2025-12-08 20:07:23,859 - src.data.dataset - INFO - dataset.py:130 - Loaded 14867 samples from data/val.json
2025-12-08 20:07:23,882 - src.train - INFO - train.py:184 - Train dataset size: 118940
2025-12-08 20:07:30,258 - src.train - INFO - train.py:185 - Val dataset size: 14867
2025-12-08 20:07:41,655 - src.train - INFO - train.py:227 - Total training steps: 11148
2025-12-08 20:07:41,656 - src.train - INFO - train.py:228 - Warmup steps: 557
2025-12-08 20:08:36,531 - src.train - INFO - train.py:237 - 
==================================================
2025-12-08 20:08:41,316 - src.train - INFO - train.py:238 - Epoch 1/3
2025-12-08 20:08:42,299 - src.train - INFO - train.py:239 - ==================================================
2025-12-08 20:09:06,177 - src.data.dataset - INFO - dataset.py:81 - Loading tokenizer from /root/.cache/modelscope/hub/models/ZhipuAI/chatglm3-6b
2025-12-08 20:09:06,792 - src.data.dataset - INFO - dataset.py:81 - Loading tokenizer from /root/.cache/modelscope/hub/models/ZhipuAI/chatglm3-6b
2025-12-08 20:09:07,393 - src.data.dataset - INFO - dataset.py:81 - Loading tokenizer from /root/.cache/modelscope/hub/models/ZhipuAI/chatglm3-6b
2025-12-08 20:09:07,992 - src.data.dataset - INFO - dataset.py:81 - Loading tokenizer from /root/.cache/modelscope/hub/models/ZhipuAI/chatglm3-6b
2025-12-08 20:16:50,354 - src.train - INFO - train.py:60 - Using device: cuda
2025-12-08 20:16:50,732 - accelerate.utils.modeling - INFO - modeling.py:987 - We will use 90% of the memory on device 0 for storing the model, and 10% for the buffer to avoid OOM. You can set `max_memory` in to a higher value to use more memory (at your own risk).
2025-12-08 20:16:55,467 - src.train - INFO - train.py:132 - Loaded pretrained model: /root/.cache/modelscope/hub/models/ZhipuAI/chatglm3-6b
2025-12-08 20:16:55,471 - src.train - INFO - train.py:147 - Total parameters: 6,243,584,000
2025-12-08 20:16:55,471 - src.train - INFO - train.py:148 - Trainable parameters: 6,243,584,000
2025-12-08 20:16:55,471 - src.data.dataset - WARNING - dataset.py:49 - ⚠️  数据增强模式：自动禁用缓存以保证随机性
2025-12-08 20:16:55,472 - src.data.dataset - INFO - dataset.py:56 - ✓ 数据增强已启用 (seed=42)
2025-12-08 20:16:55,952 - src.data.dataset - INFO - dataset.py:139 - Loaded 118940 samples from data/train.json
2025-12-08 20:16:56,198 - src.data.dataset - INFO - dataset.py:139 - Loaded 14867 samples from data/val.json
2025-12-08 20:16:56,215 - src.train - INFO - train.py:184 - Train dataset size: 118940
2025-12-08 20:17:02,814 - src.train - INFO - train.py:185 - Val dataset size: 14867
2025-12-08 20:17:02,819 - src.train - INFO - train.py:227 - Total training steps: 11148
2025-12-08 20:17:02,819 - src.train - INFO - train.py:228 - Warmup steps: 557
2025-12-08 20:17:10,675 - src.train - INFO - train.py:237 - 
==================================================
2025-12-08 20:17:10,676 - src.train - INFO - train.py:238 - Epoch 1/3
2025-12-08 20:17:10,676 - src.train - INFO - train.py:239 - ==================================================
2025-12-08 20:17:21,003 - src.data.dataset - INFO - dataset.py:81 - Loading tokenizer from /root/.cache/modelscope/hub/models/ZhipuAI/chatglm3-6b
2025-12-08 20:17:21,597 - src.data.dataset - INFO - dataset.py:81 - Loading tokenizer from /root/.cache/modelscope/hub/models/ZhipuAI/chatglm3-6b
2025-12-08 20:17:22,198 - src.data.dataset - INFO - dataset.py:81 - Loading tokenizer from /root/.cache/modelscope/hub/models/ZhipuAI/chatglm3-6b
2025-12-08 20:17:22,458 - src.data.dataset - INFO - dataset.py:96 - Tokenizer loaded. pad_token_id: 0
2025-12-08 20:17:22,461 - src.data.dataset - ERROR - dataset.py:223 - Tokenization failed for idx=7868: ChatGLMTokenizer._pad() got an unexpected keyword argument 'padding_side'
2025-12-08 20:17:22,462 - src.data.dataset - ERROR - dataset.py:223 - Tokenization failed for idx=643: ChatGLMTokenizer._pad() got an unexpected keyword argument 'padding_side'
2025-12-08 20:17:22,463 - src.data.dataset - ERROR - dataset.py:223 - Tokenization failed for idx=115043: ChatGLMTokenizer._pad() got an unexpected keyword argument 'padding_side'
2025-12-08 20:17:22,464 - src.data.dataset - ERROR - dataset.py:223 - Tokenization failed for idx=20056: ChatGLMTokenizer._pad() got an unexpected keyword argument 'padding_side'
2025-12-08 20:17:22,477 - src.data.dataset - ERROR - dataset.py:223 - Tokenization failed for idx=56655: ChatGLMTokenizer._pad() got an unexpected keyword argument 'padding_side'
2025-12-08 20:17:22,478 - src.data.dataset - ERROR - dataset.py:223 - Tokenization failed for idx=61026: ChatGLMTokenizer._pad() got an unexpected keyword argument 'padding_side'
2025-12-08 20:17:22,479 - src.data.dataset - ERROR - dataset.py:223 - Tokenization failed for idx=21692: ChatGLMTokenizer._pad() got an unexpected keyword argument 'padding_side'
2025-12-08 20:17:22,480 - src.data.dataset - ERROR - dataset.py:223 - Tokenization failed for idx=52896: ChatGLMTokenizer._pad() got an unexpected keyword argument 'padding_side'
2025-12-08 20:17:22,482 - src.data.dataset - ERROR - dataset.py:223 - Tokenization failed for idx=34839: ChatGLMTokenizer._pad() got an unexpected keyword argument 'padding_side'
2025-12-08 20:17:22,483 - src.data.dataset - ERROR - dataset.py:223 - Tokenization failed for idx=110774: ChatGLMTokenizer._pad() got an unexpected keyword argument 'padding_side'
2025-12-08 20:17:22,484 - src.data.dataset - ERROR - dataset.py:223 - Tokenization failed for idx=56645: ChatGLMTokenizer._pad() got an unexpected keyword argument 'padding_side'
2025-12-08 20:17:22,485 - src.data.dataset - ERROR - dataset.py:223 - Tokenization failed for idx=79762: ChatGLMTokenizer._pad() got an unexpected keyword argument 'padding_side'
2025-12-08 20:17:22,778 - src.data.dataset - INFO - dataset.py:81 - Loading tokenizer from /root/.cache/modelscope/hub/models/ZhipuAI/chatglm3-6b
2025-12-08 20:17:23,074 - src.data.dataset - INFO - dataset.py:96 - Tokenizer loaded. pad_token_id: 0
2025-12-08 20:17:23,077 - src.data.dataset - ERROR - dataset.py:223 - Tokenization failed for idx=74974: ChatGLMTokenizer._pad() got an unexpected keyword argument 'padding_side'
2025-12-08 20:17:23,078 - src.data.dataset - ERROR - dataset.py:223 - Tokenization failed for idx=3045: ChatGLMTokenizer._pad() got an unexpected keyword argument 'padding_side'
2025-12-08 20:17:23,079 - src.data.dataset - ERROR - dataset.py:223 - Tokenization failed for idx=70986: ChatGLMTokenizer._pad() got an unexpected keyword argument 'padding_side'
2025-12-08 20:17:23,080 - src.data.dataset - ERROR - dataset.py:223 - Tokenization failed for idx=50277: ChatGLMTokenizer._pad() got an unexpected keyword argument 'padding_side'
2025-12-08 20:17:23,088 - src.data.dataset - ERROR - dataset.py:223 - Tokenization failed for idx=88546: ChatGLMTokenizer._pad() got an unexpected keyword argument 'padding_side'
2025-12-08 20:17:23,090 - src.data.dataset - ERROR - dataset.py:223 - Tokenization failed for idx=7295: ChatGLMTokenizer._pad() got an unexpected keyword argument 'padding_side'
2025-12-08 20:17:23,091 - src.data.dataset - ERROR - dataset.py:223 - Tokenization failed for idx=81803: ChatGLMTokenizer._pad() got an unexpected keyword argument 'padding_side'
2025-12-08 20:17:23,092 - src.data.dataset - ERROR - dataset.py:223 - Tokenization failed for idx=108310: ChatGLMTokenizer._pad() got an unexpected keyword argument 'padding_side'
2025-12-08 20:17:23,656 - src.data.dataset - INFO - dataset.py:96 - Tokenizer loaded. pad_token_id: 0
2025-12-08 20:17:23,659 - src.data.dataset - ERROR - dataset.py:223 - Tokenization failed for idx=69919: ChatGLMTokenizer._pad() got an unexpected keyword argument 'padding_side'
2025-12-08 20:17:23,660 - src.data.dataset - ERROR - dataset.py:223 - Tokenization failed for idx=67658: ChatGLMTokenizer._pad() got an unexpected keyword argument 'padding_side'
2025-12-08 20:17:23,661 - src.data.dataset - ERROR - dataset.py:223 - Tokenization failed for idx=47634: ChatGLMTokenizer._pad() got an unexpected keyword argument 'padding_side'
2025-12-08 20:17:23,662 - src.data.dataset - ERROR - dataset.py:223 - Tokenization failed for idx=44800: ChatGLMTokenizer._pad() got an unexpected keyword argument 'padding_side'
2025-12-08 20:17:23,670 - src.data.dataset - ERROR - dataset.py:223 - Tokenization failed for idx=8680: ChatGLMTokenizer._pad() got an unexpected keyword argument 'padding_side'
2025-12-08 20:17:23,672 - src.data.dataset - ERROR - dataset.py:223 - Tokenization failed for idx=47311: ChatGLMTokenizer._pad() got an unexpected keyword argument 'padding_side'
2025-12-08 20:17:23,673 - src.data.dataset - ERROR - dataset.py:223 - Tokenization failed for idx=12145: ChatGLMTokenizer._pad() got an unexpected keyword argument 'padding_side'
2025-12-08 20:17:23,673 - src.data.dataset - ERROR - dataset.py:223 - Tokenization failed for idx=29619: ChatGLMTokenizer._pad() got an unexpected keyword argument 'padding_side'
2025-12-08 20:17:24,292 - src.data.dataset - INFO - dataset.py:96 - Tokenizer loaded. pad_token_id: 0
2025-12-08 20:17:24,295 - src.data.dataset - ERROR - dataset.py:223 - Tokenization failed for idx=101454: ChatGLMTokenizer._pad() got an unexpected keyword argument 'padding_side'
2025-12-08 20:17:24,297 - src.data.dataset - ERROR - dataset.py:223 - Tokenization failed for idx=53283: ChatGLMTokenizer._pad() got an unexpected keyword argument 'padding_side'
2025-12-08 20:17:24,297 - src.data.dataset - ERROR - dataset.py:223 - Tokenization failed for idx=4069: ChatGLMTokenizer._pad() got an unexpected keyword argument 'padding_side'
2025-12-08 20:17:24,299 - src.data.dataset - ERROR - dataset.py:223 - Tokenization failed for idx=55246: ChatGLMTokenizer._pad() got an unexpected keyword argument 'padding_side'
2025-12-08 20:17:24,306 - src.data.dataset - ERROR - dataset.py:223 - Tokenization failed for idx=48751: ChatGLMTokenizer._pad() got an unexpected keyword argument 'padding_side'
2025-12-08 20:17:24,308 - src.data.dataset - ERROR - dataset.py:223 - Tokenization failed for idx=87559: ChatGLMTokenizer._pad() got an unexpected keyword argument 'padding_side'
2025-12-08 20:17:24,309 - src.data.dataset - ERROR - dataset.py:223 - Tokenization failed for idx=24276: ChatGLMTokenizer._pad() got an unexpected keyword argument 'padding_side'
2025-12-08 20:17:24,310 - src.data.dataset - ERROR - dataset.py:223 - Tokenization failed for idx=11669: ChatGLMTokenizer._pad() got an unexpected keyword argument 'padding_side'
2025-12-08 20:20:02,430 - src.train - INFO - train.py:60 - Using device: cuda
2025-12-08 20:20:02,818 - accelerate.utils.modeling - INFO - modeling.py:987 - We will use 90% of the memory on device 0 for storing the model, and 10% for the buffer to avoid OOM. You can set `max_memory` in to a higher value to use more memory (at your own risk).
2025-12-08 20:20:07,643 - src.train - INFO - train.py:132 - Loaded pretrained model: /root/.cache/modelscope/hub/models/ZhipuAI/chatglm3-6b
2025-12-08 20:20:07,648 - src.train - INFO - train.py:147 - Total parameters: 6,243,584,000
2025-12-08 20:20:07,648 - src.train - INFO - train.py:148 - Trainable parameters: 6,243,584,000
2025-12-08 20:20:07,648 - src.data.dataset - WARNING - dataset.py:49 - ⚠️  数据增强模式：自动禁用缓存以保证随机性
2025-12-08 20:20:07,649 - src.data.dataset - INFO - dataset.py:56 - ✓ 数据增强已启用 (seed=42)
2025-12-08 20:20:08,120 - src.data.dataset - INFO - dataset.py:139 - Loaded 118940 samples from data/train.json
2025-12-08 20:20:08,276 - src.data.dataset - INFO - dataset.py:81 - Loading tokenizer from /root/.cache/modelscope/hub/models/ZhipuAI/chatglm3-6b
2025-12-08 20:20:08,500 - src.data.dataset - INFO - dataset.py:96 - Tokenizer loaded. pad_token_id: 0
2025-12-08 20:20:08,555 - src.data.dataset - INFO - dataset.py:139 - Loaded 14867 samples from data/val.json
2025-12-08 20:20:08,573 - src.data.dataset - INFO - dataset.py:81 - Loading tokenizer from /root/.cache/modelscope/hub/models/ZhipuAI/chatglm3-6b
2025-12-08 20:20:08,786 - src.data.dataset - INFO - dataset.py:96 - Tokenizer loaded. pad_token_id: 0
2025-12-08 20:20:08,787 - src.train - INFO - train.py:184 - Train dataset size: 118940
2025-12-08 20:20:08,787 - src.train - INFO - train.py:185 - Val dataset size: 14867
2025-12-08 20:20:08,791 - src.train - INFO - train.py:227 - Total training steps: 11148
2025-12-08 20:20:08,791 - src.train - INFO - train.py:228 - Warmup steps: 557
2025-12-08 20:20:12,465 - src.train - INFO - train.py:237 - 
==================================================
2025-12-08 20:20:12,465 - src.train - INFO - train.py:238 - Epoch 1/3
2025-12-08 20:20:12,466 - src.train - INFO - train.py:239 - ==================================================
2025-12-08 20:20:16,865 - src.data.dataset - ERROR - dataset.py:223 - Tokenization failed for idx=7868: ChatGLMTokenizer._pad() got an unexpected keyword argument 'padding_side'
2025-12-08 20:20:16,868 - src.data.dataset - ERROR - dataset.py:223 - Tokenization failed for idx=643: ChatGLMTokenizer._pad() got an unexpected keyword argument 'padding_side'
2025-12-08 20:20:16,869 - src.data.dataset - ERROR - dataset.py:223 - Tokenization failed for idx=115043: ChatGLMTokenizer._pad() got an unexpected keyword argument 'padding_side'
2025-12-08 20:20:16,870 - src.data.dataset - ERROR - dataset.py:223 - Tokenization failed for idx=20056: ChatGLMTokenizer._pad() got an unexpected keyword argument 'padding_side'
2025-12-08 20:20:16,879 - src.data.dataset - ERROR - dataset.py:223 - Tokenization failed for idx=56655: ChatGLMTokenizer._pad() got an unexpected keyword argument 'padding_side'
2025-12-08 20:20:16,880 - src.data.dataset - ERROR - dataset.py:223 - Tokenization failed for idx=61026: ChatGLMTokenizer._pad() got an unexpected keyword argument 'padding_side'
2025-12-08 20:20:16,881 - src.data.dataset - ERROR - dataset.py:223 - Tokenization failed for idx=21692: ChatGLMTokenizer._pad() got an unexpected keyword argument 'padding_side'
2025-12-08 20:20:16,882 - src.data.dataset - ERROR - dataset.py:223 - Tokenization failed for idx=52896: ChatGLMTokenizer._pad() got an unexpected keyword argument 'padding_side'
2025-12-08 20:20:16,885 - src.data.dataset - ERROR - dataset.py:223 - Tokenization failed for idx=34839: ChatGLMTokenizer._pad() got an unexpected keyword argument 'padding_side'
2025-12-08 20:20:16,886 - src.data.dataset - ERROR - dataset.py:223 - Tokenization failed for idx=110774: ChatGLMTokenizer._pad() got an unexpected keyword argument 'padding_side'
2025-12-08 20:20:16,887 - src.data.dataset - ERROR - dataset.py:223 - Tokenization failed for idx=56645: ChatGLMTokenizer._pad() got an unexpected keyword argument 'padding_side'
2025-12-08 20:20:16,888 - src.data.dataset - ERROR - dataset.py:223 - Tokenization failed for idx=79762: ChatGLMTokenizer._pad() got an unexpected keyword argument 'padding_side'
2025-12-08 20:20:17,476 - src.data.dataset - ERROR - dataset.py:223 - Tokenization failed for idx=74974: ChatGLMTokenizer._pad() got an unexpected keyword argument 'padding_side'
2025-12-08 20:20:17,479 - src.data.dataset - ERROR - dataset.py:223 - Tokenization failed for idx=3045: ChatGLMTokenizer._pad() got an unexpected keyword argument 'padding_side'
2025-12-08 20:20:17,480 - src.data.dataset - ERROR - dataset.py:223 - Tokenization failed for idx=70986: ChatGLMTokenizer._pad() got an unexpected keyword argument 'padding_side'
2025-12-08 20:20:17,481 - src.data.dataset - ERROR - dataset.py:223 - Tokenization failed for idx=50277: ChatGLMTokenizer._pad() got an unexpected keyword argument 'padding_side'
2025-12-08 20:20:17,490 - src.data.dataset - ERROR - dataset.py:223 - Tokenization failed for idx=88546: ChatGLMTokenizer._pad() got an unexpected keyword argument 'padding_side'
2025-12-08 20:20:17,492 - src.data.dataset - ERROR - dataset.py:223 - Tokenization failed for idx=7295: ChatGLMTokenizer._pad() got an unexpected keyword argument 'padding_side'
2025-12-08 20:20:17,493 - src.data.dataset - ERROR - dataset.py:223 - Tokenization failed for idx=81803: ChatGLMTokenizer._pad() got an unexpected keyword argument 'padding_side'
2025-12-08 20:20:17,493 - src.data.dataset - ERROR - dataset.py:223 - Tokenization failed for idx=108310: ChatGLMTokenizer._pad() got an unexpected keyword argument 'padding_side'
2025-12-08 20:20:18,066 - src.data.dataset - ERROR - dataset.py:223 - Tokenization failed for idx=69919: ChatGLMTokenizer._pad() got an unexpected keyword argument 'padding_side'
2025-12-08 20:20:18,068 - src.data.dataset - ERROR - dataset.py:223 - Tokenization failed for idx=67658: ChatGLMTokenizer._pad() got an unexpected keyword argument 'padding_side'
2025-12-08 20:20:18,069 - src.data.dataset - ERROR - dataset.py:223 - Tokenization failed for idx=47634: ChatGLMTokenizer._pad() got an unexpected keyword argument 'padding_side'
2025-12-08 20:20:18,071 - src.data.dataset - ERROR - dataset.py:223 - Tokenization failed for idx=44800: ChatGLMTokenizer._pad() got an unexpected keyword argument 'padding_side'
2025-12-08 20:20:18,080 - src.data.dataset - ERROR - dataset.py:223 - Tokenization failed for idx=8680: ChatGLMTokenizer._pad() got an unexpected keyword argument 'padding_side'
2025-12-08 20:20:18,081 - src.data.dataset - ERROR - dataset.py:223 - Tokenization failed for idx=47311: ChatGLMTokenizer._pad() got an unexpected keyword argument 'padding_side'
2025-12-08 20:20:18,084 - src.data.dataset - ERROR - dataset.py:223 - Tokenization failed for idx=12145: ChatGLMTokenizer._pad() got an unexpected keyword argument 'padding_side'
2025-12-08 20:20:18,085 - src.data.dataset - ERROR - dataset.py:223 - Tokenization failed for idx=29619: ChatGLMTokenizer._pad() got an unexpected keyword argument 'padding_side'
2025-12-08 20:20:18,563 - src.data.dataset - ERROR - dataset.py:223 - Tokenization failed for idx=101454: ChatGLMTokenizer._pad() got an unexpected keyword argument 'padding_side'
2025-12-08 20:20:18,566 - src.data.dataset - ERROR - dataset.py:223 - Tokenization failed for idx=53283: ChatGLMTokenizer._pad() got an unexpected keyword argument 'padding_side'
2025-12-08 20:20:18,567 - src.data.dataset - ERROR - dataset.py:223 - Tokenization failed for idx=4069: ChatGLMTokenizer._pad() got an unexpected keyword argument 'padding_side'
2025-12-08 20:20:18,568 - src.data.dataset - ERROR - dataset.py:223 - Tokenization failed for idx=55246: ChatGLMTokenizer._pad() got an unexpected keyword argument 'padding_side'
2025-12-08 20:20:18,577 - src.data.dataset - ERROR - dataset.py:223 - Tokenization failed for idx=48751: ChatGLMTokenizer._pad() got an unexpected keyword argument 'padding_side'
2025-12-08 20:20:18,579 - src.data.dataset - ERROR - dataset.py:223 - Tokenization failed for idx=87559: ChatGLMTokenizer._pad() got an unexpected keyword argument 'padding_side'
2025-12-08 20:20:18,580 - src.data.dataset - ERROR - dataset.py:223 - Tokenization failed for idx=24276: ChatGLMTokenizer._pad() got an unexpected keyword argument 'padding_side'
2025-12-08 20:20:18,581 - src.data.dataset - ERROR - dataset.py:223 - Tokenization failed for idx=11669: ChatGLMTokenizer._pad() got an unexpected keyword argument 'padding_side'
2025-12-08 20:22:57,101 - src.train - INFO - train.py:60 - Using device: cuda
2025-12-08 20:22:57,454 - accelerate.utils.modeling - INFO - modeling.py:987 - We will use 90% of the memory on device 0 for storing the model, and 10% for the buffer to avoid OOM. You can set `max_memory` in to a higher value to use more memory (at your own risk).
2025-12-08 20:23:02,150 - src.train - INFO - train.py:132 - Loaded pretrained model: /root/.cache/modelscope/hub/models/ZhipuAI/chatglm3-6b
2025-12-08 20:23:02,154 - src.train - INFO - train.py:147 - Total parameters: 6,243,584,000
2025-12-08 20:23:02,154 - src.train - INFO - train.py:148 - Trainable parameters: 6,243,584,000
2025-12-08 20:23:02,155 - src.data.dataset - WARNING - dataset.py:49 - ⚠️  数据增强模式：自动禁用缓存以保证随机性
2025-12-08 20:23:02,155 - src.data.dataset - INFO - dataset.py:56 - ✓ 数据增强已启用 (seed=42)
2025-12-08 20:23:02,598 - src.data.dataset - INFO - dataset.py:139 - Loaded 118940 samples from data/train.json
2025-12-08 20:23:02,732 - src.data.dataset - INFO - dataset.py:81 - Loading tokenizer from /root/.cache/modelscope/hub/models/ZhipuAI/chatglm3-6b
2025-12-08 20:23:02,939 - src.data.dataset - INFO - dataset.py:96 - Tokenizer loaded. pad_token_id: 0
2025-12-08 20:23:02,939 - src.data.dataset - INFO - dataset.py:318 - DataLoader config: pad_token_id=0, max_length=512
2025-12-08 20:23:02,991 - src.data.dataset - INFO - dataset.py:139 - Loaded 14867 samples from data/val.json
2025-12-08 20:23:03,008 - src.data.dataset - INFO - dataset.py:81 - Loading tokenizer from /root/.cache/modelscope/hub/models/ZhipuAI/chatglm3-6b
2025-12-08 20:23:03,213 - src.data.dataset - INFO - dataset.py:96 - Tokenizer loaded. pad_token_id: 0
2025-12-08 20:23:03,214 - src.data.dataset - INFO - dataset.py:318 - DataLoader config: pad_token_id=0, max_length=512
2025-12-08 20:23:03,214 - src.train - INFO - train.py:184 - Train dataset size: 118940
2025-12-08 20:23:03,214 - src.train - INFO - train.py:185 - Val dataset size: 14867
2025-12-08 20:23:03,217 - src.train - INFO - train.py:227 - Total training steps: 11148
2025-12-08 20:23:03,217 - src.train - INFO - train.py:228 - Warmup steps: 557
2025-12-08 20:23:06,640 - src.train - INFO - train.py:237 - 
==================================================
2025-12-08 20:23:06,641 - src.train - INFO - train.py:238 - Epoch 1/3
2025-12-08 20:23:06,641 - src.train - INFO - train.py:239 - ==================================================
2025-12-08 20:23:12,664 - src.data.dataset - ERROR - dataset.py:236 - Tokenization failed for idx=7868: ChatGLMTokenizer._pad() got an unexpected keyword argument 'padding_side'
2025-12-08 20:23:12,665 - src.data.dataset - ERROR - dataset.py:237 - src_text: 想吃蛋挞，...
2025-12-08 20:23:12,666 - src.data.dataset - ERROR - dataset.py:238 - tgt_text: 蛋挞好吃！我也想吃。想吃蛋挞证明你很有品位，表扬！...
2025-12-08 20:23:12,667 - src.data.dataset - ERROR - dataset.py:236 - Tokenization failed for idx=643: ChatGLMTokenizer._pad() got an unexpected keyword argument 'padding_side'
2025-12-08 20:23:12,667 - src.data.dataset - ERROR - dataset.py:237 - src_text: 前几天，我退了八组（现鹅组）...
2025-12-08 20:23:12,667 - src.data.dataset - ERROR - dataset.py:238 - tgt_text: 对的，你居然知道这部电影...
2025-12-08 20:23:12,668 - src.data.dataset - ERROR - dataset.py:236 - Tokenization failed for idx=115043: ChatGLMTokenizer._pad() got an unexpected keyword argument 'padding_side'
2025-12-08 20:23:12,668 - src.data.dataset - ERROR - dataset.py:237 - src_text: 分享我刚抄的句子...
2025-12-08 20:23:12,669 - src.data.dataset - ERROR - dataset.py:238 - tgt_text: 哈哈哈哈哈哈哈哈哈哈哈你夸人的角度真刁钻给你666...
2025-12-08 20:23:12,670 - src.data.dataset - ERROR - dataset.py:236 - Tokenization failed for idx=20056: ChatGLMTokenizer._pad() got an unexpected keyword argument 'padding_side'
2025-12-08 20:23:12,670 - src.data.dataset - ERROR - dataset.py:237 - src_text: 爱一个人，爱了年6...
2025-12-08 20:23:12,670 - src.data.dataset - ERROR - dataset.py:238 - tgt_text: 你体会了别人没有过的人生经历！超棒...
2025-12-08 20:23:12,673 - src.data.dataset - ERROR - dataset.py:236 - Tokenization failed for idx=56655: ChatGLMTokenizer._pad() got an unexpected keyword argument 'padding_side'
2025-12-08 20:23:12,675 - src.data.dataset - ERROR - dataset.py:237 - src_text: 老公chigui但是不敢离婚...
2025-12-08 20:23:12,676 - src.data.dataset - ERROR - dataset.py:238 - tgt_text: 你更棒！勇敢！人无完人，我希望给他一次机会，如果再次伤害我，我不会再原谅他！但换个人或者单身不一定更好，解决问题的方式有很多种，加强彼此的亲密关系也是一种！...
2025-12-08 20:23:12,676 - src.data.dataset - ERROR - dataset.py:236 - Tokenization failed for idx=61026: ChatGLMTokenizer._pad() got an unexpected keyword argument 'padding_side'
2025-12-08 20:23:12,678 - src.data.dataset - ERROR - dataset.py:237 - src_text: 和男朋友吵架被了踹几脚...
2025-12-08 20:23:12,679 - src.data.dataset - ERROR - dataset.py:238 - tgt_text: 谢谢你希望今天天亮了我可以向你一样勇敢...
2025-12-08 20:23:12,680 - src.data.dataset - ERROR - dataset.py:236 - Tokenization failed for idx=21692: ChatGLMTokenizer._pad() got an unexpected keyword argument 'padding_side'
2025-12-08 20:23:12,724 - src.data.dataset - ERROR - dataset.py:237 - src_text: 现在还在加班，感觉好丧，...
2025-12-08 20:23:12,724 - src.data.dataset - ERROR - dataset.py:238 - tgt_text: 刚拿出电脑做运营的我也是一样丧...
2025-12-08 20:23:12,725 - src.data.dataset - ERROR - dataset.py:236 - Tokenization failed for idx=52896: ChatGLMTokenizer._pad() got an unexpected keyword argument 'padding_side'
2025-12-08 20:23:12,726 - src.data.dataset - ERROR - dataset.py:237 - src_text: 手撕快递可以被表扬么...
2025-12-08 20:23:12,727 - src.data.dataset - ERROR - dataset.py:238 - tgt_text: 百世越来越垃圾了撕的好...
2025-12-08 20:23:12,741 - src.data.dataset - ERROR - dataset.py:236 - Tokenization failed for idx=34839: ChatGLMTokenizer._pad() got an unexpected keyword argument 'padding_side'
2025-12-08 20:23:12,741 - src.data.dataset - ERROR - dataset.py:237 - src_text: 二战失败，...
2025-12-08 20:23:12,742 - src.data.dataset - ERROR - dataset.py:238 - tgt_text: 211的都不敢报的我默默的磕一个不响的头...
2025-12-08 20:23:12,742 - src.data.dataset - ERROR - dataset.py:236 - Tokenization failed for idx=110774: ChatGLMTokenizer._pad() got an unexpected keyword argument 'padding_side'
2025-12-08 20:23:12,743 - src.data.dataset - ERROR - dataset.py:237 - src_text: 我今天夸了好多人！...
2025-12-08 20:23:12,743 - src.data.dataset - ERROR - dataset.py:238 - tgt_text: 对！你也是很棒很好好温柔的可爱爱...
2025-12-08 20:23:12,744 - src.data.dataset - ERROR - dataset.py:236 - Tokenization failed for idx=56645: ChatGLMTokenizer._pad() got an unexpected keyword argument 'padding_side'
2025-12-08 20:23:12,744 - src.data.dataset - ERROR - dataset.py:237 - src_text: 哭的停不下来。...
2025-12-08 20:23:12,744 - src.data.dataset - ERROR - dataset.py:238 - tgt_text: 姑娘，機票還可以退！不退也節省了時間。我現在離她一公里不到，但是見不到才是難受。...
2025-12-08 20:23:12,745 - src.data.dataset - ERROR - dataset.py:236 - Tokenization failed for idx=79762: ChatGLMTokenizer._pad() got an unexpected keyword argument 'padding_side'
2025-12-08 20:23:12,745 - src.data.dataset - ERROR - dataset.py:237 - src_text: 今天我21岁啦！...
2025-12-08 20:23:12,745 - src.data.dataset - ERROR - dataset.py:238 - tgt_text: 生日快乐呀...
2025-12-08 20:23:13,299 - src.data.dataset - ERROR - dataset.py:236 - Tokenization failed for idx=74974: ChatGLMTokenizer._pad() got an unexpected keyword argument 'padding_side'
2025-12-08 20:23:13,300 - src.data.dataset - ERROR - dataset.py:237 - src_text: 求尬夸一下，晚上好丧…T.T...
2025-12-08 20:23:13,301 - src.data.dataset - ERROR - dataset.py:238 - tgt_text: 我一直相信人这一辈子受的苦难都是有数的，你现在提前受了苦那么以后的路一定平坦...
2025-12-08 20:23:13,302 - src.data.dataset - ERROR - dataset.py:236 - Tokenization failed for idx=3045: ChatGLMTokenizer._pad() got an unexpected keyword argument 'padding_side'
2025-12-08 20:23:13,302 - src.data.dataset - ERROR - dataset.py:237 - src_text: 学了一整天的数学，不会还是接着学...
2025-12-08 20:23:13,302 - src.data.dataset - ERROR - dataset.py:238 - tgt_text: 加油这些努力会带给我们收获的！...
2025-12-08 20:23:13,303 - src.data.dataset - ERROR - dataset.py:236 - Tokenization failed for idx=70986: ChatGLMTokenizer._pad() got an unexpected keyword argument 'padding_side'
2025-12-08 20:23:13,303 - src.data.dataset - ERROR - dataset.py:237 - src_text: 调剂系统马上就要开了，我还没找到调剂学校...
2025-12-08 20:23:13,304 - src.data.dataset - ERROR - dataset.py:238 - tgt_text: 楼楼是什么专业的呀，b区有想去的地方吗...
2025-12-08 20:23:13,305 - src.data.dataset - ERROR - dataset.py:236 - Tokenization failed for idx=50277: ChatGLMTokenizer._pad() got an unexpected keyword argument 'padding_side'
2025-12-08 20:23:13,305 - src.data.dataset - ERROR - dataset.py:237 - src_text: 穿了好看小的裙子...
2025-12-08 20:23:13,305 - src.data.dataset - ERROR - dataset.py:238 - tgt_text: 一般美人的闪亮登场都会故意迟到一会会，你是刚刚好的巧合，最完美啦...
2025-12-08 20:23:13,308 - src.data.dataset - ERROR - dataset.py:236 - Tokenization failed for idx=88546: ChatGLMTokenizer._pad() got an unexpected keyword argument 'padding_side'
2025-12-08 20:23:13,310 - src.data.dataset - ERROR - dataset.py:237 - src_text: 诗一首...
2025-12-08 20:23:13,312 - src.data.dataset - ERROR - dataset.py:238 - tgt_text: 我都是在心里夸的。。你听不见[嘘]...
2025-12-08 20:23:13,313 - src.data.dataset - ERROR - dataset.py:236 - Tokenization failed for idx=7295: ChatGLMTokenizer._pad() got an unexpected keyword argument 'padding_side'
2025-12-08 20:23:13,313 - src.data.dataset - ERROR - dataset.py:237 - src_text: 在国外大农村，生活好难...
2025-12-08 20:23:13,313 - src.data.dataset - ERROR - dataset.py:238 - tgt_text: 我还没出过国门呢，能捎带我吗？...
2025-12-08 20:23:13,316 - src.data.dataset - ERROR - dataset.py:236 - Tokenization failed for idx=81803: ChatGLMTokenizer._pad() got an unexpected keyword argument 'padding_side'
2025-12-08 20:23:13,317 - src.data.dataset - ERROR - dataset.py:237 - src_text: 要考博了害怕找导师签字(&gt;д&lt;;)...
2025-12-08 20:23:13,318 - src.data.dataset - ERROR - dataset.py:238 - tgt_text: 顶一顶想听大家夸夸我...
2025-12-08 20:23:13,319 - src.data.dataset - ERROR - dataset.py:236 - Tokenization failed for idx=108310: ChatGLMTokenizer._pad() got an unexpected keyword argument 'padding_side'
2025-12-08 20:23:13,320 - src.data.dataset - ERROR - dataset.py:237 - src_text: 感觉自己离好老婆又近了一步，！...
2025-12-08 20:23:13,320 - src.data.dataset - ERROR - dataset.py:238 - tgt_text: 楼主你太棒了将来你会遇到更好的...
2025-12-08 20:23:13,888 - src.data.dataset - ERROR - dataset.py:236 - Tokenization failed for idx=69919: ChatGLMTokenizer._pad() got an unexpected keyword argument 'padding_side'
2025-12-08 20:23:13,889 - src.data.dataset - ERROR - dataset.py:237 - src_text: 单身半年了，...
2025-12-08 20:23:13,890 - src.data.dataset - ERROR - dataset.py:238 - tgt_text: 凭本事单身厉害厉害...
2025-12-08 20:23:13,891 - src.data.dataset - ERROR - dataset.py:236 - Tokenization failed for idx=67658: ChatGLMTokenizer._pad() got an unexpected keyword argument 'padding_side'
2025-12-08 20:23:13,891 - src.data.dataset - ERROR - dataset.py:237 - src_text: 哇咔咔咔，自己手工出品...
2025-12-08 20:23:13,891 - src.data.dataset - ERROR - dataset.py:238 - tgt_text: 爱心发射，biubiubiu...
2025-12-08 20:23:13,892 - src.data.dataset - ERROR - dataset.py:236 - Tokenization failed for idx=47634: ChatGLMTokenizer._pad() got an unexpected keyword argument 'padding_side'
2025-12-08 20:23:13,892 - src.data.dataset - ERROR - dataset.py:237 - src_text: (叉腰)我自己做的...
2025-12-08 20:23:13,893 - src.data.dataset - ERROR - dataset.py:238 - tgt_text: 太可爱了吧！一定是可爱的女孩才能做出这样美好的食物！...
2025-12-08 20:23:13,894 - src.data.dataset - ERROR - dataset.py:236 - Tokenization failed for idx=44800: ChatGLMTokenizer._pad() got an unexpected keyword argument 'padding_side'
2025-12-08 20:23:13,894 - src.data.dataset - ERROR - dataset.py:237 - src_text: 这几天都没有在面外喝奶茶...
2025-12-08 20:23:13,894 - src.data.dataset - ERROR - dataset.py:238 - tgt_text: 好棒好棒，自己动手做超有满足感哒...
2025-12-08 20:23:13,897 - src.data.dataset - ERROR - dataset.py:236 - Tokenization failed for idx=8680: ChatGLMTokenizer._pad() got an unexpected keyword argument 'padding_side'
2025-12-08 20:23:13,899 - src.data.dataset - ERROR - dataset.py:237 - src_text: 自己做的，！...
2025-12-08 20:23:13,900 - src.data.dataset - ERROR - dataset.py:238 - tgt_text: 你做的面包有着印象派的画风，下半部分更是像莫奈的雾面油画一样的色彩，但我还是慧眼识出它是小黄人!如此有层次感的面包还是第一次见，真的是色香味形神意兼备的作品!...
2025-12-08 20:23:13,902 - src.data.dataset - ERROR - dataset.py:236 - Tokenization failed for idx=47311: ChatGLMTokenizer._pad() got an unexpected keyword argument 'padding_side'
2025-12-08 20:23:13,902 - src.data.dataset - ERROR - dataset.py:237 - src_text: 早上五点多起来室跟友打架，...
2025-12-08 20:23:13,903 - src.data.dataset - ERROR - dataset.py:238 - tgt_text: 实验证明，5点钟最适合早起锻炼身体...
2025-12-08 20:23:13,904 - src.data.dataset - ERROR - dataset.py:236 - Tokenization failed for idx=12145: ChatGLMTokenizer._pad() got an unexpected keyword argument 'padding_side'
2025-12-08 20:23:13,905 - src.data.dataset - ERROR - dataset.py:237 - src_text: 被辞退了，内心很痛苦，...
2025-12-08 20:23:13,905 - src.data.dataset - ERROR - dataset.py:238 - tgt_text: 离开错的才会和对的相逢...
2025-12-08 20:23:13,907 - src.data.dataset - ERROR - dataset.py:236 - Tokenization failed for idx=29619: ChatGLMTokenizer._pad() got an unexpected keyword argument 'padding_side'
2025-12-08 20:23:13,908 - src.data.dataset - ERROR - dataset.py:237 - src_text: 今天终于是个人民警察了...
2025-12-08 20:23:13,910 - src.data.dataset - ERROR - dataset.py:238 - tgt_text: 人民警察...
2025-12-08 20:23:14,399 - src.data.dataset - ERROR - dataset.py:236 - Tokenization failed for idx=101454: ChatGLMTokenizer._pad() got an unexpected keyword argument 'padding_side'
2025-12-08 20:23:14,400 - src.data.dataset - ERROR - dataset.py:237 - src_text: 十年都没遇到过让我心跳的厉害的女孩了……...
2025-12-08 20:23:14,401 - src.data.dataset - ERROR - dataset.py:238 - tgt_text: 丘比特在蓄力呢！说不定下一刻就松手了...
2025-12-08 20:23:14,402 - src.data.dataset - ERROR - dataset.py:236 - Tokenization failed for idx=53283: ChatGLMTokenizer._pad() got an unexpected keyword argument 'padding_side'
2025-12-08 20:23:14,402 - src.data.dataset - ERROR - dataset.py:237 - src_text: 拍的照片怎么样...
2025-12-08 20:23:14,402 - src.data.dataset - ERROR - dataset.py:238 - tgt_text: 哈哈哈，可以...
2025-12-08 20:23:14,403 - src.data.dataset - ERROR - dataset.py:236 - Tokenization failed for idx=4069: ChatGLMTokenizer._pad() got an unexpected keyword argument 'padding_side'
2025-12-08 20:23:14,403 - src.data.dataset - ERROR - dataset.py:237 - src_text: 明天要去一个工资一千块的公司上班了呢...
2025-12-08 20:23:14,404 - src.data.dataset - ERROR - dataset.py:238 - tgt_text: 有大胆尝试的勇气是多少人都羡慕不来的才能呀！...
2025-12-08 20:23:14,405 - src.data.dataset - ERROR - dataset.py:236 - Tokenization failed for idx=55246: ChatGLMTokenizer._pad() got an unexpected keyword argument 'padding_side'
2025-12-08 20:23:14,405 - src.data.dataset - ERROR - dataset.py:237 - src_text: 大家好，我来感美受好了！...
2025-12-08 20:23:14,405 - src.data.dataset - ERROR - dataset.py:238 - tgt_text: 在如此枯燥的课上，你居然还能听出老师讲的太难，你真的很优秀啊。...
2025-12-08 20:23:14,408 - src.data.dataset - ERROR - dataset.py:236 - Tokenization failed for idx=48751: ChatGLMTokenizer._pad() got an unexpected keyword argument 'padding_side'
2025-12-08 20:23:14,410 - src.data.dataset - ERROR - dataset.py:237 - src_text: 今天有超级不开心之事...
2025-12-08 20:23:14,412 - src.data.dataset - ERROR - dataset.py:238 - tgt_text: 晚安早睡成为xiaoxian女...
2025-12-08 20:23:14,413 - src.data.dataset - ERROR - dataset.py:236 - Tokenization failed for idx=87559: ChatGLMTokenizer._pad() got an unexpected keyword argument 'padding_side'
2025-12-08 20:23:14,413 - src.data.dataset - ERROR - dataset.py:237 - src_text: 为什么我夸了这多么人却没有人夸我...
2025-12-08 20:23:14,414 - src.data.dataset - ERROR - dataset.py:238 - tgt_text: 楼主真的很棒！...
2025-12-08 20:23:14,416 - src.data.dataset - ERROR - dataset.py:236 - Tokenization failed for idx=24276: ChatGLMTokenizer._pad() got an unexpected keyword argument 'padding_side'
2025-12-08 20:23:14,417 - src.data.dataset - ERROR - dataset.py:237 - src_text: 每天要认真学英语，...
2025-12-08 20:23:14,418 - src.data.dataset - ERROR - dataset.py:238 - tgt_text: 学期初就早早立下六级的目标，楼主非常高瞻远瞩了！...
2025-12-08 20:23:14,419 - src.data.dataset - ERROR - dataset.py:236 - Tokenization failed for idx=11669: ChatGLMTokenizer._pad() got an unexpected keyword argument 'padding_side'
2025-12-08 20:23:14,419 - src.data.dataset - ERROR - dataset.py:237 - src_text: 被我爸骂了，...
2025-12-08 20:23:14,419 - src.data.dataset - ERROR - dataset.py:238 - tgt_text: 没听过一句话嘛，失败是成功之母啊...
2025-12-08 20:26:40,385 - src.train - INFO - train.py:60 - Using device: cuda
2025-12-08 20:26:40,783 - accelerate.utils.modeling - INFO - modeling.py:987 - We will use 90% of the memory on device 0 for storing the model, and 10% for the buffer to avoid OOM. You can set `max_memory` in to a higher value to use more memory (at your own risk).
2025-12-08 20:26:45,517 - src.train - INFO - train.py:132 - Loaded pretrained model: /root/.cache/modelscope/hub/models/ZhipuAI/chatglm3-6b
2025-12-08 20:26:45,522 - src.train - INFO - train.py:147 - Total parameters: 6,243,584,000
2025-12-08 20:26:45,522 - src.train - INFO - train.py:148 - Trainable parameters: 6,243,584,000
2025-12-08 20:26:45,522 - src.data.dataset - WARNING - dataset.py:49 - ⚠️  数据增强模式：自动禁用缓存以保证随机性
2025-12-08 20:26:45,523 - src.data.dataset - INFO - dataset.py:56 - ✓ 数据增强已启用 (seed=42)
2025-12-08 20:26:45,983 - src.data.dataset - INFO - dataset.py:139 - Loaded 118940 samples from data/train.json
2025-12-08 20:26:46,119 - src.data.dataset - INFO - dataset.py:81 - Loading tokenizer from /root/.cache/modelscope/hub/models/ZhipuAI/chatglm3-6b
2025-12-08 20:26:46,340 - src.data.dataset - INFO - dataset.py:96 - Tokenizer loaded. pad_token_id: 0
2025-12-08 20:26:46,340 - src.data.dataset - INFO - dataset.py:327 - DataLoader config: pad_token_id=0, max_length=512
2025-12-08 20:26:46,394 - src.data.dataset - INFO - dataset.py:139 - Loaded 14867 samples from data/val.json
2025-12-08 20:26:46,412 - src.data.dataset - INFO - dataset.py:81 - Loading tokenizer from /root/.cache/modelscope/hub/models/ZhipuAI/chatglm3-6b
2025-12-08 20:26:46,612 - src.data.dataset - INFO - dataset.py:96 - Tokenizer loaded. pad_token_id: 0
2025-12-08 20:26:46,612 - src.data.dataset - INFO - dataset.py:327 - DataLoader config: pad_token_id=0, max_length=512
2025-12-08 20:26:46,613 - src.train - INFO - train.py:184 - Train dataset size: 118940
2025-12-08 20:26:46,613 - src.train - INFO - train.py:185 - Val dataset size: 14867
2025-12-08 20:26:46,617 - src.train - INFO - train.py:227 - Total training steps: 11148
2025-12-08 20:26:46,617 - src.train - INFO - train.py:228 - Warmup steps: 557
2025-12-08 20:26:49,654 - src.train - INFO - train.py:237 - 
==================================================
2025-12-08 20:26:49,655 - src.train - INFO - train.py:238 - Epoch 1/3
2025-12-08 20:26:49,655 - src.train - INFO - train.py:239 - ==================================================
2025-12-08 20:28:49,985 - src.train - INFO - train.py:60 - Using device: cuda
2025-12-08 20:28:50,376 - accelerate.utils.modeling - INFO - modeling.py:987 - We will use 90% of the memory on device 0 for storing the model, and 10% for the buffer to avoid OOM. You can set `max_memory` in to a higher value to use more memory (at your own risk).
2025-12-08 20:28:55,086 - src.train - INFO - train.py:132 - Loaded pretrained model: /root/.cache/modelscope/hub/models/ZhipuAI/chatglm3-6b
2025-12-08 20:28:55,090 - src.train - INFO - train.py:147 - Total parameters: 6,243,584,000
2025-12-08 20:28:55,090 - src.train - INFO - train.py:148 - Trainable parameters: 6,243,584,000
2025-12-08 20:28:55,090 - src.data.dataset - WARNING - dataset.py:49 - ⚠️  数据增强模式：自动禁用缓存以保证随机性
2025-12-08 20:28:55,091 - src.data.dataset - INFO - dataset.py:56 - ✓ 数据增强已启用 (seed=42)
2025-12-08 20:28:55,555 - src.data.dataset - INFO - dataset.py:139 - Loaded 118940 samples from data/train.json
2025-12-08 20:28:55,720 - src.data.dataset - INFO - dataset.py:81 - Loading tokenizer from /root/.cache/modelscope/hub/models/ZhipuAI/chatglm3-6b
2025-12-08 20:28:55,946 - src.data.dataset - INFO - dataset.py:96 - Tokenizer loaded. pad_token_id: 0
2025-12-08 20:28:55,946 - src.data.dataset - INFO - dataset.py:327 - DataLoader config: pad_token_id=0, max_length=512
2025-12-08 20:28:56,003 - src.data.dataset - INFO - dataset.py:139 - Loaded 14867 samples from data/val.json
2025-12-08 20:28:56,020 - src.data.dataset - INFO - dataset.py:81 - Loading tokenizer from /root/.cache/modelscope/hub/models/ZhipuAI/chatglm3-6b
2025-12-08 20:28:56,221 - src.data.dataset - INFO - dataset.py:96 - Tokenizer loaded. pad_token_id: 0
2025-12-08 20:28:56,221 - src.data.dataset - INFO - dataset.py:327 - DataLoader config: pad_token_id=0, max_length=512
2025-12-08 20:28:56,222 - src.train - INFO - train.py:184 - Train dataset size: 118940
2025-12-08 20:28:56,222 - src.train - INFO - train.py:185 - Val dataset size: 14867
2025-12-08 20:28:56,226 - src.train - INFO - train.py:227 - Total training steps: 11148
2025-12-08 20:28:56,227 - src.train - INFO - train.py:228 - Warmup steps: 557
2025-12-08 20:28:59,450 - src.train - INFO - train.py:237 - 
==================================================
2025-12-08 20:28:59,451 - src.train - INFO - train.py:238 - Epoch 1/3
2025-12-08 20:28:59,451 - src.train - INFO - train.py:239 - ==================================================
2025-12-08 20:32:41,313 - src.train - INFO - train.py:60 - Using device: cuda
2025-12-08 20:32:41,717 - accelerate.utils.modeling - INFO - modeling.py:987 - We will use 90% of the memory on device 0 for storing the model, and 10% for the buffer to avoid OOM. You can set `max_memory` in to a higher value to use more memory (at your own risk).
2025-12-08 20:32:46,387 - src.train - INFO - train.py:132 - Loaded pretrained model: /root/.cache/modelscope/hub/models/ZhipuAI/chatglm3-6b
2025-12-08 20:32:46,392 - src.train - INFO - train.py:147 - Total parameters: 6,243,584,000
2025-12-08 20:32:46,392 - src.train - INFO - train.py:148 - Trainable parameters: 6,243,584,000
2025-12-08 20:32:46,392 - src.data.dataset - WARNING - dataset.py:49 - ⚠️  数据增强模式：自动禁用缓存以保证随机性
2025-12-08 20:32:46,393 - src.data.dataset - INFO - dataset.py:56 - ✓ 数据增强已启用 (seed=42)
2025-12-08 20:32:46,841 - src.data.dataset - INFO - dataset.py:139 - Loaded 118940 samples from data/train.json
2025-12-08 20:32:46,982 - src.data.dataset - INFO - dataset.py:81 - Loading tokenizer from /root/.cache/modelscope/hub/models/ZhipuAI/chatglm3-6b
2025-12-08 20:32:47,199 - src.data.dataset - INFO - dataset.py:96 - Tokenizer loaded. pad_token_id: 0
2025-12-08 20:32:47,199 - src.data.dataset - INFO - dataset.py:327 - DataLoader config: pad_token_id=0, max_length=512
2025-12-08 20:32:47,251 - src.data.dataset - INFO - dataset.py:139 - Loaded 14867 samples from data/val.json
2025-12-08 20:32:47,268 - src.data.dataset - INFO - dataset.py:81 - Loading tokenizer from /root/.cache/modelscope/hub/models/ZhipuAI/chatglm3-6b
2025-12-08 20:32:47,467 - src.data.dataset - INFO - dataset.py:96 - Tokenizer loaded. pad_token_id: 0
2025-12-08 20:32:47,468 - src.data.dataset - INFO - dataset.py:327 - DataLoader config: pad_token_id=0, max_length=512
2025-12-08 20:32:47,468 - src.train - INFO - train.py:184 - Train dataset size: 118940
2025-12-08 20:32:47,469 - src.train - INFO - train.py:185 - Val dataset size: 14867
2025-12-08 20:32:47,473 - src.train - INFO - train.py:227 - Total training steps: 11148
2025-12-08 20:32:47,473 - src.train - INFO - train.py:228 - Warmup steps: 557
2025-12-08 20:32:50,285 - src.train - INFO - train.py:237 - 
==================================================
2025-12-08 20:32:50,285 - src.train - INFO - train.py:238 - Epoch 1/3
2025-12-08 20:32:50,286 - src.train - INFO - train.py:239 - ==================================================
2025-12-08 20:34:45,470 - src.train - INFO - train.py:60 - Using device: cuda
2025-12-08 20:34:45,873 - accelerate.utils.modeling - INFO - modeling.py:987 - We will use 90% of the memory on device 0 for storing the model, and 10% for the buffer to avoid OOM. You can set `max_memory` in to a higher value to use more memory (at your own risk).
2025-12-08 20:34:50,297 - src.train - INFO - train.py:132 - Loaded pretrained model: /root/.cache/modelscope/hub/models/ZhipuAI/chatglm3-6b
2025-12-08 20:34:50,301 - src.train - INFO - train.py:147 - Total parameters: 6,243,584,000
2025-12-08 20:34:50,301 - src.train - INFO - train.py:148 - Trainable parameters: 6,243,584,000
2025-12-08 20:34:50,301 - src.data.dataset - WARNING - dataset.py:49 - ⚠️  数据增强模式：自动禁用缓存以保证随机性
2025-12-08 20:34:50,302 - src.data.dataset - INFO - dataset.py:56 - ✓ 数据增强已启用 (seed=42)
2025-12-08 20:34:50,786 - src.data.dataset - INFO - dataset.py:139 - Loaded 118940 samples from data/train.json
2025-12-08 20:34:50,922 - src.data.dataset - INFO - dataset.py:81 - Loading tokenizer from /root/.cache/modelscope/hub/models/ZhipuAI/chatglm3-6b
2025-12-08 20:34:51,143 - src.data.dataset - INFO - dataset.py:96 - Tokenizer loaded. pad_token_id: 0
2025-12-08 20:34:51,143 - src.data.dataset - INFO - dataset.py:333 - DataLoader config: pad_token_id=0, max_length=512
2025-12-08 20:34:51,197 - src.data.dataset - INFO - dataset.py:139 - Loaded 14867 samples from data/val.json
2025-12-08 20:34:51,215 - src.data.dataset - INFO - dataset.py:81 - Loading tokenizer from /root/.cache/modelscope/hub/models/ZhipuAI/chatglm3-6b
2025-12-08 20:34:51,419 - src.data.dataset - INFO - dataset.py:96 - Tokenizer loaded. pad_token_id: 0
2025-12-08 20:34:51,420 - src.data.dataset - INFO - dataset.py:333 - DataLoader config: pad_token_id=0, max_length=512
2025-12-08 20:34:51,420 - src.train - INFO - train.py:184 - Train dataset size: 118940
2025-12-08 20:34:51,420 - src.train - INFO - train.py:185 - Val dataset size: 14867
2025-12-08 20:34:51,424 - src.train - INFO - train.py:227 - Total training steps: 11148
2025-12-08 20:34:51,424 - src.train - INFO - train.py:228 - Warmup steps: 557
2025-12-08 20:34:54,889 - src.train - INFO - train.py:237 - 
==================================================
2025-12-08 20:34:54,890 - src.train - INFO - train.py:238 - Epoch 1/3
2025-12-08 20:34:54,890 - src.train - INFO - train.py:239 - ==================================================
2025-12-08 20:39:52,186 - src.train - INFO - train.py:60 - Using device: cuda
2025-12-08 20:39:52,620 - accelerate.utils.modeling - INFO - modeling.py:987 - We will use 90% of the memory on device 0 for storing the model, and 10% for the buffer to avoid OOM. You can set `max_memory` in to a higher value to use more memory (at your own risk).
2025-12-08 20:39:57,227 - src.train - INFO - train.py:132 - Loaded pretrained model: /root/.cache/modelscope/hub/models/ZhipuAI/chatglm3-6b
2025-12-08 20:39:57,232 - src.train - INFO - train.py:147 - Total parameters: 6,243,584,000
2025-12-08 20:39:57,232 - src.train - INFO - train.py:148 - Trainable parameters: 6,243,584,000
2025-12-08 20:39:57,232 - src.data.dataset - WARNING - dataset.py:49 - ⚠️  数据增强模式：自动禁用缓存以保证随机性
2025-12-08 20:39:57,233 - src.data.dataset - INFO - dataset.py:56 - ✓ 数据增强已启用 (seed=42)
2025-12-08 20:39:57,691 - src.data.dataset - INFO - dataset.py:139 - Loaded 118940 samples from data/train.json
2025-12-08 20:39:57,839 - src.data.dataset - INFO - dataset.py:81 - Loading tokenizer from /root/.cache/modelscope/hub/models/ZhipuAI/chatglm3-6b
2025-12-08 20:39:58,060 - src.data.dataset - INFO - dataset.py:96 - Tokenizer loaded. pad_token_id: 0
2025-12-08 20:39:58,060 - src.data.dataset - INFO - dataset.py:333 - DataLoader config: pad_token_id=0, max_length=512
2025-12-08 20:39:58,113 - src.data.dataset - INFO - dataset.py:139 - Loaded 14867 samples from data/val.json
2025-12-08 20:39:58,129 - src.data.dataset - INFO - dataset.py:81 - Loading tokenizer from /root/.cache/modelscope/hub/models/ZhipuAI/chatglm3-6b
2025-12-08 20:39:58,323 - src.data.dataset - INFO - dataset.py:96 - Tokenizer loaded. pad_token_id: 0
2025-12-08 20:39:58,323 - src.data.dataset - INFO - dataset.py:333 - DataLoader config: pad_token_id=0, max_length=512
2025-12-08 20:39:58,324 - src.train - INFO - train.py:184 - Train dataset size: 118940
2025-12-08 20:39:58,324 - src.train - INFO - train.py:185 - Val dataset size: 14867
2025-12-08 20:39:58,327 - src.train - INFO - train.py:227 - Total training steps: 11148
2025-12-08 20:39:58,328 - src.train - INFO - train.py:228 - Warmup steps: 557
2025-12-08 20:40:02,169 - src.train - INFO - train.py:237 - 
==================================================
2025-12-08 20:40:02,170 - src.train - INFO - train.py:238 - Epoch 1/3
2025-12-08 20:40:02,170 - src.train - INFO - train.py:239 - ==================================================
2025-12-08 20:43:25,153 - src.train - INFO - train.py:60 - Using device: cuda
2025-12-08 20:43:25,594 - accelerate.utils.modeling - INFO - modeling.py:987 - We will use 90% of the memory on device 0 for storing the model, and 10% for the buffer to avoid OOM. You can set `max_memory` in to a higher value to use more memory (at your own risk).
2025-12-08 20:43:38,688 - src.train - INFO - train.py:132 - Loaded pretrained model: /root/.cache/modelscope/hub/models/ZhipuAI/chatglm3-6b
2025-12-08 20:43:38,693 - src.train - INFO - train.py:147 - Total parameters: 6,243,584,000
2025-12-08 20:43:38,693 - src.train - INFO - train.py:148 - Trainable parameters: 6,243,584,000
2025-12-08 20:43:38,694 - src.data.dataset - WARNING - dataset.py:49 - ⚠️  数据增强模式：自动禁用缓存以保证随机性
2025-12-08 20:43:38,695 - src.data.dataset - INFO - dataset.py:56 - ✓ 数据增强已启用 (seed=42)
2025-12-08 20:43:39,205 - src.data.dataset - INFO - dataset.py:139 - Loaded 118940 samples from data/train.json
2025-12-08 20:43:39,357 - src.data.dataset - INFO - dataset.py:81 - Loading tokenizer from /root/.cache/modelscope/hub/models/ZhipuAI/chatglm3-6b
2025-12-08 20:43:39,593 - src.data.dataset - INFO - dataset.py:96 - Tokenizer loaded. pad_token_id: 0
2025-12-08 20:43:39,593 - src.data.dataset - INFO - dataset.py:333 - DataLoader config: pad_token_id=0, max_length=512
2025-12-08 20:43:39,648 - src.data.dataset - INFO - dataset.py:139 - Loaded 14867 samples from data/val.json
2025-12-08 20:43:39,665 - src.data.dataset - INFO - dataset.py:81 - Loading tokenizer from /root/.cache/modelscope/hub/models/ZhipuAI/chatglm3-6b
2025-12-08 20:43:39,870 - src.data.dataset - INFO - dataset.py:96 - Tokenizer loaded. pad_token_id: 0
2025-12-08 20:43:39,870 - src.data.dataset - INFO - dataset.py:333 - DataLoader config: pad_token_id=0, max_length=512
2025-12-08 20:43:39,871 - src.train - INFO - train.py:184 - Train dataset size: 118940
2025-12-08 20:43:39,871 - src.train - INFO - train.py:185 - Val dataset size: 14867
2025-12-08 20:43:39,877 - src.train - INFO - train.py:227 - Total training steps: 11148
2025-12-08 20:43:39,877 - src.train - INFO - train.py:228 - Warmup steps: 557
2025-12-08 20:43:46,125 - src.train - INFO - train.py:237 - 
==================================================
2025-12-08 20:43:46,126 - src.train - INFO - train.py:238 - Epoch 1/3
2025-12-08 20:43:46,126 - src.train - INFO - train.py:239 - ==================================================
2025-12-08 20:46:46,489 - src.train - INFO - train.py:60 - Using device: cuda
2025-12-08 20:46:46,890 - accelerate.utils.modeling - INFO - modeling.py:987 - We will use 90% of the memory on device 0 for storing the model, and 10% for the buffer to avoid OOM. You can set `max_memory` in to a higher value to use more memory (at your own risk).
2025-12-08 20:46:59,382 - src.train - INFO - train.py:132 - Loaded pretrained model: /root/.cache/modelscope/hub/models/ZhipuAI/chatglm3-6b
2025-12-08 20:46:59,386 - src.train - INFO - train.py:147 - Total parameters: 6,243,584,000
2025-12-08 20:46:59,386 - src.train - INFO - train.py:148 - Trainable parameters: 6,243,584,000
2025-12-08 20:46:59,386 - src.data.dataset - WARNING - dataset.py:49 - ⚠️  数据增强模式：自动禁用缓存以保证随机性
2025-12-08 20:46:59,387 - src.data.dataset - INFO - dataset.py:56 - ✓ 数据增强已启用 (seed=42)
2025-12-08 20:46:59,845 - src.data.dataset - INFO - dataset.py:139 - Loaded 118940 samples from data/train.json
2025-12-08 20:46:59,979 - src.data.dataset - INFO - dataset.py:81 - Loading tokenizer from /root/.cache/modelscope/hub/models/ZhipuAI/chatglm3-6b
2025-12-08 20:47:00,199 - src.data.dataset - INFO - dataset.py:96 - Tokenizer loaded. pad_token_id: 0
2025-12-08 20:47:00,199 - src.data.dataset - INFO - dataset.py:333 - DataLoader config: pad_token_id=0, max_length=512
2025-12-08 20:47:00,254 - src.data.dataset - INFO - dataset.py:139 - Loaded 14867 samples from data/val.json
2025-12-08 20:47:00,271 - src.data.dataset - INFO - dataset.py:81 - Loading tokenizer from /root/.cache/modelscope/hub/models/ZhipuAI/chatglm3-6b
2025-12-08 20:47:00,468 - src.data.dataset - INFO - dataset.py:96 - Tokenizer loaded. pad_token_id: 0
2025-12-08 20:47:00,468 - src.data.dataset - INFO - dataset.py:333 - DataLoader config: pad_token_id=0, max_length=512
2025-12-08 20:47:00,468 - src.train - INFO - train.py:184 - Train dataset size: 118940
2025-12-08 20:47:00,468 - src.train - INFO - train.py:185 - Val dataset size: 14867
2025-12-08 20:47:00,473 - src.train - INFO - train.py:227 - Total training steps: 44601
2025-12-08 20:47:00,473 - src.train - INFO - train.py:228 - Warmup steps: 2230
2025-12-08 20:47:04,996 - src.train - INFO - train.py:237 - 
==================================================
2025-12-08 20:47:04,996 - src.train - INFO - train.py:238 - Epoch 1/3
2025-12-08 20:47:04,996 - src.train - INFO - train.py:239 - ==================================================
2025-12-08 20:47:47,687 - src.train - INFO - train.py:60 - Using device: cuda
2025-12-08 20:47:48,027 - accelerate.utils.modeling - INFO - modeling.py:987 - We will use 90% of the memory on device 0 for storing the model, and 10% for the buffer to avoid OOM. You can set `max_memory` in to a higher value to use more memory (at your own risk).
2025-12-08 20:47:51,816 - src.train - INFO - train.py:132 - Loaded pretrained model: /root/.cache/modelscope/hub/models/ZhipuAI/chatglm3-6b
2025-12-08 20:47:51,820 - src.train - INFO - train.py:147 - Total parameters: 6,243,584,000
2025-12-08 20:47:51,821 - src.train - INFO - train.py:148 - Trainable parameters: 6,243,584,000
2025-12-08 20:47:51,821 - src.data.dataset - WARNING - dataset.py:49 - ⚠️  数据增强模式：自动禁用缓存以保证随机性
2025-12-08 20:47:51,822 - src.data.dataset - INFO - dataset.py:56 - ✓ 数据增强已启用 (seed=42)
2025-12-08 20:47:52,327 - src.data.dataset - INFO - dataset.py:139 - Loaded 118940 samples from data/train.json
2025-12-08 20:47:52,477 - src.data.dataset - INFO - dataset.py:81 - Loading tokenizer from /root/.cache/modelscope/hub/models/ZhipuAI/chatglm3-6b
2025-12-08 20:47:52,697 - src.data.dataset - INFO - dataset.py:96 - Tokenizer loaded. pad_token_id: 0
2025-12-08 20:47:52,698 - src.data.dataset - INFO - dataset.py:333 - DataLoader config: pad_token_id=0, max_length=512
2025-12-08 20:47:52,752 - src.data.dataset - INFO - dataset.py:139 - Loaded 14867 samples from data/val.json
2025-12-08 20:47:52,769 - src.data.dataset - INFO - dataset.py:81 - Loading tokenizer from /root/.cache/modelscope/hub/models/ZhipuAI/chatglm3-6b
2025-12-08 20:47:53,000 - src.data.dataset - INFO - dataset.py:96 - Tokenizer loaded. pad_token_id: 0
2025-12-08 20:47:53,000 - src.data.dataset - INFO - dataset.py:333 - DataLoader config: pad_token_id=0, max_length=512
2025-12-08 20:47:53,000 - src.train - INFO - train.py:184 - Train dataset size: 118940
2025-12-08 20:47:53,001 - src.train - INFO - train.py:185 - Val dataset size: 14867
2025-12-08 20:47:53,005 - src.train - INFO - train.py:227 - Total training steps: 44601
2025-12-08 20:47:53,005 - src.train - INFO - train.py:228 - Warmup steps: 2230
2025-12-08 20:47:56,306 - src.train - INFO - train.py:237 - 
==================================================
2025-12-08 20:47:56,306 - src.train - INFO - train.py:238 - Epoch 1/3
2025-12-08 20:47:56,307 - src.train - INFO - train.py:239 - ==================================================
2025-12-08 20:59:46,490 - src.train - INFO - train.py:68 - Using device: cuda
2025-12-08 20:59:46,842 - src.train - INFO - train.py:137 - Loading base model from /root/.cache/modelscope/hub/models/ZhipuAI/chatglm3-6b...
2025-12-08 20:59:47,261 - accelerate.utils.modeling - INFO - modeling.py:987 - We will use 90% of the memory on device 0 for storing the model, and 10% for the buffer to avoid OOM. You can set `max_memory` in to a higher value to use more memory (at your own risk).
2025-12-08 20:59:50,424 - src.train - INFO - train.py:145 - Base model loaded in torch.float16
2025-12-08 20:59:50,425 - src.train - INFO - train.py:150 - ✓ Gradient checkpointing enabled
2025-12-08 20:59:50,643 - src.train - INFO - train.py:173 - ============================================================
2025-12-08 20:59:50,643 - src.train - INFO - train.py:174 - LoRA Configuration:
2025-12-08 20:59:50,643 - src.train - INFO - train.py:175 -   - Rank (r): 8
2025-12-08 20:59:50,643 - src.train - INFO - train.py:176 -   - Alpha: 32
2025-12-08 20:59:50,643 - src.train - INFO - train.py:177 -   - Target modules: {'query_key_value'}
2025-12-08 20:59:50,643 - src.train - INFO - train.py:178 -   - Dropout: 0.1
2025-12-08 20:59:50,643 - src.train - INFO - train.py:179 - ============================================================
2025-12-08 20:59:50,643 - src.train - INFO - train.py:180 - Model Statistics:
2025-12-08 20:59:50,643 - src.train - INFO - train.py:181 -   - Total parameters: 6,245,533,696
2025-12-08 20:59:50,643 - src.train - INFO - train.py:182 -   - Trainable parameters: 1,949,696
2025-12-08 20:59:50,643 - src.train - INFO - train.py:183 -   - Trainable %: 0.03%
2025-12-08 20:59:50,644 - src.train - INFO - train.py:184 - ============================================================
2025-12-08 20:59:50,644 - src.train - INFO - train.py:188 - GPU Memory allocated: 11.64 GB
2025-12-08 20:59:50,645 - src.train - INFO - train.py:189 - GPU Memory reserved: 11.64 GB
2025-12-08 20:59:51,156 - src.data.dataset - INFO - dataset.py:139 - Loaded 118940 samples from data/train.json
2025-12-08 20:59:51,319 - src.data.dataset - INFO - dataset.py:81 - Loading tokenizer from /root/.cache/modelscope/hub/models/ZhipuAI/chatglm3-6b
2025-12-08 20:59:51,552 - src.data.dataset - INFO - dataset.py:96 - Tokenizer loaded. pad_token_id: 0
2025-12-08 20:59:51,553 - src.data.dataset - INFO - dataset.py:333 - DataLoader config: pad_token_id=0, max_length=128
2025-12-08 20:59:51,607 - src.data.dataset - INFO - dataset.py:139 - Loaded 14867 samples from data/val.json
2025-12-08 20:59:51,625 - src.data.dataset - INFO - dataset.py:81 - Loading tokenizer from /root/.cache/modelscope/hub/models/ZhipuAI/chatglm3-6b
2025-12-08 20:59:51,833 - src.data.dataset - INFO - dataset.py:96 - Tokenizer loaded. pad_token_id: 0
2025-12-08 20:59:51,833 - src.data.dataset - INFO - dataset.py:333 - DataLoader config: pad_token_id=0, max_length=128
2025-12-08 20:59:51,834 - src.train - INFO - train.py:227 - Train dataset size: 118940
2025-12-08 20:59:51,834 - src.train - INFO - train.py:228 - Val dataset size: 14867
2025-12-08 20:59:51,834 - src.train - INFO - train.py:229 - Train batches per epoch: 29735
2025-12-08 20:59:51,840 - src.train - INFO - train.py:274 - Total training steps: 148670
2025-12-08 20:59:51,840 - src.train - INFO - train.py:275 - Warmup steps: 14867
2025-12-08 21:00:26,616 - src.train - INFO - train.py:286 - 
==================================================
2025-12-08 21:00:26,618 - src.train - INFO - train.py:287 - Epoch 1/10
2025-12-08 21:00:26,618 - src.train - INFO - train.py:288 - ==================================================
2025-12-08 21:00:32,818 - transformers_modules.chatglm3_hyphen_6b.modeling_chatglm - WARNING - logging.py:328 - `use_cache=True` is incompatible with gradient checkpointing. Setting `use_cache=False`...
2025-12-08 21:05:33,140 - src.train - INFO - train.py:68 - Using device: cuda
2025-12-08 21:05:33,369 - src.train - INFO - train.py:137 - Loading base model from /root/.cache/modelscope/hub/models/ZhipuAI/chatglm3-6b...
2025-12-08 21:05:33,745 - accelerate.utils.modeling - INFO - modeling.py:987 - We will use 90% of the memory on device 0 for storing the model, and 10% for the buffer to avoid OOM. You can set `max_memory` in to a higher value to use more memory (at your own risk).
2025-12-08 21:05:36,752 - src.train - INFO - train.py:145 - Base model loaded in torch.float16
2025-12-08 21:05:36,753 - src.train - INFO - train.py:150 - ✓ Gradient checkpointing enabled
2025-12-08 21:05:36,862 - src.train - INFO - train.py:173 - ============================================================
2025-12-08 21:05:36,862 - src.train - INFO - train.py:174 - LoRA Configuration:
2025-12-08 21:05:36,862 - src.train - INFO - train.py:175 -   - Rank (r): 8
2025-12-08 21:05:36,862 - src.train - INFO - train.py:176 -   - Alpha: 32
2025-12-08 21:05:36,862 - src.train - INFO - train.py:177 -   - Target modules: {'query_key_value'}
2025-12-08 21:05:36,862 - src.train - INFO - train.py:178 -   - Dropout: 0.1
2025-12-08 21:05:36,862 - src.train - INFO - train.py:179 - ============================================================
2025-12-08 21:05:36,862 - src.train - INFO - train.py:180 - Model Statistics:
2025-12-08 21:05:36,862 - src.train - INFO - train.py:181 -   - Total parameters: 6,245,533,696
2025-12-08 21:05:36,863 - src.train - INFO - train.py:182 -   - Trainable parameters: 1,949,696
2025-12-08 21:05:36,863 - src.train - INFO - train.py:183 -   - Trainable %: 0.03%
2025-12-08 21:05:36,863 - src.train - INFO - train.py:184 - ============================================================
2025-12-08 21:05:36,863 - src.train - INFO - train.py:188 - GPU Memory allocated: 11.64 GB
2025-12-08 21:05:36,863 - src.train - INFO - train.py:189 - GPU Memory reserved: 11.64 GB
2025-12-08 21:05:37,374 - src.data.dataset - INFO - dataset.py:139 - Loaded 118940 samples from data/train.json
2025-12-08 21:05:37,517 - src.data.dataset - INFO - dataset.py:81 - Loading tokenizer from /root/.cache/modelscope/hub/models/ZhipuAI/chatglm3-6b
2025-12-08 21:05:37,733 - src.data.dataset - INFO - dataset.py:96 - Tokenizer loaded. pad_token_id: 0
2025-12-08 21:05:37,733 - src.data.dataset - INFO - dataset.py:333 - DataLoader config: pad_token_id=0, max_length=128
2025-12-08 21:05:37,779 - src.data.dataset - INFO - dataset.py:139 - Loaded 14867 samples from data/val.json
2025-12-08 21:05:37,794 - src.data.dataset - INFO - dataset.py:81 - Loading tokenizer from /root/.cache/modelscope/hub/models/ZhipuAI/chatglm3-6b
2025-12-08 21:05:38,000 - src.data.dataset - INFO - dataset.py:96 - Tokenizer loaded. pad_token_id: 0
2025-12-08 21:05:38,000 - src.data.dataset - INFO - dataset.py:333 - DataLoader config: pad_token_id=0, max_length=128
2025-12-08 21:05:38,000 - src.train - INFO - train.py:227 - Train dataset size: 118940
2025-12-08 21:05:38,001 - src.train - INFO - train.py:228 - Val dataset size: 14867
2025-12-08 21:05:38,001 - src.train - INFO - train.py:229 - Train batches per epoch: 14868
2025-12-08 21:05:38,005 - src.train - INFO - train.py:274 - Total training steps: 148680
2025-12-08 21:05:38,005 - src.train - INFO - train.py:275 - Warmup steps: 14868
2025-12-08 21:05:38,889 - src.train - INFO - train.py:286 - 
==================================================
2025-12-08 21:05:38,889 - src.train - INFO - train.py:287 - Epoch 1/10
2025-12-08 21:05:38,889 - src.train - INFO - train.py:288 - ==================================================
2025-12-08 21:05:39,221 - transformers_modules.chatglm3_hyphen_6b.modeling_chatglm - WARNING - logging.py:328 - `use_cache=True` is incompatible with gradient checkpointing. Setting `use_cache=False`...
2025-12-08 21:09:35,197 - src.train - INFO - train.py:74 - Using device: cuda
2025-12-08 21:09:35,520 - src.train - INFO - train.py:146 - ✗ TF32 not available (GPU compute capability < 8.0)
2025-12-08 21:09:35,520 - src.train - INFO - train.py:150 - ✓ cuDNN benchmark enabled
2025-12-08 21:09:35,520 - src.train - INFO - train.py:157 - Loading base model from /root/.cache/modelscope/hub/models/ZhipuAI/chatglm3-6b...
2025-12-08 21:10:50,510 - src.train - INFO - train.py:77 - Using device: cuda
2025-12-08 21:10:50,780 - src.train - INFO - train.py:149 - ✗ TF32 not available (GPU compute capability < 8.0)
2025-12-08 21:10:50,780 - src.train - INFO - train.py:153 - ✓ cuDNN benchmark enabled
2025-12-08 21:10:50,780 - src.train - INFO - train.py:160 - Loading base model from /root/.cache/modelscope/hub/models/ZhipuAI/chatglm3-6b...
2025-12-08 21:11:19,469 - src.train - INFO - train.py:77 - Using device: cuda
2025-12-08 21:11:19,771 - src.train - INFO - train.py:149 - ✗ TF32 not available (GPU compute capability < 8.0)
2025-12-08 21:11:19,771 - src.train - INFO - train.py:153 - ✓ cuDNN benchmark enabled
2025-12-08 21:11:19,771 - src.train - INFO - train.py:160 - Loading base model from /root/.cache/modelscope/hub/models/ZhipuAI/chatglm3-6b...
2025-12-08 21:11:54,438 - src.train - INFO - train.py:77 - Using device: cuda
2025-12-08 21:11:54,804 - src.train - INFO - train.py:149 - ✗ TF32 not available (GPU compute capability < 8.0)
2025-12-08 21:11:54,804 - src.train - INFO - train.py:153 - ✓ cuDNN benchmark enabled
2025-12-08 21:11:54,804 - src.train - INFO - train.py:160 - Loading base model from /root/.cache/modelscope/hub/models/ZhipuAI/chatglm3-6b...
2025-12-08 21:13:04,354 - src.train - INFO - train.py:67 - Using device: cuda
2025-12-08 21:13:04,630 - src.train - INFO - train.py:139 - ✗ TF32 not available (GPU compute capability < 8.0)
2025-12-08 21:13:04,631 - src.train - INFO - train.py:143 - ✓ cuDNN benchmark enabled
2025-12-08 21:13:04,631 - src.train - INFO - train.py:150 - Loading base model from /root/.cache/modelscope/hub/models/ZhipuAI/chatglm3-6b...
2025-12-08 21:14:24,428 - src.train - INFO - train.py:83 - Using device: cuda
2025-12-08 21:14:24,688 - src.train - INFO - train.py:155 - ✗ TF32 not available (GPU compute capability < 8.0)
2025-12-08 21:14:24,688 - src.train - INFO - train.py:159 - ✓ cuDNN benchmark enabled
2025-12-08 21:14:24,688 - src.train - INFO - train.py:166 - Loading base model from /root/.cache/modelscope/hub/models/ZhipuAI/chatglm3-6b...
2025-12-08 21:15:46,655 - src.train - INFO - train.py:83 - Using device: cuda
2025-12-08 21:15:46,930 - src.train - INFO - train.py:155 - ✗ TF32 not available (GPU compute capability < 8.0)
2025-12-08 21:15:46,930 - src.train - INFO - train.py:159 - ✓ cuDNN benchmark enabled
2025-12-08 21:15:46,930 - src.train - INFO - train.py:166 - Loading base model from /root/.cache/modelscope/hub/models/ZhipuAI/chatglm3-6b...
2025-12-08 21:17:24,628 - src.train - INFO - train.py:83 - Using device: cuda
2025-12-08 21:17:24,943 - src.train - INFO - train.py:155 - ✗ TF32 not available (GPU compute capability < 8.0)
2025-12-08 21:17:24,943 - src.train - INFO - train.py:159 - ✓ cuDNN benchmark enabled
2025-12-08 21:17:24,943 - src.train - INFO - train.py:166 - Loading base model from /root/.cache/modelscope/hub/models/ZhipuAI/chatglm3-6b...
2025-12-08 21:18:45,250 - src.train - INFO - train.py:68 - Using device: cuda
2025-12-08 21:18:45,578 - src.train - INFO - train.py:137 - Loading base model from /root/.cache/modelscope/hub/models/ZhipuAI/chatglm3-6b...
2025-12-08 21:18:45,916 - accelerate.utils.modeling - INFO - modeling.py:987 - We will use 90% of the memory on device 0 for storing the model, and 10% for the buffer to avoid OOM. You can set `max_memory` in to a higher value to use more memory (at your own risk).
2025-12-08 21:18:48,843 - src.train - INFO - train.py:145 - Base model loaded in torch.float16
2025-12-08 21:18:48,843 - src.train - INFO - train.py:163 - ✓ Gradient checkpointing disabled (faster training)
2025-12-08 21:18:48,843 - src.train - INFO - train.py:167 -   - use_cache=True (enabled for speed)
2025-12-08 21:18:48,955 - src.train - INFO - train.py:190 - ============================================================
2025-12-08 21:18:48,955 - src.train - INFO - train.py:191 - LoRA Configuration:
2025-12-08 21:18:48,955 - src.train - INFO - train.py:192 -   - Rank (r): 8
2025-12-08 21:18:48,955 - src.train - INFO - train.py:193 -   - Alpha: 32
2025-12-08 21:18:48,955 - src.train - INFO - train.py:194 -   - Target modules: {'query_key_value'}
2025-12-08 21:18:48,955 - src.train - INFO - train.py:195 -   - Dropout: 0.1
2025-12-08 21:18:48,955 - src.train - INFO - train.py:196 - ============================================================
2025-12-08 21:18:48,955 - src.train - INFO - train.py:197 - Model Statistics:
2025-12-08 21:18:48,956 - src.train - INFO - train.py:198 -   - Total parameters: 6,245,533,696
2025-12-08 21:18:48,956 - src.train - INFO - train.py:199 -   - Trainable parameters: 1,949,696
2025-12-08 21:18:48,956 - src.train - INFO - train.py:200 -   - Trainable %: 0.03%
2025-12-08 21:18:48,956 - src.train - INFO - train.py:201 - ============================================================
2025-12-08 21:18:48,956 - src.train - INFO - train.py:205 - GPU Memory allocated: 11.64 GB
2025-12-08 21:18:48,957 - src.train - INFO - train.py:206 - GPU Memory reserved: 11.64 GB
2025-12-08 21:18:49,455 - src.data.dataset - INFO - dataset.py:139 - Loaded 118940 samples from data/train.json
2025-12-08 21:18:49,611 - src.data.dataset - INFO - dataset.py:81 - Loading tokenizer from /root/.cache/modelscope/hub/models/ZhipuAI/chatglm3-6b
2025-12-08 21:18:49,862 - src.data.dataset - INFO - dataset.py:96 - Tokenizer loaded. pad_token_id: 0
2025-12-08 21:18:49,862 - src.data.dataset - INFO - dataset.py:333 - DataLoader config: pad_token_id=0, max_length=128
2025-12-08 21:18:49,915 - src.data.dataset - INFO - dataset.py:139 - Loaded 14867 samples from data/val.json
2025-12-08 21:18:49,931 - src.data.dataset - INFO - dataset.py:81 - Loading tokenizer from /root/.cache/modelscope/hub/models/ZhipuAI/chatglm3-6b
2025-12-08 21:18:50,173 - src.data.dataset - INFO - dataset.py:96 - Tokenizer loaded. pad_token_id: 0
2025-12-08 21:18:50,173 - src.data.dataset - INFO - dataset.py:333 - DataLoader config: pad_token_id=0, max_length=128
2025-12-08 21:18:50,174 - src.train - INFO - train.py:244 - Train dataset size: 118940
2025-12-08 21:18:50,174 - src.train - INFO - train.py:245 - Val dataset size: 14867
2025-12-08 21:18:50,174 - src.train - INFO - train.py:246 - Train batches per epoch: 14868
2025-12-08 21:18:50,180 - src.train - INFO - train.py:291 - Total training steps: 148680
2025-12-08 21:18:50,180 - src.train - INFO - train.py:292 - Warmup steps: 14868
2025-12-08 21:18:51,143 - src.train - INFO - train.py:303 - 
==================================================
2025-12-08 21:18:51,143 - src.train - INFO - train.py:304 - Epoch 1/10
2025-12-08 21:18:51,143 - src.train - INFO - train.py:305 - ==================================================
2025-12-08 21:21:31,729 - src.train - INFO - train.py:68 - Using device: cuda
2025-12-08 21:21:32,025 - src.train - INFO - train.py:137 - Loading base model from /root/.cache/modelscope/hub/models/ZhipuAI/chatglm3-6b...
2025-12-08 21:21:32,333 - accelerate.utils.modeling - INFO - modeling.py:987 - We will use 90% of the memory on device 0 for storing the model, and 10% for the buffer to avoid OOM. You can set `max_memory` in to a higher value to use more memory (at your own risk).
2025-12-08 21:21:36,880 - src.train - INFO - train.py:145 - Base model loaded in torch.float16
2025-12-08 21:21:36,881 - src.train - INFO - train.py:163 - ✓ Gradient checkpointing disabled (faster training)
2025-12-08 21:21:36,881 - src.train - INFO - train.py:167 -   - use_cache=True (enabled for speed)
2025-12-08 21:21:36,987 - src.train - INFO - train.py:190 - ============================================================
2025-12-08 21:21:36,987 - src.train - INFO - train.py:191 - LoRA Configuration:
2025-12-08 21:21:36,987 - src.train - INFO - train.py:192 -   - Rank (r): 8
2025-12-08 21:21:36,987 - src.train - INFO - train.py:193 -   - Alpha: 32
2025-12-08 21:21:36,987 - src.train - INFO - train.py:194 -   - Target modules: {'query_key_value'}
2025-12-08 21:21:36,987 - src.train - INFO - train.py:195 -   - Dropout: 0.1
2025-12-08 21:21:36,987 - src.train - INFO - train.py:196 - ============================================================
2025-12-08 21:21:36,988 - src.train - INFO - train.py:197 - Model Statistics:
2025-12-08 21:21:36,988 - src.train - INFO - train.py:198 -   - Total parameters: 6,245,533,696
2025-12-08 21:21:36,988 - src.train - INFO - train.py:199 -   - Trainable parameters: 1,949,696
2025-12-08 21:21:36,988 - src.train - INFO - train.py:200 -   - Trainable %: 0.03%
2025-12-08 21:21:36,988 - src.train - INFO - train.py:201 - ============================================================
2025-12-08 21:21:36,988 - src.train - INFO - train.py:205 - GPU Memory allocated: 11.64 GB
2025-12-08 21:21:36,988 - src.train - INFO - train.py:206 - GPU Memory reserved: 11.64 GB
2025-12-08 21:21:37,417 - src.data.dataset - INFO - dataset.py:139 - Loaded 118940 samples from data/train.json
2025-12-08 21:21:37,548 - src.data.dataset - INFO - dataset.py:81 - Loading tokenizer from /root/.cache/modelscope/hub/models/ZhipuAI/chatglm3-6b
2025-12-08 21:21:37,754 - src.data.dataset - INFO - dataset.py:96 - Tokenizer loaded. pad_token_id: 0
2025-12-08 21:21:37,754 - src.data.dataset - INFO - dataset.py:333 - DataLoader config: pad_token_id=0, max_length=128
2025-12-08 21:21:37,798 - src.data.dataset - INFO - dataset.py:139 - Loaded 14867 samples from data/val.json
2025-12-08 21:21:37,813 - src.data.dataset - INFO - dataset.py:81 - Loading tokenizer from /root/.cache/modelscope/hub/models/ZhipuAI/chatglm3-6b
2025-12-08 21:21:38,015 - src.data.dataset - INFO - dataset.py:96 - Tokenizer loaded. pad_token_id: 0
2025-12-08 21:21:38,016 - src.data.dataset - INFO - dataset.py:333 - DataLoader config: pad_token_id=0, max_length=128
2025-12-08 21:21:38,016 - src.train - INFO - train.py:244 - Train dataset size: 118940
2025-12-08 21:21:38,016 - src.train - INFO - train.py:245 - Val dataset size: 14867
2025-12-08 21:21:38,016 - src.train - INFO - train.py:246 - Train batches per epoch: 7434
2025-12-08 21:21:38,021 - src.train - INFO - train.py:291 - Total training steps: 74340
2025-12-08 21:21:38,021 - src.train - INFO - train.py:292 - Warmup steps: 7434
2025-12-08 21:21:38,910 - src.train - INFO - train.py:303 - 
==================================================
2025-12-08 21:21:38,911 - src.train - INFO - train.py:304 - Epoch 1/10
2025-12-08 21:21:38,911 - src.train - INFO - train.py:305 - ==================================================
2025-12-08 21:30:30,954 - src.data.dataset - INFO - dataset.py:184 - Saved cache with 5000 items
2025-12-08 21:30:31,273 - src.data.dataset - INFO - dataset.py:184 - Saved cache with 5000 items
2025-12-08 21:30:31,763 - src.data.dataset - INFO - dataset.py:184 - Saved cache with 5000 items
2025-12-08 21:30:32,257 - src.data.dataset - INFO - dataset.py:184 - Saved cache with 5000 items
2025-12-08 21:32:16,828 - src.data.dataset - INFO - dataset.py:184 - Saved cache with 6001 items
2025-12-08 21:32:17,271 - src.data.dataset - INFO - dataset.py:184 - Saved cache with 6001 items
2025-12-08 21:32:17,593 - src.data.dataset - INFO - dataset.py:184 - Saved cache with 6001 items
2025-12-08 21:32:17,909 - src.data.dataset - INFO - dataset.py:184 - Saved cache with 6001 items
2025-12-08 21:34:30,249 - src.data.dataset - INFO - dataset.py:184 - Saved cache with 7202 items
2025-12-08 21:34:30,456 - src.data.dataset - INFO - dataset.py:184 - Saved cache with 7202 items
2025-12-08 21:34:30,900 - src.data.dataset - INFO - dataset.py:184 - Saved cache with 7202 items
2025-12-08 21:34:31,092 - src.data.dataset - INFO - dataset.py:184 - Saved cache with 7202 items
2025-12-08 21:34:58,385 - src.train - INFO - train.py:83 - Using device: cuda
2025-12-08 21:34:58,642 - src.train - INFO - train.py:155 - ✗ TF32 not available (GPU compute capability < 8.0)
2025-12-08 21:34:58,643 - src.train - INFO - train.py:159 - ✓ cuDNN benchmark enabled
2025-12-08 21:34:58,643 - src.train - INFO - train.py:166 - Loading base model from /root/.cache/modelscope/hub/models/ZhipuAI/chatglm3-6b...
2025-12-08 21:38:54,933 - src.train - INFO - train.py:69 - Using device: cuda
2025-12-08 21:38:55,263 - src.train - INFO - train.py:141 - ✗ TF32 not available (GPU compute capability < 8.0)
2025-12-08 21:38:55,263 - src.train - INFO - train.py:145 - ✓ cuDNN benchmark enabled
2025-12-08 21:38:55,263 - src.train - INFO - train.py:152 - Loading base model from /root/.cache/modelscope/hub/models/ZhipuAI/chatglm3-6b...
2025-12-08 21:38:55,645 - accelerate.utils.modeling - INFO - modeling.py:987 - We will use 90% of the memory on device 0 for storing the model, and 10% for the buffer to avoid OOM. You can set `max_memory` in to a higher value to use more memory (at your own risk).
2025-12-08 21:38:59,328 - src.train - INFO - train.py:160 - Base model loaded in torch.float16
2025-12-08 21:38:59,328 - src.train - INFO - train.py:184 - ✓ Gradient checkpointing disabled (faster training)
2025-12-08 21:38:59,329 - src.train - INFO - train.py:185 -   - use_cache=True (enabled for speed)
2025-12-08 21:38:59,441 - src.train - INFO - train.py:208 - ============================================================
2025-12-08 21:38:59,441 - src.train - INFO - train.py:209 - LoRA Configuration:
2025-12-08 21:38:59,441 - src.train - INFO - train.py:210 -   - Rank (r): 8
2025-12-08 21:38:59,442 - src.train - INFO - train.py:211 -   - Alpha: 32
2025-12-08 21:38:59,442 - src.train - INFO - train.py:212 -   - Target modules: {'query_key_value'}
2025-12-08 21:38:59,442 - src.train - INFO - train.py:213 -   - Dropout: 0.1
2025-12-08 21:38:59,442 - src.train - INFO - train.py:214 - ============================================================
2025-12-08 21:38:59,442 - src.train - INFO - train.py:215 - Model Statistics:
2025-12-08 21:38:59,442 - src.train - INFO - train.py:216 -   - Total parameters: 6,245,533,696
2025-12-08 21:38:59,442 - src.train - INFO - train.py:217 -   - Trainable parameters: 1,949,696
2025-12-08 21:38:59,442 - src.train - INFO - train.py:218 -   - Trainable %: 0.03%
2025-12-08 21:38:59,442 - src.train - INFO - train.py:219 - ============================================================
2025-12-08 21:38:59,442 - src.train - INFO - train.py:223 - GPU Memory allocated: 11.64 GB
2025-12-08 21:38:59,443 - src.train - INFO - train.py:224 - GPU Memory reserved: 11.64 GB
2025-12-08 21:38:59,967 - src.data.dataset - INFO - dataset.py:139 - Loaded 118940 samples from data/train.json
2025-12-08 21:39:00,141 - src.data.dataset - INFO - dataset.py:172 - Loaded cache with 7202 items
2025-12-08 21:39:00,141 - src.data.dataset - INFO - dataset.py:81 - Loading tokenizer from /root/.cache/modelscope/hub/models/ZhipuAI/chatglm3-6b
2025-12-08 21:39:00,376 - src.data.dataset - INFO - dataset.py:96 - Tokenizer loaded. pad_token_id: 0
2025-12-08 21:39:00,376 - src.data.dataset - INFO - dataset.py:333 - DataLoader config: pad_token_id=0, max_length=128
2025-12-08 21:39:00,434 - src.data.dataset - INFO - dataset.py:139 - Loaded 14867 samples from data/val.json
2025-12-08 21:39:00,450 - src.data.dataset - INFO - dataset.py:81 - Loading tokenizer from /root/.cache/modelscope/hub/models/ZhipuAI/chatglm3-6b
2025-12-08 21:39:00,663 - src.data.dataset - INFO - dataset.py:96 - Tokenizer loaded. pad_token_id: 0
2025-12-08 21:39:00,663 - src.data.dataset - INFO - dataset.py:333 - DataLoader config: pad_token_id=0, max_length=128
2025-12-08 21:39:00,664 - src.train - INFO - train.py:266 - Train dataset size: 118940
2025-12-08 21:39:00,664 - src.train - INFO - train.py:267 - Val dataset size: 14867
2025-12-08 21:39:00,664 - src.train - INFO - train.py:268 - Train batches per epoch: 7434
2025-12-08 21:39:00,668 - src.train - INFO - train.py:310 - Total training steps: 74340
2025-12-08 21:39:00,668 - src.train - INFO - train.py:311 - Warmup steps: 7434
2025-12-08 21:39:01,573 - src.train - INFO - train.py:322 - 
==================================================
2025-12-08 21:39:01,574 - src.train - INFO - train.py:323 - Epoch 1/10
2025-12-08 21:39:01,574 - src.train - INFO - train.py:324 - ==================================================
2025-12-08 21:40:32,080 - src.train - INFO - train.py:69 - Using device: cuda
2025-12-08 21:40:32,333 - src.train - INFO - train.py:141 - ✗ TF32 not available (GPU compute capability < 8.0)
2025-12-08 21:40:32,333 - src.train - INFO - train.py:145 - ✓ cuDNN benchmark enabled
2025-12-08 21:40:32,333 - src.train - INFO - train.py:152 - Loading base model from /root/.cache/modelscope/hub/models/ZhipuAI/chatglm3-6b...
2025-12-08 21:40:32,634 - accelerate.utils.modeling - INFO - modeling.py:987 - We will use 90% of the memory on device 0 for storing the model, and 10% for the buffer to avoid OOM. You can set `max_memory` in to a higher value to use more memory (at your own risk).
2025-12-08 21:40:37,159 - src.train - INFO - train.py:160 - Base model loaded in torch.float16
2025-12-08 21:40:37,160 - src.train - INFO - train.py:184 - ✓ Gradient checkpointing disabled (faster training)
2025-12-08 21:40:37,160 - src.train - INFO - train.py:185 -   - use_cache=True (enabled for speed)
2025-12-08 21:40:37,259 - src.train - INFO - train.py:208 - ============================================================
2025-12-08 21:40:37,259 - src.train - INFO - train.py:209 - LoRA Configuration:
2025-12-08 21:40:37,259 - src.train - INFO - train.py:210 -   - Rank (r): 8
2025-12-08 21:40:37,259 - src.train - INFO - train.py:211 -   - Alpha: 32
2025-12-08 21:40:37,259 - src.train - INFO - train.py:212 -   - Target modules: {'query_key_value'}
2025-12-08 21:40:37,259 - src.train - INFO - train.py:213 -   - Dropout: 0.1
2025-12-08 21:40:37,259 - src.train - INFO - train.py:214 - ============================================================
2025-12-08 21:40:37,259 - src.train - INFO - train.py:215 - Model Statistics:
2025-12-08 21:40:37,259 - src.train - INFO - train.py:216 -   - Total parameters: 6,245,533,696
2025-12-08 21:40:37,260 - src.train - INFO - train.py:217 -   - Trainable parameters: 1,949,696
2025-12-08 21:40:37,260 - src.train - INFO - train.py:218 -   - Trainable %: 0.03%
2025-12-08 21:40:37,260 - src.train - INFO - train.py:219 - ============================================================
2025-12-08 21:40:37,260 - src.train - INFO - train.py:223 - GPU Memory allocated: 11.64 GB
2025-12-08 21:40:37,260 - src.train - INFO - train.py:224 - GPU Memory reserved: 11.64 GB
2025-12-08 21:40:37,695 - src.data.dataset - INFO - dataset.py:139 - Loaded 118940 samples from data/train.json
2025-12-08 21:40:37,823 - src.data.dataset - INFO - dataset.py:172 - Loaded cache with 7202 items
2025-12-08 21:40:37,823 - src.data.dataset - INFO - dataset.py:81 - Loading tokenizer from /root/.cache/modelscope/hub/models/ZhipuAI/chatglm3-6b
2025-12-08 21:40:38,034 - src.data.dataset - INFO - dataset.py:96 - Tokenizer loaded. pad_token_id: 0
2025-12-08 21:40:38,034 - src.data.dataset - INFO - dataset.py:333 - DataLoader config: pad_token_id=0, max_length=128
2025-12-08 21:40:38,101 - src.data.dataset - INFO - dataset.py:139 - Loaded 14867 samples from data/val.json
2025-12-08 21:40:38,116 - src.data.dataset - INFO - dataset.py:81 - Loading tokenizer from /root/.cache/modelscope/hub/models/ZhipuAI/chatglm3-6b
2025-12-08 21:40:38,317 - src.data.dataset - INFO - dataset.py:96 - Tokenizer loaded. pad_token_id: 0
2025-12-08 21:40:38,318 - src.data.dataset - INFO - dataset.py:333 - DataLoader config: pad_token_id=0, max_length=128
2025-12-08 21:40:38,318 - src.train - INFO - train.py:266 - Train dataset size: 118940
2025-12-08 21:40:38,318 - src.train - INFO - train.py:267 - Val dataset size: 14867
2025-12-08 21:40:38,318 - src.train - INFO - train.py:268 - Train batches per epoch: 4956
2025-12-08 21:40:38,321 - src.train - INFO - train.py:310 - Total training steps: 49560
2025-12-08 21:40:38,321 - src.train - INFO - train.py:311 - Warmup steps: 4956
2025-12-08 21:40:39,148 - src.train - INFO - train.py:322 - 
==================================================
2025-12-08 21:40:39,148 - src.train - INFO - train.py:323 - Epoch 1/10
2025-12-08 21:40:39,148 - src.train - INFO - train.py:324 - ==================================================
2025-12-08 21:44:34,385 - src.train - INFO - train.py:69 - Using device: cuda
2025-12-08 21:44:34,660 - src.train - INFO - train.py:141 - ✗ TF32 not available (GPU compute capability < 8.0)
2025-12-08 21:44:34,661 - src.train - INFO - train.py:145 - ✓ cuDNN benchmark enabled
2025-12-08 21:44:34,661 - src.train - INFO - train.py:152 - Loading base model from /root/.cache/modelscope/hub/models/ZhipuAI/chatglm3-6b...
2025-12-08 21:44:35,025 - accelerate.utils.modeling - INFO - modeling.py:987 - We will use 90% of the memory on device 0 for storing the model, and 10% for the buffer to avoid OOM. You can set `max_memory` in to a higher value to use more memory (at your own risk).
2025-12-08 21:44:39,750 - src.train - INFO - train.py:160 - Base model loaded in torch.float16
2025-12-08 21:44:39,751 - src.train - INFO - train.py:184 - ✓ Gradient checkpointing disabled (faster training)
2025-12-08 21:44:39,751 - src.train - INFO - train.py:185 -   - use_cache=True (enabled for speed)
2025-12-08 21:44:39,866 - src.train - INFO - train.py:208 - ============================================================
2025-12-08 21:44:39,866 - src.train - INFO - train.py:209 - LoRA Configuration:
2025-12-08 21:44:39,866 - src.train - INFO - train.py:210 -   - Rank (r): 8
2025-12-08 21:44:39,866 - src.train - INFO - train.py:211 -   - Alpha: 32
2025-12-08 21:44:39,866 - src.train - INFO - train.py:212 -   - Target modules: {'query_key_value'}
2025-12-08 21:44:39,866 - src.train - INFO - train.py:213 -   - Dropout: 0.1
2025-12-08 21:44:39,866 - src.train - INFO - train.py:214 - ============================================================
2025-12-08 21:44:39,866 - src.train - INFO - train.py:215 - Model Statistics:
2025-12-08 21:44:39,866 - src.train - INFO - train.py:216 -   - Total parameters: 6,245,533,696
2025-12-08 21:44:39,866 - src.train - INFO - train.py:217 -   - Trainable parameters: 1,949,696
2025-12-08 21:44:39,866 - src.train - INFO - train.py:218 -   - Trainable %: 0.03%
2025-12-08 21:44:39,866 - src.train - INFO - train.py:219 - ============================================================
2025-12-08 21:44:39,867 - src.train - INFO - train.py:223 - GPU Memory allocated: 11.64 GB
2025-12-08 21:44:39,867 - src.train - INFO - train.py:224 - GPU Memory reserved: 11.64 GB
2025-12-08 21:44:40,335 - src.data.dataset - INFO - dataset.py:139 - Loaded 118940 samples from data/train.json
2025-12-08 21:44:40,460 - src.data.dataset - INFO - dataset.py:172 - Loaded cache with 7202 items
2025-12-08 21:44:40,461 - src.data.dataset - INFO - dataset.py:81 - Loading tokenizer from /root/.cache/modelscope/hub/models/ZhipuAI/chatglm3-6b
2025-12-08 21:44:40,674 - src.data.dataset - INFO - dataset.py:96 - Tokenizer loaded. pad_token_id: 0
2025-12-08 21:44:40,674 - src.data.dataset - INFO - dataset.py:333 - DataLoader config: pad_token_id=0, max_length=128
2025-12-08 21:44:40,726 - src.data.dataset - INFO - dataset.py:139 - Loaded 14867 samples from data/val.json
2025-12-08 21:44:40,741 - src.data.dataset - INFO - dataset.py:81 - Loading tokenizer from /root/.cache/modelscope/hub/models/ZhipuAI/chatglm3-6b
2025-12-08 21:44:40,964 - src.data.dataset - INFO - dataset.py:96 - Tokenizer loaded. pad_token_id: 0
2025-12-08 21:44:40,964 - src.data.dataset - INFO - dataset.py:333 - DataLoader config: pad_token_id=0, max_length=128
2025-12-08 21:44:40,964 - src.train - INFO - train.py:266 - Train dataset size: 118940
2025-12-08 21:44:40,965 - src.train - INFO - train.py:267 - Val dataset size: 14867
2025-12-08 21:44:40,965 - src.train - INFO - train.py:268 - Train batches per epoch: 7434
2025-12-08 21:44:40,968 - src.train - INFO - train.py:310 - Total training steps: 11151
2025-12-08 21:44:40,968 - src.train - INFO - train.py:311 - Warmup steps: 557
2025-12-08 21:44:41,823 - src.train - INFO - train.py:322 - 
==================================================
2025-12-08 21:44:41,823 - src.train - INFO - train.py:323 - Epoch 1/3
2025-12-08 21:44:41,823 - src.train - INFO - train.py:324 - ==================================================
2025-12-08 21:46:49,646 - src.train - INFO - train.py:69 - Using device: cuda
2025-12-08 21:46:49,953 - src.train - INFO - train.py:141 - ✗ TF32 not available (GPU compute capability < 8.0)
2025-12-08 21:46:49,954 - src.train - INFO - train.py:145 - ✓ cuDNN benchmark enabled
2025-12-08 21:46:49,954 - src.train - INFO - train.py:152 - Loading base model from /root/.cache/modelscope/hub/models/ZhipuAI/chatglm3-6b...
2025-12-08 21:46:50,276 - accelerate.utils.modeling - INFO - modeling.py:987 - We will use 90% of the memory on device 0 for storing the model, and 10% for the buffer to avoid OOM. You can set `max_memory` in to a higher value to use more memory (at your own risk).
2025-12-08 21:46:54,014 - src.train - INFO - train.py:160 - Base model loaded in torch.float16
2025-12-08 21:46:54,014 - src.train - INFO - train.py:184 - ✓ Gradient checkpointing disabled (faster training)
2025-12-08 21:46:54,014 - src.train - INFO - train.py:185 -   - use_cache=True (enabled for speed)
2025-12-08 21:46:54,117 - src.train - INFO - train.py:208 - ============================================================
2025-12-08 21:46:54,117 - src.train - INFO - train.py:209 - LoRA Configuration:
2025-12-08 21:46:54,117 - src.train - INFO - train.py:210 -   - Rank (r): 8
2025-12-08 21:46:54,117 - src.train - INFO - train.py:211 -   - Alpha: 32
2025-12-08 21:46:54,117 - src.train - INFO - train.py:212 -   - Target modules: {'query_key_value'}
2025-12-08 21:46:54,117 - src.train - INFO - train.py:213 -   - Dropout: 0.1
2025-12-08 21:46:54,117 - src.train - INFO - train.py:214 - ============================================================
2025-12-08 21:46:54,117 - src.train - INFO - train.py:215 - Model Statistics:
2025-12-08 21:46:54,117 - src.train - INFO - train.py:216 -   - Total parameters: 6,245,533,696
2025-12-08 21:46:54,117 - src.train - INFO - train.py:217 -   - Trainable parameters: 1,949,696
2025-12-08 21:46:54,117 - src.train - INFO - train.py:218 -   - Trainable %: 0.03%
2025-12-08 21:46:54,117 - src.train - INFO - train.py:219 - ============================================================
2025-12-08 21:46:54,118 - src.train - INFO - train.py:223 - GPU Memory allocated: 11.64 GB
2025-12-08 21:46:54,118 - src.train - INFO - train.py:224 - GPU Memory reserved: 11.64 GB
2025-12-08 21:46:54,589 - src.data.dataset - INFO - dataset.py:139 - Loaded 118940 samples from data/train.json
2025-12-08 21:46:54,760 - src.data.dataset - INFO - dataset.py:172 - Loaded cache with 7202 items
2025-12-08 21:46:54,761 - src.data.dataset - INFO - dataset.py:81 - Loading tokenizer from /root/.cache/modelscope/hub/models/ZhipuAI/chatglm3-6b
2025-12-08 21:46:54,969 - src.data.dataset - INFO - dataset.py:96 - Tokenizer loaded. pad_token_id: 0
2025-12-08 21:46:54,969 - src.data.dataset - INFO - dataset.py:333 - DataLoader config: pad_token_id=0, max_length=128
2025-12-08 21:46:55,025 - src.data.dataset - INFO - dataset.py:139 - Loaded 14867 samples from data/val.json
2025-12-08 21:46:55,041 - src.data.dataset - INFO - dataset.py:81 - Loading tokenizer from /root/.cache/modelscope/hub/models/ZhipuAI/chatglm3-6b
2025-12-08 21:46:55,242 - src.data.dataset - INFO - dataset.py:96 - Tokenizer loaded. pad_token_id: 0
2025-12-08 21:46:55,242 - src.data.dataset - INFO - dataset.py:333 - DataLoader config: pad_token_id=0, max_length=128
2025-12-08 21:46:55,243 - src.train - INFO - train.py:266 - Train dataset size: 118940
2025-12-08 21:46:55,243 - src.train - INFO - train.py:267 - Val dataset size: 14867
2025-12-08 21:46:55,243 - src.train - INFO - train.py:268 - Train batches per epoch: 7434
2025-12-08 21:46:55,246 - src.train - INFO - train.py:310 - Total training steps: 11151
2025-12-08 21:46:55,246 - src.train - INFO - train.py:311 - Warmup steps: 557
2025-12-08 21:46:56,086 - src.train - INFO - train.py:322 - 
==================================================
2025-12-08 21:46:56,086 - src.train - INFO - train.py:323 - Epoch 1/3
2025-12-08 21:46:56,086 - src.train - INFO - train.py:324 - ==================================================
2025-12-08 21:56:45,930 - src.data.dataset - INFO - dataset.py:184 - Saved cache with 8643 items
2025-12-08 21:56:46,700 - src.data.dataset - INFO - dataset.py:184 - Saved cache with 8643 items
2025-12-08 21:56:47,005 - src.data.dataset - INFO - dataset.py:184 - Saved cache with 8643 items
2025-12-08 21:56:47,962 - src.data.dataset - INFO - dataset.py:184 - Saved cache with 8643 items
2025-12-08 21:56:48,146 - src.data.dataset - INFO - dataset.py:184 - Saved cache with 8643 items
2025-12-08 21:56:48,983 - src.data.dataset - INFO - dataset.py:184 - Saved cache with 8643 items
2025-12-08 21:56:50,380 - src.data.dataset - INFO - dataset.py:184 - Saved cache with 8643 items
2025-12-08 21:56:50,637 - src.data.dataset - INFO - dataset.py:184 - Saved cache with 8643 items
2025-12-08 21:56:51,062 - src.data.dataset - INFO - dataset.py:184 - Saved cache with 8643 items
2025-12-08 21:56:51,863 - src.data.dataset - INFO - dataset.py:184 - Saved cache with 8643 items
2025-12-08 21:56:52,340 - src.data.dataset - INFO - dataset.py:184 - Saved cache with 8643 items
2025-12-08 21:56:53,064 - src.data.dataset - INFO - dataset.py:184 - Saved cache with 8643 items
2025-12-08 22:08:45,162 - src.data.dataset - INFO - dataset.py:184 - Saved cache with 10372 items
2025-12-08 22:08:45,415 - src.data.dataset - INFO - dataset.py:184 - Saved cache with 10372 items
2025-12-08 22:08:45,890 - src.data.dataset - INFO - dataset.py:184 - Saved cache with 10372 items
2025-12-08 22:08:46,591 - src.data.dataset - INFO - dataset.py:184 - Saved cache with 10372 items
2025-12-08 22:08:46,959 - src.data.dataset - INFO - dataset.py:184 - Saved cache with 10372 items
2025-12-08 22:08:47,723 - src.data.dataset - INFO - dataset.py:184 - Saved cache with 10372 items
2025-12-08 22:08:49,209 - src.data.dataset - INFO - dataset.py:184 - Saved cache with 10372 items
2025-12-08 22:08:49,472 - src.data.dataset - INFO - dataset.py:184 - Saved cache with 10372 items
2025-12-08 22:08:49,780 - src.data.dataset - INFO - dataset.py:184 - Saved cache with 10372 items
2025-12-08 22:08:50,763 - src.data.dataset - INFO - dataset.py:184 - Saved cache with 10372 items
2025-12-08 22:08:51,061 - src.data.dataset - INFO - dataset.py:184 - Saved cache with 10372 items
2025-12-08 22:08:51,374 - src.data.dataset - INFO - dataset.py:184 - Saved cache with 10372 items
2025-12-08 22:09:17,862 - src.data.dataset - INFO - dataset.py:184 - Saved cache with 8643 items
2025-12-08 22:09:19,826 - src.data.dataset - INFO - dataset.py:184 - Saved cache with 8643 items
2025-12-08 22:09:21,218 - src.data.dataset - INFO - dataset.py:184 - Saved cache with 8643 items
2025-12-08 22:09:23,075 - src.data.dataset - INFO - dataset.py:184 - Saved cache with 8643 items
2025-12-08 22:21:26,035 - src.data.dataset - INFO - dataset.py:184 - Saved cache with 10372 items
2025-12-08 22:21:28,214 - src.data.dataset - INFO - dataset.py:184 - Saved cache with 10372 items
2025-12-08 22:21:29,924 - src.data.dataset - INFO - dataset.py:184 - Saved cache with 10372 items
2025-12-08 22:21:31,209 - src.data.dataset - INFO - dataset.py:184 - Saved cache with 10372 items
2025-12-08 22:23:10,498 - src.data.dataset - INFO - dataset.py:184 - Saved cache with 12447 items
2025-12-08 22:23:10,813 - src.data.dataset - INFO - dataset.py:184 - Saved cache with 12447 items
2025-12-08 22:23:11,027 - src.data.dataset - INFO - dataset.py:184 - Saved cache with 12447 items
2025-12-08 22:23:12,182 - src.data.dataset - INFO - dataset.py:184 - Saved cache with 12447 items
2025-12-08 22:23:12,835 - src.data.dataset - INFO - dataset.py:184 - Saved cache with 12447 items
2025-12-08 22:23:13,219 - src.data.dataset - INFO - dataset.py:184 - Saved cache with 12447 items
2025-12-08 22:23:14,013 - src.data.dataset - INFO - dataset.py:184 - Saved cache with 12447 items
2025-12-08 22:23:14,328 - src.data.dataset - INFO - dataset.py:184 - Saved cache with 12447 items
2025-12-08 22:23:14,714 - src.data.dataset - INFO - dataset.py:184 - Saved cache with 12447 items
2025-12-08 22:23:15,196 - src.data.dataset - INFO - dataset.py:184 - Saved cache with 12447 items
2025-12-08 22:23:15,464 - src.data.dataset - INFO - dataset.py:184 - Saved cache with 12447 items
2025-12-08 22:23:15,775 - src.data.dataset - INFO - dataset.py:184 - Saved cache with 12447 items
2025-12-08 22:35:33,346 - src.data.dataset - INFO - dataset.py:184 - Saved cache with 12447 items
2025-12-08 22:35:35,463 - src.data.dataset - INFO - dataset.py:184 - Saved cache with 12447 items
2025-12-08 22:35:37,366 - src.data.dataset - INFO - dataset.py:184 - Saved cache with 12447 items
2025-12-08 22:35:38,794 - src.data.dataset - INFO - dataset.py:184 - Saved cache with 12447 items
2025-12-08 22:42:14,321 - src.train - INFO - train.py:333 - Train Loss: nan
2025-12-08 22:42:14,325 - src.train - INFO - train.py:334 - Val Loss: nan
2025-12-08 22:42:14,416 - src.train - INFO - train.py:507 - LoRA weights saved to: checkpoints/checkpoint_epoch_1
2025-12-08 22:42:14,416 - src.train - INFO - train.py:508 - Training state saved to: checkpoints/checkpoint_epoch_1/training_state.pt
2025-12-08 22:42:14,416 - src.train - INFO - train.py:322 - 
==================================================
2025-12-08 22:42:14,416 - src.train - INFO - train.py:323 - Epoch 2/3
2025-12-08 22:42:14,416 - src.train - INFO - train.py:324 - ==================================================
2025-12-08 22:44:14,352 - src.data.dataset - INFO - dataset.py:184 - Saved cache with 14937 items
2025-12-08 22:44:16,673 - src.data.dataset - INFO - dataset.py:184 - Saved cache with 14937 items
2025-12-08 22:44:17,057 - src.data.dataset - INFO - dataset.py:184 - Saved cache with 14937 items
2025-12-08 22:44:20,067 - src.data.dataset - INFO - dataset.py:184 - Saved cache with 14937 items
2025-12-08 22:44:20,327 - src.data.dataset - INFO - dataset.py:184 - Saved cache with 14937 items
2025-12-08 22:44:21,080 - src.data.dataset - INFO - dataset.py:184 - Saved cache with 14937 items
2025-12-08 22:44:21,601 - src.data.dataset - INFO - dataset.py:184 - Saved cache with 14937 items
2025-12-08 22:44:22,631 - src.data.dataset - INFO - dataset.py:184 - Saved cache with 14937 items
2025-12-08 22:44:25,263 - src.data.dataset - INFO - dataset.py:184 - Saved cache with 14937 items
2025-12-08 22:44:31,168 - src.data.dataset - INFO - dataset.py:184 - Saved cache with 14937 items
2025-12-08 22:44:31,752 - src.data.dataset - INFO - dataset.py:184 - Saved cache with 14937 items
2025-12-08 22:44:32,410 - src.data.dataset - INFO - dataset.py:184 - Saved cache with 14937 items
2025-12-08 22:58:12,903 - src.data.dataset - INFO - dataset.py:184 - Saved cache with 14937 items
2025-12-08 22:58:16,403 - src.data.dataset - INFO - dataset.py:184 - Saved cache with 14937 items
2025-12-08 22:58:17,722 - src.data.dataset - INFO - dataset.py:184 - Saved cache with 14937 items
2025-12-08 22:58:28,293 - src.data.dataset - INFO - dataset.py:184 - Saved cache with 14937 items
2025-12-08 23:07:47,387 - src.data.dataset - INFO - dataset.py:184 - Saved cache with 17925 items
2025-12-08 23:07:51,912 - src.data.dataset - INFO - dataset.py:184 - Saved cache with 17925 items
2025-12-08 23:07:52,298 - src.data.dataset - INFO - dataset.py:184 - Saved cache with 17925 items
2025-12-08 23:07:53,495 - src.data.dataset - INFO - dataset.py:184 - Saved cache with 17925 items
2025-12-08 23:07:54,283 - src.data.dataset - INFO - dataset.py:184 - Saved cache with 17925 items
2025-12-08 23:07:55,802 - src.data.dataset - INFO - dataset.py:184 - Saved cache with 17925 items
2025-12-08 23:08:10,802 - src.data.dataset - INFO - dataset.py:184 - Saved cache with 17925 items
2025-12-08 23:08:12,249 - src.data.dataset - INFO - dataset.py:184 - Saved cache with 17925 items
2025-12-08 23:08:12,620 - src.data.dataset - INFO - dataset.py:184 - Saved cache with 17925 items
2025-12-08 23:08:12,912 - src.data.dataset - INFO - dataset.py:184 - Saved cache with 17925 items
2025-12-08 23:08:13,539 - src.data.dataset - INFO - dataset.py:184 - Saved cache with 17925 items
2025-12-08 23:08:16,612 - src.data.dataset - INFO - dataset.py:184 - Saved cache with 17925 items
2025-12-08 23:21:06,592 - src.data.dataset - INFO - dataset.py:184 - Saved cache with 17925 items
2025-12-08 23:21:14,475 - src.data.dataset - INFO - dataset.py:184 - Saved cache with 17925 items
2025-12-08 23:21:20,129 - src.data.dataset - INFO - dataset.py:184 - Saved cache with 17925 items
2025-12-08 23:21:24,248 - src.data.dataset - INFO - dataset.py:184 - Saved cache with 17925 items
2025-12-08 23:37:03,195 - src.train - INFO - train.py:333 - Train Loss: nan
2025-12-08 23:37:03,198 - src.train - INFO - train.py:334 - Val Loss: nan
2025-12-08 23:37:03,198 - src.train - INFO - train.py:369 - Early stopping triggered after 2 epochs
2025-12-08 23:37:03,198 - src.train - INFO - train.py:382 - 
==================================================
2025-12-08 23:37:03,198 - src.train - INFO - train.py:383 - Training completed!
2025-12-08 23:37:03,198 - src.train - INFO - train.py:384 - Best Val Loss: inf
2025-12-08 23:37:03,198 - src.train - INFO - train.py:385 - Best Model: None
2025-12-08 23:37:03,198 - src.train - INFO - train.py:386 - ==================================================
2025-12-12 14:41:24,708 - src.train - INFO - train.py:61 - Using device: cuda
2025-12-12 14:41:25,146 - src.train - INFO - train.py:133 - ✗ TF32 not available (GPU compute capability < 8.0)
2025-12-12 14:41:25,146 - src.train - INFO - train.py:137 - ✓ cuDNN benchmark enabled
2025-12-12 14:41:25,146 - src.train - INFO - train.py:144 - Loading base model from /root/.cache/modelscope/hub/models/ZhipuAI/chatglm3-6b...
2025-12-12 14:41:25,454 - accelerate.utils.modeling - INFO - modeling.py:987 - We will use 90% of the memory on device 0 for storing the model, and 10% for the buffer to avoid OOM. You can set `max_memory` in to a higher value to use more memory (at your own risk).
2025-12-12 14:42:09,607 - src.train - INFO - train.py:152 - Base model loaded in torch.float16
2025-12-12 14:42:09,607 - src.train - INFO - train.py:176 - ✓ Gradient checkpointing disabled (faster training)
2025-12-12 14:42:09,607 - src.train - INFO - train.py:177 -   - use_cache=True (enabled for speed)
2025-12-12 14:42:09,761 - src.train - INFO - train.py:200 - ============================================================
2025-12-12 14:42:09,761 - src.train - INFO - train.py:201 - LoRA Configuration:
2025-12-12 14:42:09,761 - src.train - INFO - train.py:202 -   - Rank (r): 8
2025-12-12 14:42:09,761 - src.train - INFO - train.py:203 -   - Alpha: 32
2025-12-12 14:42:09,761 - src.train - INFO - train.py:204 -   - Target modules: {'query_key_value'}
2025-12-12 14:42:09,761 - src.train - INFO - train.py:205 -   - Dropout: 0.1
2025-12-12 14:42:09,762 - src.train - INFO - train.py:206 - ============================================================
2025-12-12 14:42:09,762 - src.train - INFO - train.py:207 - Model Statistics:
2025-12-12 14:42:09,762 - src.train - INFO - train.py:208 -   - Total parameters: 6,245,533,696
2025-12-12 14:42:09,762 - src.train - INFO - train.py:209 -   - Trainable parameters: 1,949,696
2025-12-12 14:42:09,762 - src.train - INFO - train.py:210 -   - Trainable %: 0.03%
2025-12-12 14:42:09,762 - src.train - INFO - train.py:211 - ============================================================
2025-12-12 14:42:09,762 - src.train - INFO - train.py:215 - GPU Memory allocated: 11.64 GB
2025-12-12 14:42:09,763 - src.train - INFO - train.py:216 - GPU Memory reserved: 11.64 GB
2025-12-12 14:42:09,798 - src.data.dataset - INFO - dataset.py:139 - Loaded 5 samples from data/train1.json
2025-12-12 14:42:09,839 - src.data.dataset - INFO - dataset.py:81 - Loading tokenizer from /root/.cache/modelscope/hub/models/ZhipuAI/chatglm3-6b
2025-12-12 14:42:10,106 - src.data.dataset - INFO - dataset.py:96 - Tokenizer loaded. pad_token_id: 0
2025-12-12 14:42:10,106 - src.data.dataset - INFO - dataset.py:333 - DataLoader config: pad_token_id=0, max_length=128
2025-12-12 14:42:10,172 - src.data.dataset - INFO - dataset.py:139 - Loaded 14867 samples from data/val.json
2025-12-12 14:42:10,189 - src.data.dataset - INFO - dataset.py:81 - Loading tokenizer from /root/.cache/modelscope/hub/models/ZhipuAI/chatglm3-6b
2025-12-12 14:42:10,398 - src.data.dataset - INFO - dataset.py:96 - Tokenizer loaded. pad_token_id: 0
2025-12-12 14:42:10,398 - src.data.dataset - INFO - dataset.py:333 - DataLoader config: pad_token_id=0, max_length=128
2025-12-12 14:42:10,398 - src.train - INFO - train.py:258 - Train dataset size: 5
2025-12-12 14:42:10,398 - src.train - INFO - train.py:259 - Val dataset size: 14867
2025-12-12 14:42:10,399 - src.train - INFO - train.py:260 - Train batches per epoch: 1
2025-12-12 14:42:10,403 - src.train - INFO - train.py:302 - Total training steps: 0
2025-12-12 14:42:10,403 - src.train - INFO - train.py:303 - Warmup steps: 0
2025-12-12 14:42:49,102 - src.train - INFO - train.py:314 - 
==================================================
2025-12-12 14:42:49,103 - src.train - INFO - train.py:315 - Epoch 1/3
2025-12-12 14:42:49,103 - src.train - INFO - train.py:316 - ==================================================
2025-12-12 14:49:21,689 - src.train - INFO - train.py:325 - Train Loss: 13.7734
2025-12-12 14:49:21,693 - src.train - INFO - train.py:326 - Val Loss: 12.3619
2025-12-12 14:50:04,709 - src.train - INFO - train.py:499 - LoRA weights saved to: checkpoints/best_model
2025-12-12 14:50:04,710 - src.train - INFO - train.py:500 - Training state saved to: checkpoints/best_model/training_state.pt
2025-12-12 14:50:22,900 - src.train - INFO - train.py:355 - ✓ New best model saved: checkpoints/best_model
2025-12-12 14:50:22,952 - src.train - INFO - train.py:499 - LoRA weights saved to: checkpoints/checkpoint_epoch_1
2025-12-12 14:50:22,953 - src.train - INFO - train.py:500 - Training state saved to: checkpoints/checkpoint_epoch_1/training_state.pt
2025-12-12 14:50:22,953 - src.train - INFO - train.py:314 - 
==================================================
2025-12-12 14:50:22,953 - src.train - INFO - train.py:315 - Epoch 2/3
2025-12-12 14:50:22,953 - src.train - INFO - train.py:316 - ==================================================
2025-12-12 14:52:23,274 - src.train - INFO - train.py:61 - Using device: cuda
2025-12-12 14:52:23,536 - src.train - INFO - train.py:133 - ✗ TF32 not available (GPU compute capability < 8.0)
2025-12-12 14:52:23,537 - src.train - INFO - train.py:137 - ✓ cuDNN benchmark enabled
2025-12-12 14:52:23,537 - src.train - INFO - train.py:144 - Loading base model from /root/.cache/modelscope/hub/models/ZhipuAI/chatglm3-6b...
2025-12-12 14:52:23,790 - accelerate.utils.modeling - INFO - modeling.py:987 - We will use 90% of the memory on device 0 for storing the model, and 10% for the buffer to avoid OOM. You can set `max_memory` in to a higher value to use more memory (at your own risk).
2025-12-12 14:52:29,984 - src.train - INFO - train.py:152 - Base model loaded in torch.float16
2025-12-12 14:52:29,985 - src.train - INFO - train.py:176 - ✓ Gradient checkpointing disabled (faster training)
2025-12-12 14:52:29,985 - src.train - INFO - train.py:177 -   - use_cache=True (enabled for speed)
2025-12-12 14:52:30,079 - src.train - INFO - train.py:200 - ============================================================
2025-12-12 14:52:30,079 - src.train - INFO - train.py:201 - LoRA Configuration:
2025-12-12 14:52:30,080 - src.train - INFO - train.py:202 -   - Rank (r): 8
2025-12-12 14:52:30,080 - src.train - INFO - train.py:203 -   - Alpha: 32
2025-12-12 14:52:30,080 - src.train - INFO - train.py:204 -   - Target modules: {'query_key_value'}
2025-12-12 14:52:30,080 - src.train - INFO - train.py:205 -   - Dropout: 0.1
2025-12-12 14:52:30,080 - src.train - INFO - train.py:206 - ============================================================
2025-12-12 14:52:30,080 - src.train - INFO - train.py:207 - Model Statistics:
2025-12-12 14:52:30,080 - src.train - INFO - train.py:208 -   - Total parameters: 6,245,533,696
2025-12-12 14:52:30,080 - src.train - INFO - train.py:209 -   - Trainable parameters: 1,949,696
2025-12-12 14:52:30,080 - src.train - INFO - train.py:210 -   - Trainable %: 0.03%
2025-12-12 14:52:30,080 - src.train - INFO - train.py:211 - ============================================================
2025-12-12 14:52:30,080 - src.train - INFO - train.py:215 - GPU Memory allocated: 11.64 GB
2025-12-12 14:52:30,081 - src.train - INFO - train.py:216 - GPU Memory reserved: 11.64 GB
2025-12-12 14:52:30,587 - src.data.dataset - INFO - dataset.py:139 - Loaded 118940 samples from data/train.json
2025-12-12 14:52:30,750 - src.data.dataset - INFO - dataset.py:172 - Loaded cache with 17925 items
2025-12-12 14:52:30,750 - src.data.dataset - INFO - dataset.py:81 - Loading tokenizer from /root/.cache/modelscope/hub/models/ZhipuAI/chatglm3-6b
2025-12-12 14:52:30,956 - src.data.dataset - INFO - dataset.py:96 - Tokenizer loaded. pad_token_id: 0
2025-12-12 14:52:30,956 - src.data.dataset - INFO - dataset.py:333 - DataLoader config: pad_token_id=0, max_length=128
2025-12-12 14:52:31,017 - src.data.dataset - INFO - dataset.py:139 - Loaded 14867 samples from data/val.json
2025-12-12 14:52:31,031 - src.data.dataset - INFO - dataset.py:81 - Loading tokenizer from /root/.cache/modelscope/hub/models/ZhipuAI/chatglm3-6b
2025-12-12 14:52:31,233 - src.data.dataset - INFO - dataset.py:96 - Tokenizer loaded. pad_token_id: 0
2025-12-12 14:52:31,233 - src.data.dataset - INFO - dataset.py:333 - DataLoader config: pad_token_id=0, max_length=128
2025-12-12 14:52:31,233 - src.train - INFO - train.py:258 - Train dataset size: 118940
2025-12-12 14:52:31,233 - src.train - INFO - train.py:259 - Val dataset size: 14867
2025-12-12 14:52:31,233 - src.train - INFO - train.py:260 - Train batches per epoch: 7434
2025-12-12 14:52:31,236 - src.train - INFO - train.py:302 - Total training steps: 11151
2025-12-12 14:52:31,236 - src.train - INFO - train.py:303 - Warmup steps: 557
2025-12-12 14:52:32,065 - src.train - INFO - train.py:314 - 
==================================================
2025-12-12 14:52:32,066 - src.train - INFO - train.py:315 - Epoch 1/3
2025-12-12 14:52:32,066 - src.train - INFO - train.py:316 - ==================================================
2025-12-12 15:10:45,154 - src.train - INFO - train.py:61 - Using device: cuda
2025-12-12 15:10:45,511 - src.train - INFO - train.py:133 - ✗ TF32 not available (GPU compute capability < 8.0)
2025-12-12 15:10:45,511 - src.train - INFO - train.py:137 - ✓ cuDNN benchmark enabled
2025-12-12 15:10:45,511 - src.train - INFO - train.py:144 - Loading base model from /root/.cache/modelscope/hub/models/ZhipuAI/chatglm3-6b...
2025-12-12 15:10:45,790 - accelerate.utils.modeling - INFO - modeling.py:987 - We will use 90% of the memory on device 0 for storing the model, and 10% for the buffer to avoid OOM. You can set `max_memory` in to a higher value to use more memory (at your own risk).
2025-12-12 15:10:50,493 - src.train - INFO - train.py:152 - Base model loaded in torch.float16
2025-12-12 15:10:50,494 - src.train - INFO - train.py:176 - ✓ Gradient checkpointing disabled (faster training)
2025-12-12 15:10:50,494 - src.train - INFO - train.py:177 -   - use_cache=True (enabled for speed)
2025-12-12 15:10:50,600 - src.train - INFO - train.py:200 - ============================================================
2025-12-12 15:10:50,600 - src.train - INFO - train.py:201 - LoRA Configuration:
2025-12-12 15:10:50,600 - src.train - INFO - train.py:202 -   - Rank (r): 8
2025-12-12 15:10:50,600 - src.train - INFO - train.py:203 -   - Alpha: 32
2025-12-12 15:10:50,600 - src.train - INFO - train.py:204 -   - Target modules: {'query_key_value'}
2025-12-12 15:10:50,600 - src.train - INFO - train.py:205 -   - Dropout: 0.1
2025-12-12 15:10:50,600 - src.train - INFO - train.py:206 - ============================================================
2025-12-12 15:10:50,600 - src.train - INFO - train.py:207 - Model Statistics:
2025-12-12 15:10:50,601 - src.train - INFO - train.py:208 -   - Total parameters: 6,245,533,696
2025-12-12 15:10:50,601 - src.train - INFO - train.py:209 -   - Trainable parameters: 1,949,696
2025-12-12 15:10:50,601 - src.train - INFO - train.py:210 -   - Trainable %: 0.03%
2025-12-12 15:10:50,601 - src.train - INFO - train.py:211 - ============================================================
2025-12-12 15:10:50,601 - src.train - INFO - train.py:215 - GPU Memory allocated: 11.64 GB
2025-12-12 15:10:50,602 - src.train - INFO - train.py:216 - GPU Memory reserved: 11.64 GB
2025-12-12 15:10:51,054 - src.data.dataset - INFO - dataset.py:139 - Loaded 118940 samples from data/train.json
2025-12-12 15:10:51,224 - src.data.dataset - INFO - dataset.py:172 - Loaded cache with 17925 items
2025-12-12 15:10:51,224 - src.data.dataset - INFO - dataset.py:81 - Loading tokenizer from /root/.cache/modelscope/hub/models/ZhipuAI/chatglm3-6b
2025-12-12 15:10:51,455 - src.data.dataset - INFO - dataset.py:96 - Tokenizer loaded. pad_token_id: 0
2025-12-12 15:10:51,455 - src.data.dataset - INFO - dataset.py:333 - DataLoader config: pad_token_id=0, max_length=128
2025-12-12 15:10:51,517 - src.data.dataset - INFO - dataset.py:139 - Loaded 14867 samples from data/val.json
2025-12-12 15:10:51,532 - src.data.dataset - INFO - dataset.py:81 - Loading tokenizer from /root/.cache/modelscope/hub/models/ZhipuAI/chatglm3-6b
2025-12-12 15:10:51,735 - src.data.dataset - INFO - dataset.py:96 - Tokenizer loaded. pad_token_id: 0
2025-12-12 15:10:51,735 - src.data.dataset - INFO - dataset.py:333 - DataLoader config: pad_token_id=0, max_length=128
2025-12-12 15:10:51,736 - src.train - INFO - train.py:258 - Train dataset size: 118940
2025-12-12 15:10:51,736 - src.train - INFO - train.py:259 - Val dataset size: 14867
2025-12-12 15:10:51,736 - src.train - INFO - train.py:260 - Train batches per epoch: 7434
2025-12-12 15:10:51,740 - src.train - INFO - train.py:302 - Total training steps: 11151
2025-12-12 15:10:51,741 - src.train - INFO - train.py:303 - Warmup steps: 557
2025-12-12 15:10:52,583 - src.train - INFO - train.py:314 - 
==================================================
2025-12-12 15:10:52,584 - src.train - INFO - train.py:315 - Epoch 1/3
2025-12-12 15:10:52,584 - src.train - INFO - train.py:316 - ==================================================
2025-12-12 15:21:00,781 - src.train - INFO - train.py:61 - Using device: cuda
2025-12-12 15:21:01,100 - src.train - INFO - train.py:133 - ✗ TF32 not available (GPU compute capability < 8.0)
2025-12-12 15:21:01,101 - src.train - INFO - train.py:137 - ✓ cuDNN benchmark enabled
2025-12-12 15:21:01,101 - src.train - INFO - train.py:144 - Loading base model from /root/.cache/modelscope/hub/models/ZhipuAI/chatglm3-6b...
2025-12-12 15:21:01,401 - accelerate.utils.modeling - INFO - modeling.py:987 - We will use 90% of the memory on device 0 for storing the model, and 10% for the buffer to avoid OOM. You can set `max_memory` in to a higher value to use more memory (at your own risk).
2025-12-12 15:21:49,710 - src.train - INFO - train.py:61 - Using device: cuda
2025-12-12 15:21:50,032 - src.train - INFO - train.py:133 - ✗ TF32 not available (GPU compute capability < 8.0)
2025-12-12 15:21:50,032 - src.train - INFO - train.py:137 - ✓ cuDNN benchmark enabled
2025-12-12 15:21:50,032 - src.train - INFO - train.py:144 - Loading base model from /root/.cache/modelscope/hub/models/ZhipuAI/chatglm3-6b...
2025-12-12 15:21:50,339 - accelerate.utils.modeling - INFO - modeling.py:987 - We will use 90% of the memory on device 0 for storing the model, and 10% for the buffer to avoid OOM. You can set `max_memory` in to a higher value to use more memory (at your own risk).
2025-12-12 15:21:54,603 - src.train - INFO - train.py:152 - Base model loaded in torch.float16
2025-12-12 15:21:54,603 - src.train - INFO - train.py:176 - ✓ Gradient checkpointing disabled (faster training)
2025-12-12 15:21:54,603 - src.train - INFO - train.py:177 -   - use_cache=True (enabled for speed)
2025-12-12 15:21:54,708 - src.train - INFO - train.py:200 - ============================================================
2025-12-12 15:21:54,708 - src.train - INFO - train.py:201 - LoRA Configuration:
2025-12-12 15:21:54,709 - src.train - INFO - train.py:202 -   - Rank (r): 8
2025-12-12 15:21:54,709 - src.train - INFO - train.py:203 -   - Alpha: 32
2025-12-12 15:21:54,709 - src.train - INFO - train.py:204 -   - Target modules: {'query_key_value'}
2025-12-12 15:21:54,709 - src.train - INFO - train.py:205 -   - Dropout: 0.1
2025-12-12 15:21:54,709 - src.train - INFO - train.py:206 - ============================================================
2025-12-12 15:21:54,709 - src.train - INFO - train.py:207 - Model Statistics:
2025-12-12 15:21:54,709 - src.train - INFO - train.py:208 -   - Total parameters: 6,245,533,696
2025-12-12 15:21:54,709 - src.train - INFO - train.py:209 -   - Trainable parameters: 1,949,696
2025-12-12 15:21:54,709 - src.train - INFO - train.py:210 -   - Trainable %: 0.03%
2025-12-12 15:21:54,709 - src.train - INFO - train.py:211 - ============================================================
2025-12-12 15:21:54,710 - src.train - INFO - train.py:215 - GPU Memory allocated: 11.64 GB
2025-12-12 15:21:54,710 - src.train - INFO - train.py:216 - GPU Memory reserved: 11.64 GB
2025-12-12 15:21:55,162 - src.data.dataset - INFO - dataset.py:139 - Loaded 118940 samples from data/train.json
2025-12-12 15:21:55,329 - src.data.dataset - INFO - dataset.py:172 - Loaded cache with 17925 items
2025-12-12 15:21:55,330 - src.data.dataset - INFO - dataset.py:81 - Loading tokenizer from /root/.cache/modelscope/hub/models/ZhipuAI/chatglm3-6b
2025-12-12 15:21:55,553 - src.data.dataset - INFO - dataset.py:96 - Tokenizer loaded. pad_token_id: 0
2025-12-12 15:21:55,553 - src.data.dataset - INFO - dataset.py:333 - DataLoader config: pad_token_id=0, max_length=128
2025-12-12 15:21:55,613 - src.data.dataset - INFO - dataset.py:139 - Loaded 14867 samples from data/val.json
2025-12-12 15:21:55,628 - src.data.dataset - INFO - dataset.py:81 - Loading tokenizer from /root/.cache/modelscope/hub/models/ZhipuAI/chatglm3-6b
2025-12-12 15:21:55,833 - src.data.dataset - INFO - dataset.py:96 - Tokenizer loaded. pad_token_id: 0
2025-12-12 15:21:55,834 - src.data.dataset - INFO - dataset.py:333 - DataLoader config: pad_token_id=0, max_length=128
2025-12-12 15:21:55,834 - src.train - INFO - train.py:258 - Train dataset size: 118940
2025-12-12 15:21:55,834 - src.train - INFO - train.py:259 - Val dataset size: 14867
2025-12-12 15:21:55,834 - src.train - INFO - train.py:260 - Train batches per epoch: 14868
2025-12-12 15:21:55,838 - src.train - INFO - train.py:302 - Total training steps: 11151
2025-12-12 15:21:55,839 - src.train - INFO - train.py:303 - Warmup steps: 557
2025-12-12 15:21:56,667 - src.train - INFO - train.py:314 - 
==================================================
2025-12-12 15:21:56,667 - src.train - INFO - train.py:315 - Epoch 1/3
2025-12-12 15:21:56,667 - src.train - INFO - train.py:316 - ==================================================
2025-12-12 15:23:34,033 - src.train - INFO - train.py:61 - Using device: cuda
2025-12-12 15:23:34,336 - src.train - INFO - train.py:133 - ✗ TF32 not available (GPU compute capability < 8.0)
2025-12-12 15:23:34,337 - src.train - INFO - train.py:137 - ✓ cuDNN benchmark enabled
2025-12-12 15:23:34,337 - src.train - INFO - train.py:144 - Loading base model from /root/.cache/modelscope/hub/models/ZhipuAI/chatglm3-6b...
2025-12-12 15:23:34,603 - accelerate.utils.modeling - INFO - modeling.py:987 - We will use 90% of the memory on device 0 for storing the model, and 10% for the buffer to avoid OOM. You can set `max_memory` in to a higher value to use more memory (at your own risk).
2025-12-12 15:23:38,350 - src.train - INFO - train.py:152 - Base model loaded in torch.float16
2025-12-12 15:23:38,350 - src.train - INFO - train.py:176 - ✓ Gradient checkpointing disabled (faster training)
2025-12-12 15:23:38,351 - src.train - INFO - train.py:177 -   - use_cache=True (enabled for speed)
2025-12-12 15:23:38,466 - src.train - INFO - train.py:200 - ============================================================
2025-12-12 15:23:38,466 - src.train - INFO - train.py:201 - LoRA Configuration:
2025-12-12 15:23:38,466 - src.train - INFO - train.py:202 -   - Rank (r): 8
2025-12-12 15:23:38,466 - src.train - INFO - train.py:203 -   - Alpha: 32
2025-12-12 15:23:38,466 - src.train - INFO - train.py:204 -   - Target modules: {'query_key_value'}
2025-12-12 15:23:38,466 - src.train - INFO - train.py:205 -   - Dropout: 0.1
2025-12-12 15:23:38,466 - src.train - INFO - train.py:206 - ============================================================
2025-12-12 15:23:38,466 - src.train - INFO - train.py:207 - Model Statistics:
2025-12-12 15:23:38,466 - src.train - INFO - train.py:208 -   - Total parameters: 6,245,533,696
2025-12-12 15:23:38,466 - src.train - INFO - train.py:209 -   - Trainable parameters: 1,949,696
2025-12-12 15:23:38,467 - src.train - INFO - train.py:210 -   - Trainable %: 0.03%
2025-12-12 15:23:38,467 - src.train - INFO - train.py:211 - ============================================================
2025-12-12 15:23:38,467 - src.train - INFO - train.py:215 - GPU Memory allocated: 11.64 GB
2025-12-12 15:23:38,467 - src.train - INFO - train.py:216 - GPU Memory reserved: 11.64 GB
2025-12-12 15:23:39,015 - src.data.dataset - INFO - dataset.py:139 - Loaded 118940 samples from data/train.json
2025-12-12 15:23:39,330 - src.data.dataset - INFO - dataset.py:172 - Loaded cache with 17925 items
2025-12-12 15:23:39,331 - src.data.dataset - INFO - dataset.py:81 - Loading tokenizer from /root/.cache/modelscope/hub/models/ZhipuAI/chatglm3-6b
2025-12-12 15:23:39,597 - src.data.dataset - INFO - dataset.py:96 - Tokenizer loaded. pad_token_id: 0
2025-12-12 15:23:39,598 - src.data.dataset - INFO - dataset.py:333 - DataLoader config: pad_token_id=0, max_length=128
2025-12-12 15:23:39,669 - src.data.dataset - INFO - dataset.py:139 - Loaded 14867 samples from data/val.json
2025-12-12 15:23:39,685 - src.data.dataset - INFO - dataset.py:81 - Loading tokenizer from /root/.cache/modelscope/hub/models/ZhipuAI/chatglm3-6b
2025-12-12 15:23:39,914 - src.data.dataset - INFO - dataset.py:96 - Tokenizer loaded. pad_token_id: 0
2025-12-12 15:23:39,915 - src.data.dataset - INFO - dataset.py:333 - DataLoader config: pad_token_id=0, max_length=128
2025-12-12 15:23:39,915 - src.train - INFO - train.py:258 - Train dataset size: 118940
2025-12-12 15:23:39,915 - src.train - INFO - train.py:259 - Val dataset size: 14867
2025-12-12 15:23:39,915 - src.train - INFO - train.py:260 - Train batches per epoch: 7434
2025-12-12 15:23:39,919 - src.train - INFO - train.py:302 - Total training steps: 11151
2025-12-12 15:23:39,919 - src.train - INFO - train.py:303 - Warmup steps: 557
2025-12-12 15:23:40,847 - src.train - INFO - train.py:314 - 
==================================================
2025-12-12 15:23:40,848 - src.train - INFO - train.py:315 - Epoch 1/3
2025-12-12 15:23:40,848 - src.train - INFO - train.py:316 - ==================================================
2025-12-12 15:25:07,881 - src.train - INFO - train.py:61 - Using device: cuda
2025-12-12 15:25:08,192 - src.train - INFO - train.py:133 - ✗ TF32 not available (GPU compute capability < 8.0)
2025-12-12 15:25:08,192 - src.train - INFO - train.py:137 - ✓ cuDNN benchmark enabled
2025-12-12 15:25:08,192 - src.train - INFO - train.py:144 - Loading base model from /root/.cache/modelscope/hub/models/ZhipuAI/chatglm3-6b...
2025-12-12 15:25:08,457 - accelerate.utils.modeling - INFO - modeling.py:987 - We will use 90% of the memory on device 0 for storing the model, and 10% for the buffer to avoid OOM. You can set `max_memory` in to a higher value to use more memory (at your own risk).
2025-12-12 15:25:13,089 - src.train - INFO - train.py:152 - Base model loaded in torch.float16
2025-12-12 15:25:13,089 - src.train - INFO - train.py:176 - ✓ Gradient checkpointing disabled (faster training)
2025-12-12 15:25:13,089 - src.train - INFO - train.py:177 -   - use_cache=True (enabled for speed)
2025-12-12 15:25:13,186 - src.train - INFO - train.py:200 - ============================================================
2025-12-12 15:25:13,186 - src.train - INFO - train.py:201 - LoRA Configuration:
2025-12-12 15:25:13,186 - src.train - INFO - train.py:202 -   - Rank (r): 8
2025-12-12 15:25:13,186 - src.train - INFO - train.py:203 -   - Alpha: 32
2025-12-12 15:25:13,186 - src.train - INFO - train.py:204 -   - Target modules: {'query_key_value'}
2025-12-12 15:25:13,187 - src.train - INFO - train.py:205 -   - Dropout: 0.1
2025-12-12 15:25:13,187 - src.train - INFO - train.py:206 - ============================================================
2025-12-12 15:25:13,187 - src.train - INFO - train.py:207 - Model Statistics:
2025-12-12 15:25:13,187 - src.train - INFO - train.py:208 -   - Total parameters: 6,245,533,696
2025-12-12 15:25:13,187 - src.train - INFO - train.py:209 -   - Trainable parameters: 1,949,696
2025-12-12 15:25:13,187 - src.train - INFO - train.py:210 -   - Trainable %: 0.03%
2025-12-12 15:25:13,187 - src.train - INFO - train.py:211 - ============================================================
2025-12-12 15:25:13,187 - src.train - INFO - train.py:215 - GPU Memory allocated: 11.64 GB
2025-12-12 15:25:13,188 - src.train - INFO - train.py:216 - GPU Memory reserved: 11.64 GB
2025-12-12 15:25:13,649 - src.data.dataset - INFO - dataset.py:139 - Loaded 118940 samples from data/train.json
2025-12-12 15:25:13,823 - src.data.dataset - INFO - dataset.py:172 - Loaded cache with 17925 items
2025-12-12 15:25:13,823 - src.data.dataset - INFO - dataset.py:81 - Loading tokenizer from /root/.cache/modelscope/hub/models/ZhipuAI/chatglm3-6b
2025-12-12 15:25:14,035 - src.data.dataset - INFO - dataset.py:96 - Tokenizer loaded. pad_token_id: 0
2025-12-12 15:25:14,036 - src.data.dataset - INFO - dataset.py:333 - DataLoader config: pad_token_id=0, max_length=128
2025-12-12 15:25:14,109 - src.data.dataset - INFO - dataset.py:139 - Loaded 14867 samples from data/val.json
2025-12-12 15:25:14,125 - src.data.dataset - INFO - dataset.py:81 - Loading tokenizer from /root/.cache/modelscope/hub/models/ZhipuAI/chatglm3-6b
2025-12-12 15:25:14,335 - src.data.dataset - INFO - dataset.py:96 - Tokenizer loaded. pad_token_id: 0
2025-12-12 15:25:14,335 - src.data.dataset - INFO - dataset.py:333 - DataLoader config: pad_token_id=0, max_length=128
2025-12-12 15:25:14,336 - src.train - INFO - train.py:258 - Train dataset size: 118940
2025-12-12 15:25:14,336 - src.train - INFO - train.py:259 - Val dataset size: 14867
2025-12-12 15:25:14,336 - src.train - INFO - train.py:260 - Train batches per epoch: 14868
2025-12-12 15:25:14,339 - src.train - INFO - train.py:302 - Total training steps: 11151
2025-12-12 15:25:14,339 - src.train - INFO - train.py:303 - Warmup steps: 557
2025-12-12 15:25:15,239 - src.train - INFO - train.py:314 - 
==================================================
2025-12-12 15:25:15,239 - src.train - INFO - train.py:315 - Epoch 1/3
2025-12-12 15:25:15,239 - src.train - INFO - train.py:316 - ==================================================
2025-12-12 15:37:17,277 - src.data.dataset - INFO - dataset.py:184 - Saved cache with 21511 items
2025-12-12 15:37:18,188 - src.data.dataset - INFO - dataset.py:184 - Saved cache with 21511 items
2025-12-12 15:37:20,541 - src.data.dataset - INFO - dataset.py:184 - Saved cache with 21511 items
2025-12-12 15:37:21,238 - src.data.dataset - INFO - dataset.py:184 - Saved cache with 21511 items
2025-12-12 15:37:21,904 - src.data.dataset - INFO - dataset.py:184 - Saved cache with 21511 items
2025-12-12 15:37:23,936 - src.data.dataset - INFO - dataset.py:184 - Saved cache with 21511 items
2025-12-12 15:46:12,643 - src.train - INFO - train.py:61 - Using device: cuda
2025-12-12 15:46:12,898 - src.train - INFO - train.py:133 - ✗ TF32 not available (GPU compute capability < 8.0)
2025-12-12 15:46:12,899 - src.train - INFO - train.py:137 - ✓ cuDNN benchmark enabled
2025-12-12 15:46:12,899 - src.train - INFO - train.py:144 - Loading base model from /root/.cache/modelscope/hub/models/ZhipuAI/chatglm3-6b...
2025-12-12 15:46:13,182 - accelerate.utils.modeling - INFO - modeling.py:987 - We will use 90% of the memory on device 0 for storing the model, and 10% for the buffer to avoid OOM. You can set `max_memory` in to a higher value to use more memory (at your own risk).
2025-12-12 15:46:17,480 - src.train - INFO - train.py:152 - Base model loaded in torch.float16
2025-12-12 15:46:17,481 - src.train - INFO - train.py:176 - ✓ Gradient checkpointing disabled (faster training)
2025-12-12 15:46:17,481 - src.train - INFO - train.py:177 -   - use_cache=True (enabled for speed)
2025-12-12 15:46:17,578 - src.train - INFO - train.py:200 - ============================================================
2025-12-12 15:46:17,578 - src.train - INFO - train.py:201 - LoRA Configuration:
2025-12-12 15:46:17,578 - src.train - INFO - train.py:202 -   - Rank (r): 8
2025-12-12 15:46:17,578 - src.train - INFO - train.py:203 -   - Alpha: 32
2025-12-12 15:46:17,578 - src.train - INFO - train.py:204 -   - Target modules: {'query_key_value'}
2025-12-12 15:46:17,578 - src.train - INFO - train.py:205 -   - Dropout: 0.1
2025-12-12 15:46:17,578 - src.train - INFO - train.py:206 - ============================================================
2025-12-12 15:46:17,578 - src.train - INFO - train.py:207 - Model Statistics:
2025-12-12 15:46:17,579 - src.train - INFO - train.py:208 -   - Total parameters: 6,245,533,696
2025-12-12 15:46:17,579 - src.train - INFO - train.py:209 -   - Trainable parameters: 1,949,696
2025-12-12 15:46:17,579 - src.train - INFO - train.py:210 -   - Trainable %: 0.03%
2025-12-12 15:46:17,579 - src.train - INFO - train.py:211 - ============================================================
2025-12-12 15:46:17,579 - src.train - INFO - train.py:215 - GPU Memory allocated: 11.64 GB
2025-12-12 15:46:17,579 - src.train - INFO - train.py:216 - GPU Memory reserved: 11.64 GB
2025-12-12 15:46:18,056 - src.data.dataset - INFO - dataset.py:139 - Loaded 118940 samples from data/train.json
2025-12-12 15:46:18,226 - src.data.dataset - INFO - dataset.py:172 - Loaded cache with 21511 items
2025-12-12 15:46:18,226 - src.data.dataset - INFO - dataset.py:81 - Loading tokenizer from /root/.cache/modelscope/hub/models/ZhipuAI/chatglm3-6b
2025-12-12 15:46:18,430 - src.data.dataset - INFO - dataset.py:96 - Tokenizer loaded. pad_token_id: 0
2025-12-12 15:46:18,430 - src.data.dataset - INFO - dataset.py:333 - DataLoader config: pad_token_id=0, max_length=128
2025-12-12 15:46:18,492 - src.data.dataset - INFO - dataset.py:139 - Loaded 14867 samples from data/val.json
2025-12-12 15:46:18,507 - src.data.dataset - INFO - dataset.py:81 - Loading tokenizer from /root/.cache/modelscope/hub/models/ZhipuAI/chatglm3-6b
2025-12-12 15:46:18,712 - src.data.dataset - INFO - dataset.py:96 - Tokenizer loaded. pad_token_id: 0
2025-12-12 15:46:18,712 - src.data.dataset - INFO - dataset.py:333 - DataLoader config: pad_token_id=0, max_length=128
2025-12-12 15:46:18,713 - src.train - INFO - train.py:258 - Train dataset size: 118940
2025-12-12 15:46:18,713 - src.train - INFO - train.py:259 - Val dataset size: 14867
2025-12-12 15:46:18,713 - src.train - INFO - train.py:260 - Train batches per epoch: 14868
2025-12-12 15:46:18,717 - src.train - INFO - train.py:302 - Total training steps: 11151
2025-12-12 15:46:18,717 - src.train - INFO - train.py:303 - Warmup steps: 557
2025-12-12 15:46:19,532 - src.train - INFO - train.py:314 - 
==================================================
2025-12-12 15:46:19,532 - src.train - INFO - train.py:315 - Epoch 1/3
2025-12-12 15:46:19,532 - src.train - INFO - train.py:316 - ==================================================
2025-12-12 15:49:36,085 - src.train - INFO - train.py:61 - Using device: cuda
2025-12-12 15:49:36,339 - src.train - INFO - train.py:133 - ✗ TF32 not available (GPU compute capability < 8.0)
2025-12-12 15:49:36,340 - src.train - INFO - train.py:137 - ✓ cuDNN benchmark enabled
2025-12-12 15:49:36,340 - src.train - INFO - train.py:144 - Loading base model from /root/.cache/modelscope/hub/models/ZhipuAI/chatglm3-6b...
2025-12-12 15:49:36,606 - accelerate.utils.modeling - INFO - modeling.py:987 - We will use 90% of the memory on device 0 for storing the model, and 10% for the buffer to avoid OOM. You can set `max_memory` in to a higher value to use more memory (at your own risk).
2025-12-12 15:49:40,843 - src.train - INFO - train.py:152 - Base model loaded in torch.float16
2025-12-12 15:49:40,843 - src.train - INFO - train.py:176 - ✓ Gradient checkpointing disabled (faster training)
2025-12-12 15:49:40,843 - src.train - INFO - train.py:177 -   - use_cache=True (enabled for speed)
2025-12-12 15:49:40,939 - src.train - INFO - train.py:200 - ============================================================
2025-12-12 15:49:40,939 - src.train - INFO - train.py:201 - LoRA Configuration:
2025-12-12 15:49:40,939 - src.train - INFO - train.py:202 -   - Rank (r): 8
2025-12-12 15:49:40,939 - src.train - INFO - train.py:203 -   - Alpha: 32
2025-12-12 15:49:40,939 - src.train - INFO - train.py:204 -   - Target modules: {'query_key_value'}
2025-12-12 15:49:40,939 - src.train - INFO - train.py:205 -   - Dropout: 0.1
2025-12-12 15:49:40,939 - src.train - INFO - train.py:206 - ============================================================
2025-12-12 15:49:40,939 - src.train - INFO - train.py:207 - Model Statistics:
2025-12-12 15:49:40,939 - src.train - INFO - train.py:208 -   - Total parameters: 6,245,533,696
2025-12-12 15:49:40,939 - src.train - INFO - train.py:209 -   - Trainable parameters: 1,949,696
2025-12-12 15:49:40,939 - src.train - INFO - train.py:210 -   - Trainable %: 0.03%
2025-12-12 15:49:40,940 - src.train - INFO - train.py:211 - ============================================================
2025-12-12 15:49:40,940 - src.train - INFO - train.py:215 - GPU Memory allocated: 11.64 GB
2025-12-12 15:49:40,940 - src.train - INFO - train.py:216 - GPU Memory reserved: 11.64 GB
2025-12-12 15:49:41,408 - src.data.dataset - INFO - dataset.py:139 - Loaded 118940 samples from data/train.json
2025-12-12 15:49:41,578 - src.data.dataset - INFO - dataset.py:172 - Loaded cache with 21511 items
2025-12-12 15:49:41,579 - src.data.dataset - INFO - dataset.py:81 - Loading tokenizer from /root/.cache/modelscope/hub/models/ZhipuAI/chatglm3-6b
2025-12-12 15:49:41,786 - src.data.dataset - INFO - dataset.py:96 - Tokenizer loaded. pad_token_id: 0
2025-12-12 15:49:41,786 - src.data.dataset - INFO - dataset.py:333 - DataLoader config: pad_token_id=0, max_length=128
2025-12-12 15:49:41,848 - src.data.dataset - INFO - dataset.py:139 - Loaded 14867 samples from data/val.json
2025-12-12 15:49:41,862 - src.data.dataset - INFO - dataset.py:81 - Loading tokenizer from /root/.cache/modelscope/hub/models/ZhipuAI/chatglm3-6b
2025-12-12 15:49:42,059 - src.data.dataset - INFO - dataset.py:96 - Tokenizer loaded. pad_token_id: 0
2025-12-12 15:49:42,059 - src.data.dataset - INFO - dataset.py:333 - DataLoader config: pad_token_id=0, max_length=128
2025-12-12 15:49:42,059 - src.train - INFO - train.py:258 - Train dataset size: 118940
2025-12-12 15:49:42,060 - src.train - INFO - train.py:259 - Val dataset size: 14867
2025-12-12 15:49:42,060 - src.train - INFO - train.py:260 - Train batches per epoch: 14868
2025-12-12 15:49:42,063 - src.train - INFO - train.py:302 - Total training steps: 11151
2025-12-12 15:49:42,063 - src.train - INFO - train.py:303 - Warmup steps: 557
2025-12-12 15:49:42,883 - src.train - INFO - train.py:314 - 
==================================================
2025-12-12 15:49:42,883 - src.train - INFO - train.py:315 - Epoch 1/3
2025-12-12 15:49:42,883 - src.train - INFO - train.py:316 - ==================================================
2025-12-12 16:07:27,752 - src.data.dataset - INFO - dataset.py:184 - Saved cache with 25814 items
2025-12-12 16:07:31,183 - src.data.dataset - INFO - dataset.py:184 - Saved cache with 25814 items
2025-12-12 16:07:34,608 - src.data.dataset - INFO - dataset.py:184 - Saved cache with 25814 items
2025-12-12 16:07:36,321 - src.data.dataset - INFO - dataset.py:184 - Saved cache with 25814 items
2025-12-12 16:07:38,023 - src.data.dataset - INFO - dataset.py:184 - Saved cache with 25814 items
2025-12-12 16:22:55,973 - src.data.dataset - INFO - dataset.py:184 - Saved cache with 25814 items
2025-12-12 16:28:02,866 - src.data.dataset - INFO - dataset.py:184 - Saved cache with 25814 items
2025-12-12 16:28:03,015 - src.data.dataset - INFO - dataset.py:184 - Saved cache with 25814 items
2025-12-12 16:28:36,772 - src.data.dataset - INFO - dataset.py:184 - Saved cache with 30814 items
2025-12-12 16:28:41,202 - src.data.dataset - INFO - dataset.py:184 - Saved cache with 30814 items
2025-12-12 16:28:42,497 - src.data.dataset - INFO - dataset.py:184 - Saved cache with 30814 items
2025-12-12 16:28:43,049 - src.data.dataset - INFO - dataset.py:184 - Saved cache with 30814 items
2025-12-12 16:28:44,485 - src.data.dataset - INFO - dataset.py:184 - Saved cache with 30814 items
2025-12-12 16:35:21,137 - src.train - INFO - train.py:61 - Using device: cuda
2025-12-12 16:35:21,406 - src.train - INFO - train.py:133 - ✗ TF32 not available (GPU compute capability < 8.0)
2025-12-12 16:35:21,407 - src.train - INFO - train.py:137 - ✓ cuDNN benchmark enabled
2025-12-12 16:35:21,407 - src.train - INFO - train.py:144 - Loading base model from /root/.cache/modelscope/hub/models/ZhipuAI/chatglm3-6b...
2025-12-12 16:35:21,681 - accelerate.utils.modeling - INFO - modeling.py:987 - We will use 90% of the memory on device 0 for storing the model, and 10% for the buffer to avoid OOM. You can set `max_memory` in to a higher value to use more memory (at your own risk).
2025-12-12 16:35:26,891 - src.train - INFO - train.py:152 - Base model loaded in torch.float16
2025-12-12 16:35:26,892 - src.train - INFO - train.py:176 - ✓ Gradient checkpointing disabled (faster training)
2025-12-12 16:35:26,892 - src.train - INFO - train.py:177 -   - use_cache=True (enabled for speed)
2025-12-12 16:35:26,989 - src.train - INFO - train.py:200 - ============================================================
2025-12-12 16:35:26,989 - src.train - INFO - train.py:201 - LoRA Configuration:
2025-12-12 16:35:26,989 - src.train - INFO - train.py:202 -   - Rank (r): 8
2025-12-12 16:35:26,989 - src.train - INFO - train.py:203 -   - Alpha: 32
2025-12-12 16:35:26,989 - src.train - INFO - train.py:204 -   - Target modules: {'query_key_value'}
2025-12-12 16:35:26,989 - src.train - INFO - train.py:205 -   - Dropout: 0.1
2025-12-12 16:35:26,989 - src.train - INFO - train.py:206 - ============================================================
2025-12-12 16:35:26,989 - src.train - INFO - train.py:207 - Model Statistics:
2025-12-12 16:35:26,989 - src.train - INFO - train.py:208 -   - Total parameters: 6,245,533,696
2025-12-12 16:35:26,989 - src.train - INFO - train.py:209 -   - Trainable parameters: 1,949,696
2025-12-12 16:35:26,990 - src.train - INFO - train.py:210 -   - Trainable %: 0.03%
2025-12-12 16:35:26,990 - src.train - INFO - train.py:211 - ============================================================
2025-12-12 16:35:26,990 - src.train - INFO - train.py:215 - GPU Memory allocated: 11.64 GB
2025-12-12 16:35:26,990 - src.train - INFO - train.py:216 - GPU Memory reserved: 11.64 GB
2025-12-12 16:35:27,444 - src.data.dataset - INFO - dataset.py:139 - Loaded 118940 samples from data/train.json
2025-12-12 16:35:27,676 - src.data.dataset - INFO - dataset.py:172 - Loaded cache with 30814 items
2025-12-12 16:35:27,677 - src.data.dataset - INFO - dataset.py:81 - Loading tokenizer from /root/.cache/modelscope/hub/models/ZhipuAI/chatglm3-6b
2025-12-12 16:35:27,888 - src.data.dataset - INFO - dataset.py:96 - Tokenizer loaded. pad_token_id: 0
2025-12-12 16:35:27,889 - src.data.dataset - INFO - dataset.py:333 - DataLoader config: pad_token_id=0, max_length=128
2025-12-12 16:35:27,958 - src.data.dataset - INFO - dataset.py:139 - Loaded 14867 samples from data/val.json
2025-12-12 16:35:27,974 - src.data.dataset - INFO - dataset.py:81 - Loading tokenizer from /root/.cache/modelscope/hub/models/ZhipuAI/chatglm3-6b
2025-12-12 16:35:28,173 - src.data.dataset - INFO - dataset.py:96 - Tokenizer loaded. pad_token_id: 0
2025-12-12 16:35:28,173 - src.data.dataset - INFO - dataset.py:333 - DataLoader config: pad_token_id=0, max_length=128
2025-12-12 16:35:28,173 - src.train - INFO - train.py:258 - Train dataset size: 118940
2025-12-12 16:35:28,173 - src.train - INFO - train.py:259 - Val dataset size: 14867
2025-12-12 16:35:28,173 - src.train - INFO - train.py:260 - Train batches per epoch: 14868
2025-12-12 16:35:28,177 - src.train - INFO - train.py:302 - Total training steps: 11151
2025-12-12 16:35:28,177 - src.train - INFO - train.py:303 - Warmup steps: 557
2025-12-12 16:35:28,998 - src.train - INFO - train.py:314 - 
==================================================
2025-12-12 16:35:28,998 - src.train - INFO - train.py:315 - Epoch 1/3
2025-12-12 16:35:28,998 - src.train - INFO - train.py:316 - ==================================================
2025-12-12 16:56:12,486 - src.data.dataset - INFO - dataset.py:184 - Saved cache with 35814 items
2025-12-12 16:56:13,875 - src.data.dataset - INFO - dataset.py:184 - Saved cache with 35814 items
2025-12-12 16:56:20,586 - src.data.dataset - INFO - dataset.py:184 - Saved cache with 35814 items
2025-12-12 16:56:21,928 - src.data.dataset - INFO - dataset.py:184 - Saved cache with 35814 items
2025-12-12 17:11:43,509 - src.data.dataset - INFO - dataset.py:184 - Saved cache with 35814 items
2025-12-12 17:17:21,947 - src.data.dataset - INFO - dataset.py:184 - Saved cache with 40814 items
2025-12-12 17:17:24,634 - src.data.dataset - INFO - dataset.py:184 - Saved cache with 40814 items
2025-12-12 17:17:28,581 - src.data.dataset - INFO - dataset.py:184 - Saved cache with 40814 items
2025-12-12 17:17:29,507 - src.data.dataset - INFO - dataset.py:184 - Saved cache with 40814 items
2025-12-12 17:17:46,942 - src.data.dataset - INFO - dataset.py:184 - Saved cache with 35814 items
2025-12-12 17:17:50,947 - src.data.dataset - INFO - dataset.py:184 - Saved cache with 35814 items
2025-12-12 17:32:39,631 - src.data.dataset - INFO - dataset.py:184 - Saved cache with 40814 items
2025-12-12 17:34:16,554 - src.train - INFO - train.py:61 - Using device: cuda
2025-12-12 17:34:16,854 - src.train - INFO - train.py:133 - ✗ TF32 not available (GPU compute capability < 8.0)
2025-12-12 17:34:16,854 - src.train - INFO - train.py:137 - ✓ cuDNN benchmark enabled
2025-12-12 17:34:16,854 - src.train - INFO - train.py:144 - Loading base model from /root/.cache/modelscope/hub/models/ZhipuAI/chatglm3-6b...
2025-12-12 17:34:17,118 - accelerate.utils.modeling - INFO - modeling.py:987 - We will use 90% of the memory on device 0 for storing the model, and 10% for the buffer to avoid OOM. You can set `max_memory` in to a higher value to use more memory (at your own risk).
2025-12-12 17:34:21,409 - src.train - INFO - train.py:152 - Base model loaded in torch.float16
2025-12-12 17:34:21,409 - src.train - INFO - train.py:176 - ✓ Gradient checkpointing disabled (faster training)
2025-12-12 17:34:21,409 - src.train - INFO - train.py:177 -   - use_cache=True (enabled for speed)
2025-12-12 17:34:21,507 - src.train - INFO - train.py:200 - ============================================================
2025-12-12 17:34:21,508 - src.train - INFO - train.py:201 - LoRA Configuration:
2025-12-12 17:34:21,508 - src.train - INFO - train.py:202 -   - Rank (r): 8
2025-12-12 17:34:21,508 - src.train - INFO - train.py:203 -   - Alpha: 32
2025-12-12 17:34:21,508 - src.train - INFO - train.py:204 -   - Target modules: {'query_key_value'}
2025-12-12 17:34:21,508 - src.train - INFO - train.py:205 -   - Dropout: 0.1
2025-12-12 17:34:21,508 - src.train - INFO - train.py:206 - ============================================================
2025-12-12 17:34:21,508 - src.train - INFO - train.py:207 - Model Statistics:
2025-12-12 17:34:21,508 - src.train - INFO - train.py:208 -   - Total parameters: 6,245,533,696
2025-12-12 17:34:21,508 - src.train - INFO - train.py:209 -   - Trainable parameters: 1,949,696
2025-12-12 17:34:21,508 - src.train - INFO - train.py:210 -   - Trainable %: 0.03%
2025-12-12 17:34:21,508 - src.train - INFO - train.py:211 - ============================================================
2025-12-12 17:34:21,509 - src.train - INFO - train.py:215 - GPU Memory allocated: 11.64 GB
2025-12-12 17:34:21,509 - src.train - INFO - train.py:216 - GPU Memory reserved: 11.64 GB
2025-12-12 17:34:21,997 - src.data.dataset - INFO - dataset.py:139 - Loaded 118940 samples from data/train.json
2025-12-12 17:34:22,230 - src.data.dataset - INFO - dataset.py:172 - Loaded cache with 40814 items
2025-12-12 17:34:22,230 - src.data.dataset - INFO - dataset.py:81 - Loading tokenizer from /root/.cache/modelscope/hub/models/ZhipuAI/chatglm3-6b
2025-12-12 17:34:22,436 - src.data.dataset - INFO - dataset.py:96 - Tokenizer loaded. pad_token_id: 0
2025-12-12 17:34:22,437 - src.data.dataset - INFO - dataset.py:333 - DataLoader config: pad_token_id=0, max_length=128
2025-12-12 17:34:22,511 - src.data.dataset - INFO - dataset.py:139 - Loaded 14867 samples from data/val.json
2025-12-12 17:34:22,525 - src.data.dataset - INFO - dataset.py:81 - Loading tokenizer from /root/.cache/modelscope/hub/models/ZhipuAI/chatglm3-6b
2025-12-12 17:34:22,725 - src.data.dataset - INFO - dataset.py:96 - Tokenizer loaded. pad_token_id: 0
2025-12-12 17:34:22,726 - src.data.dataset - INFO - dataset.py:333 - DataLoader config: pad_token_id=0, max_length=128
2025-12-12 17:34:22,726 - src.train - INFO - train.py:258 - Train dataset size: 118940
2025-12-12 17:34:22,726 - src.train - INFO - train.py:259 - Val dataset size: 14867
2025-12-12 17:34:22,726 - src.train - INFO - train.py:260 - Train batches per epoch: 14868
2025-12-12 17:34:22,729 - src.train - INFO - train.py:302 - Total training steps: 11151
2025-12-12 17:34:22,730 - src.train - INFO - train.py:303 - Warmup steps: 557
2025-12-12 17:34:23,584 - src.train - INFO - train.py:314 - 
==================================================
2025-12-12 17:34:23,584 - src.train - INFO - train.py:315 - Epoch 1/3
2025-12-12 17:34:23,584 - src.train - INFO - train.py:316 - ==================================================
2025-12-12 17:43:15,268 - src.train - INFO - train.py:61 - Using device: cuda
2025-12-12 17:43:15,559 - src.train - INFO - train.py:133 - ✗ TF32 not available (GPU compute capability < 8.0)
2025-12-12 17:43:15,559 - src.train - INFO - train.py:137 - ✓ cuDNN benchmark enabled
2025-12-12 17:43:15,560 - src.train - INFO - train.py:144 - Loading base model from /root/.cache/modelscope/hub/models/ZhipuAI/chatglm3-6b...
2025-12-12 17:43:15,822 - accelerate.utils.modeling - INFO - modeling.py:987 - We will use 90% of the memory on device 0 for storing the model, and 10% for the buffer to avoid OOM. You can set `max_memory` in to a higher value to use more memory (at your own risk).
2025-12-12 17:43:20,082 - src.train - INFO - train.py:152 - Base model loaded in torch.float16
2025-12-12 17:43:20,083 - src.train - INFO - train.py:176 - ✓ Gradient checkpointing disabled (faster training)
2025-12-12 17:43:20,083 - src.train - INFO - train.py:177 -   - use_cache=True (enabled for speed)
2025-12-12 17:43:20,183 - src.train - INFO - train.py:200 - ============================================================
2025-12-12 17:43:20,184 - src.train - INFO - train.py:201 - LoRA Configuration:
2025-12-12 17:43:20,184 - src.train - INFO - train.py:202 -   - Rank (r): 8
2025-12-12 17:43:20,184 - src.train - INFO - train.py:203 -   - Alpha: 32
2025-12-12 17:43:20,184 - src.train - INFO - train.py:204 -   - Target modules: {'query_key_value'}
2025-12-12 17:43:20,184 - src.train - INFO - train.py:205 -   - Dropout: 0.1
2025-12-12 17:43:20,184 - src.train - INFO - train.py:206 - ============================================================
2025-12-12 17:43:20,184 - src.train - INFO - train.py:207 - Model Statistics:
2025-12-12 17:43:20,184 - src.train - INFO - train.py:208 -   - Total parameters: 6,245,533,696
2025-12-12 17:43:20,184 - src.train - INFO - train.py:209 -   - Trainable parameters: 1,949,696
2025-12-12 17:43:20,184 - src.train - INFO - train.py:210 -   - Trainable %: 0.03%
2025-12-12 17:43:20,184 - src.train - INFO - train.py:211 - ============================================================
2025-12-12 17:43:20,185 - src.train - INFO - train.py:215 - GPU Memory allocated: 11.64 GB
2025-12-12 17:43:20,185 - src.train - INFO - train.py:216 - GPU Memory reserved: 11.64 GB
2025-12-12 17:43:20,689 - src.data.dataset - INFO - dataset.py:139 - Loaded 118940 samples from data/train.json
2025-12-12 17:43:20,917 - src.data.dataset - INFO - dataset.py:172 - Loaded cache with 40814 items
2025-12-12 17:43:20,917 - src.data.dataset - INFO - dataset.py:81 - Loading tokenizer from /root/.cache/modelscope/hub/models/ZhipuAI/chatglm3-6b
2025-12-12 17:43:21,129 - src.data.dataset - INFO - dataset.py:96 - Tokenizer loaded. pad_token_id: 0
2025-12-12 17:43:21,129 - src.data.dataset - INFO - dataset.py:385 - DataLoader config: pad_token_id=0, max_length=128
2025-12-12 17:43:21,205 - src.data.dataset - INFO - dataset.py:139 - Loaded 14867 samples from data/val.json
2025-12-12 17:43:21,220 - src.data.dataset - INFO - dataset.py:81 - Loading tokenizer from /root/.cache/modelscope/hub/models/ZhipuAI/chatglm3-6b
2025-12-12 17:43:21,416 - src.data.dataset - INFO - dataset.py:96 - Tokenizer loaded. pad_token_id: 0
2025-12-12 17:43:21,416 - src.data.dataset - INFO - dataset.py:385 - DataLoader config: pad_token_id=0, max_length=128
2025-12-12 17:43:21,417 - src.train - INFO - train.py:258 - Train dataset size: 118940
2025-12-12 17:43:21,417 - src.train - INFO - train.py:259 - Val dataset size: 14867
2025-12-12 17:43:21,417 - src.train - INFO - train.py:260 - Train batches per epoch: 14868
2025-12-12 17:43:21,420 - src.train - INFO - train.py:302 - Total training steps: 11151
2025-12-12 17:43:21,420 - src.train - INFO - train.py:303 - Warmup steps: 557
2025-12-12 17:43:22,247 - src.train - INFO - train.py:314 - 
==================================================
2025-12-12 17:43:22,247 - src.train - INFO - train.py:315 - Epoch 1/3
2025-12-12 17:43:22,247 - src.train - INFO - train.py:316 - ==================================================
2025-12-12 17:43:22,522 - src.data.dataset - ERROR - dataset.py:298 - Processing failed for idx=75089: Cannot use chat template functions because tokenizer.chat_template is not set and no template argument was passed! For information about writing templates and setting the tokenizer.chat_template attribute, please see the documentation at https://huggingface.co/docs/transformers/main/en/chat_templating
2025-12-12 17:43:22,522 - src.data.dataset - ERROR - dataset.py:298 - Processing failed for idx=43130: Cannot use chat template functions because tokenizer.chat_template is not set and no template argument was passed! For information about writing templates and setting the tokenizer.chat_template attribute, please see the documentation at https://huggingface.co/docs/transformers/main/en/chat_templating
2025-12-12 17:43:22,522 - src.data.dataset - ERROR - dataset.py:298 - Processing failed for idx=599: Cannot use chat template functions because tokenizer.chat_template is not set and no template argument was passed! For information about writing templates and setting the tokenizer.chat_template attribute, please see the documentation at https://huggingface.co/docs/transformers/main/en/chat_templating
2025-12-12 17:43:22,523 - src.data.dataset - ERROR - dataset.py:299 - src: 我发自拍了
2025-12-12 17:43:22,523 - src.data.dataset - ERROR - dataset.py:299 - src: 每天都在想自杀（更）
2025-12-12 17:43:22,523 - src.data.dataset - ERROR - dataset.py:299 - src: 吵架我先认错了(っ&#39;-&#39;)╮=͟͟͞͞
2025-12-12 17:43:22,523 - src.data.dataset - ERROR - dataset.py:300 - tgt: 5555好爱你们
2025-12-12 17:43:22,523 - src.data.dataset - ERROR - dataset.py:300 - tgt: 知错就改最棒了！自己没有错还说对不起的话更棒了！说明你很懂得怎么珍惜感情维系关系~
2025-12-12 17:43:22,523 - src.data.dataset - ERROR - dataset.py:300 - tgt: 是真的人去世的话一般如果很安详自然去世的话然后家人好好普渡是会去很好的路上的但是如果是人为原因或者很
2025-12-12 17:43:22,524 - src.data.dataset - ERROR - dataset.py:298 - Processing failed for idx=21418: Cannot use chat template functions because tokenizer.chat_template is not set and no template argument was passed! For information about writing templates and setting the tokenizer.chat_template attribute, please see the documentation at https://huggingface.co/docs/transformers/main/en/chat_templating
2025-12-12 17:43:22,524 - src.data.dataset - ERROR - dataset.py:298 - Processing failed for idx=61080: Cannot use chat template functions because tokenizer.chat_template is not set and no template argument was passed! For information about writing templates and setting the tokenizer.chat_template attribute, please see the documentation at https://huggingface.co/docs/transformers/main/en/chat_templating
2025-12-12 17:43:22,524 - src.data.dataset - ERROR - dataset.py:298 - Processing failed for idx=65650: Cannot use chat template functions because tokenizer.chat_template is not set and no template argument was passed! For information about writing templates and setting the tokenizer.chat_template attribute, please see the documentation at https://huggingface.co/docs/transformers/main/en/chat_templating
2025-12-12 17:43:22,524 - src.data.dataset - ERROR - dataset.py:299 - src: 我是腐女
2025-12-12 17:43:22,524 - src.data.dataset - ERROR - dataset.py:299 - src: 我今天夸了好多人！
2025-12-12 17:43:22,524 - src.data.dataset - ERROR - dataset.py:299 - src: 虽然周六但我也还是来上班了
2025-12-12 17:43:22,523 - src.data.dataset - ERROR - dataset.py:298 - Processing failed for idx=114784: Cannot use chat template functions because tokenizer.chat_template is not set and no template argument was passed! For information about writing templates and setting the tokenizer.chat_template attribute, please see the documentation at https://huggingface.co/docs/transformers/main/en/chat_templating
2025-12-12 17:43:22,524 - src.data.dataset - ERROR - dataset.py:300 - tgt: 不明白兴奋的点在哪里...
2025-12-12 17:43:22,524 - src.data.dataset - ERROR - dataset.py:300 - tgt: 所以你就是传说中的小天使吧！
2025-12-12 17:43:22,524 - src.data.dataset - ERROR - dataset.py:300 - tgt: 我们公司一周只能休息一天，而且还要装孙子求领导开面答应我休班吧，已经辞职了
2025-12-12 17:43:22,524 - src.data.dataset - ERROR - dataset.py:299 - src: 关于我的辣鸡英语
2025-12-12 17:43:22,524 - src.data.dataset - ERROR - dataset.py:300 - tgt: 下次写正就好了(๑`･ᴗ･´๑)
2025-12-12 17:43:22,524 - src.data.dataset - ERROR - dataset.py:298 - Processing failed for idx=63145: Cannot use chat template functions because tokenizer.chat_template is not set and no template argument was passed! For information about writing templates and setting the tokenizer.chat_template attribute, please see the documentation at https://huggingface.co/docs/transformers/main/en/chat_templating
2025-12-12 17:43:22,524 - src.data.dataset - ERROR - dataset.py:298 - Processing failed for idx=68162: Cannot use chat template functions because tokenizer.chat_template is not set and no template argument was passed! For information about writing templates and setting the tokenizer.chat_template attribute, please see the documentation at https://huggingface.co/docs/transformers/main/en/chat_templating
2025-12-12 17:43:22,524 - src.data.dataset - ERROR - dataset.py:299 - src: 我休学了！
2025-12-12 17:43:22,524 - src.data.dataset - ERROR - dataset.py:298 - Processing failed for idx=111345: Cannot use chat template functions because tokenizer.chat_template is not set and no template argument was passed! For information about writing templates and setting the tokenizer.chat_template attribute, please see the documentation at https://huggingface.co/docs/transformers/main/en/chat_templating
2025-12-12 17:43:22,524 - src.data.dataset - ERROR - dataset.py:299 - src: 练字啦
2025-12-12 17:43:22,524 - src.data.dataset - ERROR - dataset.py:300 - tgt: 我大一休学，现在大六
2025-12-12 17:43:22,524 - src.data.dataset - ERROR - dataset.py:299 - src: 没办法喜欢别人，能表扬吗
2025-12-12 17:43:22,524 - src.data.dataset - ERROR - dataset.py:300 - tgt: 写的不错！继续写下去一定会有一手美丽的字体！楼主加油！
2025-12-12 17:43:22,525 - src.data.dataset - ERROR - dataset.py:298 - Processing failed for idx=114144: Cannot use chat template functions because tokenizer.chat_template is not set and no template argument was passed! For information about writing templates and setting the tokenizer.chat_template attribute, please see the documentation at https://huggingface.co/docs/transformers/main/en/chat_templating
2025-12-12 17:43:22,525 - src.data.dataset - ERROR - dataset.py:300 - tgt: 学会喜欢自己才能喜欢别人！lz正在好好学习怎么更喜欢自己呢！
2025-12-12 17:43:22,525 - src.data.dataset - ERROR - dataset.py:299 - src: 今天被人说手是真的丑...眼睛水要止不住唠...
2025-12-12 17:43:22,525 - src.data.dataset - ERROR - dataset.py:298 - Processing failed for idx=57955: Cannot use chat template functions because tokenizer.chat_template is not set and no template argument was passed! For information about writing templates and setting the tokenizer.chat_template attribute, please see the documentation at https://huggingface.co/docs/transformers/main/en/chat_templating
2025-12-12 17:43:22,525 - src.data.dataset - ERROR - dataset.py:300 - tgt: 哈哈哈哈哈哈哈哈哈是的！你太可爱了
2025-12-12 17:43:22,525 - src.data.dataset - ERROR - dataset.py:298 - Processing failed for idx=87577: Cannot use chat template functions because tokenizer.chat_template is not set and no template argument was passed! For information about writing templates and setting the tokenizer.chat_template attribute, please see the documentation at https://huggingface.co/docs/transformers/main/en/chat_templating
2025-12-12 17:43:22,525 - src.data.dataset - ERROR - dataset.py:299 - src: 我！被！绿！了！
2025-12-12 17:43:22,525 - src.data.dataset - ERROR - dataset.py:300 - tgt: 忍不住表扬一下
2025-12-12 17:43:22,525 - src.data.dataset - ERROR - dataset.py:298 - Processing failed for idx=94730: Cannot use chat template functions because tokenizer.chat_template is not set and no template argument was passed! For information about writing templates and setting the tokenizer.chat_template attribute, please see the documentation at https://huggingface.co/docs/transformers/main/en/chat_templating
2025-12-12 17:43:22,525 - src.data.dataset - ERROR - dataset.py:299 - src: 老牛吃嫩草，90想找95-00做女盆友，
2025-12-12 17:43:22,525 - src.data.dataset - ERROR - dataset.py:298 - Processing failed for idx=63728: Cannot use chat template functions because tokenizer.chat_template is not set and no template argument was passed! For information about writing templates and setting the tokenizer.chat_template attribute, please see the documentation at https://huggingface.co/docs/transformers/main/en/chat_templating
2025-12-12 17:43:22,525 - src.data.dataset - ERROR - dataset.py:300 - tgt: 我一年过百万
2025-12-12 17:43:22,525 - src.data.dataset - ERROR - dataset.py:299 - src: 我超爱拖延！
2025-12-12 17:43:22,525 - src.data.dataset - ERROR - dataset.py:299 - src: 有房有车，考进公务员，有点失去人生目标了.
2025-12-12 17:43:22,525 - src.data.dataset - ERROR - dataset.py:298 - Processing failed for idx=17931: Cannot use chat template functions because tokenizer.chat_template is not set and no template argument was passed! For information about writing templates and setting the tokenizer.chat_template attribute, please see the documentation at https://huggingface.co/docs/transformers/main/en/chat_templating
2025-12-12 17:43:22,525 - src.data.dataset - ERROR - dataset.py:300 - tgt: 姐妹我告诉你我交一个申请ddl是2.28欧洲时间23:59我依靠着7小时时差拖到国内凌晨3:00才交
2025-12-12 17:43:22,525 - src.data.dataset - ERROR - dataset.py:300 - tgt: 而且我也没有男朋友悲伤为啥我这么酸
2025-12-12 17:43:22,525 - src.data.dataset - ERROR - dataset.py:299 - src: 想找个人一起哭，间歇性抑郁了
2025-12-12 17:43:22,525 - src.data.dataset - ERROR - dataset.py:298 - Processing failed for idx=77542: Cannot use chat template functions because tokenizer.chat_template is not set and no template argument was passed! For information about writing templates and setting the tokenizer.chat_template attribute, please see the documentation at https://huggingface.co/docs/transformers/main/en/chat_templating
2025-12-12 17:43:22,525 - src.data.dataset - ERROR - dataset.py:300 - tgt: 想哭就哭，哭出来心里就舒坦了
2025-12-12 17:43:22,525 - src.data.dataset - ERROR - dataset.py:298 - Processing failed for idx=38002: Cannot use chat template functions because tokenizer.chat_template is not set and no template argument was passed! For information about writing templates and setting the tokenizer.chat_template attribute, please see the documentation at https://huggingface.co/docs/transformers/main/en/chat_templating
2025-12-12 17:43:22,526 - src.data.dataset - ERROR - dataset.py:299 - src: 我觉得我拍的还是不错的
2025-12-12 17:43:22,526 - src.data.dataset - ERROR - dataset.py:298 - Processing failed for idx=86292: Cannot use chat template functions because tokenizer.chat_template is not set and no template argument was passed! For information about writing templates and setting the tokenizer.chat_template attribute, please see the documentation at https://huggingface.co/docs/transformers/main/en/chat_templating
2025-12-12 17:43:22,526 - src.data.dataset - ERROR - dataset.py:299 - src: 真的被好多可爱的人夸太甜了
2025-12-12 17:43:22,526 - src.data.dataset - ERROR - dataset.py:300 - tgt: 这样都能碰到认识的人，我不开心了，再见
2025-12-12 17:43:22,526 - src.data.dataset - ERROR - dataset.py:298 - Processing failed for idx=83863: Cannot use chat template functions because tokenizer.chat_template is not set and no template argument was passed! For information about writing templates and setting the tokenizer.chat_template attribute, please see the documentation at https://huggingface.co/docs/transformers/main/en/chat_templating
2025-12-12 17:43:22,526 - src.data.dataset - ERROR - dataset.py:299 - src: 纪录片的事儿！
2025-12-12 17:43:22,526 - src.data.dataset - ERROR - dataset.py:300 - tgt: 哇心情好好厉害啊很棒啊！
2025-12-12 17:43:22,526 - src.data.dataset - ERROR - dataset.py:300 - tgt: 记录下来吧我也愿意做你的观众超喜欢纪录片的
2025-12-12 17:43:22,526 - src.data.dataset - ERROR - dataset.py:299 - src: 求职季真的好焦虑
2025-12-12 17:43:22,526 - src.data.dataset - ERROR - dataset.py:298 - Processing failed for idx=79634: Cannot use chat template functions because tokenizer.chat_template is not set and no template argument was passed! For information about writing templates and setting the tokenizer.chat_template attribute, please see the documentation at https://huggingface.co/docs/transformers/main/en/chat_templating
2025-12-12 17:43:22,526 - src.data.dataset - ERROR - dataset.py:300 - tgt: 啊我刚刚也想发帖说这个来着...秋招被我丧过去了，但是现在春招刚刚开始，一定要打起精神继续加油！一起
2025-12-12 17:43:22,526 - src.data.dataset - ERROR - dataset.py:298 - Processing failed for idx=18058: Cannot use chat template functions because tokenizer.chat_template is not set and no template argument was passed! For information about writing templates and setting the tokenizer.chat_template attribute, please see the documentation at https://huggingface.co/docs/transformers/main/en/chat_templating
2025-12-12 17:43:22,526 - src.data.dataset - ERROR - dataset.py:299 - src: 感觉自己是真屌丝
2025-12-12 17:43:22,526 - src.data.dataset - ERROR - dataset.py:298 - Processing failed for idx=21414: Cannot use chat template functions because tokenizer.chat_template is not set and no template argument was passed! For information about writing templates and setting the tokenizer.chat_template attribute, please see the documentation at https://huggingface.co/docs/transformers/main/en/chat_templating
2025-12-12 17:43:22,526 - src.data.dataset - ERROR - dataset.py:299 - src: 讲真，怎么找女朋友
2025-12-12 17:43:22,526 - src.data.dataset - ERROR - dataset.py:298 - Processing failed for idx=115290: Cannot use chat template functions because tokenizer.chat_template is not set and no template argument was passed! For information about writing templates and setting the tokenizer.chat_template attribute, please see the documentation at https://huggingface.co/docs/transformers/main/en/chat_templating
2025-12-12 17:43:22,526 - src.data.dataset - ERROR - dataset.py:300 - tgt: 我感觉有点不对劲，没想到它是机器人，还以为它在抖机灵，人工智能有一点厉害呀
2025-12-12 17:43:22,526 - src.data.dataset - ERROR - dataset.py:299 - src: 没有男朋友，
2025-12-12 17:43:22,526 - src.data.dataset - ERROR - dataset.py:300 - tgt: 变帅
2025-12-12 17:43:22,526 - src.data.dataset - ERROR - dataset.py:300 - tgt: 老女生
2025-12-12 17:43:22,526 - src.data.dataset - ERROR - dataset.py:299 - src: 给大家看下，我为脱单都下了什么App
2025-12-12 17:43:22,527 - src.data.dataset - ERROR - dataset.py:300 - tgt: 除了那啥即刻没用过，然而依旧未脱单
2025-12-12 17:43:22,527 - src.data.dataset - ERROR - dataset.py:298 - Processing failed for idx=83328: Cannot use chat template functions because tokenizer.chat_template is not set and no template argument was passed! For information about writing templates and setting the tokenizer.chat_template attribute, please see the documentation at https://huggingface.co/docs/transformers/main/en/chat_templating
2025-12-12 17:43:22,527 - src.data.dataset - ERROR - dataset.py:298 - Processing failed for idx=25088: Cannot use chat template functions because tokenizer.chat_template is not set and no template argument was passed! For information about writing templates and setting the tokenizer.chat_template attribute, please see the documentation at https://huggingface.co/docs/transformers/main/en/chat_templating
2025-12-12 17:43:22,527 - src.data.dataset - ERROR - dataset.py:298 - Processing failed for idx=8515: Cannot use chat template functions because tokenizer.chat_template is not set and no template argument was passed! For information about writing templates and setting the tokenizer.chat_template attribute, please see the documentation at https://huggingface.co/docs/transformers/main/en/chat_templating
2025-12-12 17:43:22,527 - src.data.dataset - ERROR - dataset.py:299 - src: 生病休学两年，明天要重新上学啦
2025-12-12 17:43:22,527 - src.data.dataset - ERROR - dataset.py:299 - src: 请大家表扬我做的蛋糕
2025-12-12 17:43:22,527 - src.data.dataset - ERROR - dataset.py:298 - Processing failed for idx=55999: Cannot use chat template functions because tokenizer.chat_template is not set and no template argument was passed! For information about writing templates and setting the tokenizer.chat_template attribute, please see the documentation at https://huggingface.co/docs/transformers/main/en/chat_templating
2025-12-12 17:43:22,527 - src.data.dataset - ERROR - dataset.py:300 - tgt: 就是会踮脚尖要亲亲那种甜吧
2025-12-12 17:43:22,527 - src.data.dataset - ERROR - dataset.py:300 - tgt: 今天我是聪明人啦x
2025-12-12 17:43:22,527 - src.data.dataset - ERROR - dataset.py:299 - src: 实习做TA干了五天就被炒掉了
2025-12-12 17:43:22,527 - src.data.dataset - ERROR - dataset.py:300 - tgt: 一般来说公司不应该这样毫无耐心，毕竟实习预算也很低，说明你躲开了很可能不靠谱的公司。我不是为了安慰而
2025-12-12 17:43:22,527 - src.data.dataset - ERROR - dataset.py:299 - src: 快要考教资了，可是还有两大本书没看，(&gt;﹏&lt;)
2025-12-12 17:43:22,527 - src.data.dataset - ERROR - dataset.py:298 - Processing failed for idx=32434: Cannot use chat template functions because tokenizer.chat_template is not set and no template argument was passed! For information about writing templates and setting the tokenizer.chat_template attribute, please see the documentation at https://huggingface.co/docs/transformers/main/en/chat_templating
2025-12-12 17:43:22,527 - src.data.dataset - ERROR - dataset.py:300 - tgt: 我也看不完
2025-12-12 17:43:22,527 - src.data.dataset - ERROR - dataset.py:298 - Processing failed for idx=6846: Cannot use chat template functions because tokenizer.chat_template is not set and no template argument was passed! For information about writing templates and setting the tokenizer.chat_template attribute, please see the documentation at https://huggingface.co/docs/transformers/main/en/chat_templating
2025-12-12 17:43:22,527 - src.data.dataset - ERROR - dataset.py:299 - src: 这么困还在努力工作，表扬吧
2025-12-12 17:43:22,527 - src.data.dataset - ERROR - dataset.py:300 - tgt: 那我还是看看你说的侦缉档案吧，哈哈
2025-12-12 17:43:22,527 - src.data.dataset - ERROR - dataset.py:298 - Processing failed for idx=117295: Cannot use chat template functions because tokenizer.chat_template is not set and no template argument was passed! For information about writing templates and setting the tokenizer.chat_template attribute, please see the documentation at https://huggingface.co/docs/transformers/main/en/chat_templating
2025-12-12 17:43:22,527 - src.data.dataset - ERROR - dataset.py:299 - src: 我朋友说我很搞笑因为我追一个触不可及的人
2025-12-12 17:43:22,527 - src.data.dataset - ERROR - dataset.py:300 - tgt: 亲这边觉得您勇于面对自己的真心超棒的呢
2025-12-12 17:43:22,527 - src.data.dataset - ERROR - dataset.py:299 - src: 孤零零的画
2025-12-12 17:43:22,527 - src.data.dataset - ERROR - dataset.py:300 - tgt: 嗯嗯一定是这样滴╰(*´︶`*)╯
2025-12-12 17:43:22,528 - src.data.dataset - ERROR - dataset.py:298 - Processing failed for idx=43065: Cannot use chat template functions because tokenizer.chat_template is not set and no template argument was passed! For information about writing templates and setting the tokenizer.chat_template attribute, please see the documentation at https://huggingface.co/docs/transformers/main/en/chat_templating
2025-12-12 17:43:22,528 - src.data.dataset - ERROR - dataset.py:299 - src: 每周坚持吃一次垃圾食品的我真棒！
2025-12-12 17:43:22,528 - src.data.dataset - ERROR - dataset.py:300 - tgt: 简直专一的不行，为食品安全行业做出自己力所能及的贡献！
2025-12-12 17:43:22,529 - src.data.dataset - ERROR - dataset.py:298 - Processing failed for idx=14362: Cannot use chat template functions because tokenizer.chat_template is not set and no template argument was passed! For information about writing templates and setting the tokenizer.chat_template attribute, please see the documentation at https://huggingface.co/docs/transformers/main/en/chat_templating
2025-12-12 17:43:22,530 - src.data.dataset - ERROR - dataset.py:299 - src: 主动退出了鹅组
2025-12-12 17:43:22,530 - src.data.dataset - ERROR - dataset.py:300 - tgt: 视金钱如粪土
2025-12-12 17:43:22,529 - src.data.dataset - ERROR - dataset.py:298 - Processing failed for idx=109277: Cannot use chat template functions because tokenizer.chat_template is not set and no template argument was passed! For information about writing templates and setting the tokenizer.chat_template attribute, please see the documentation at https://huggingface.co/docs/transformers/main/en/chat_templating
2025-12-12 17:43:22,530 - src.data.dataset - ERROR - dataset.py:298 - Processing failed for idx=49588: Cannot use chat template functions because tokenizer.chat_template is not set and no template argument was passed! For information about writing templates and setting the tokenizer.chat_template attribute, please see the documentation at https://huggingface.co/docs/transformers/main/en/chat_templating
2025-12-12 17:43:22,529 - src.data.dataset - ERROR - dataset.py:298 - Processing failed for idx=85133: Cannot use chat template functions because tokenizer.chat_template is not set and no template argument was passed! For information about writing templates and setting the tokenizer.chat_template attribute, please see the documentation at https://huggingface.co/docs/transformers/main/en/chat_templating
2025-12-12 17:43:22,530 - src.data.dataset - ERROR - dataset.py:299 - src: 人生第一支口红貌似买成了死亡芭比粉，！
2025-12-12 17:43:22,530 - src.data.dataset - ERROR - dataset.py:298 - Processing failed for idx=103851: Cannot use chat template functions because tokenizer.chat_template is not set and no template argument was passed! For information about writing templates and setting the tokenizer.chat_template attribute, please see the documentation at https://huggingface.co/docs/transformers/main/en/chat_templating
2025-12-12 17:43:22,531 - src.data.dataset - ERROR - dataset.py:299 - src: 今天分手了
2025-12-12 17:43:22,531 - src.data.dataset - ERROR - dataset.py:299 - src: 过马路随手拍
2025-12-12 17:43:22,531 - src.data.dataset - ERROR - dataset.py:299 - src: 晚饭没食欲，
2025-12-12 17:43:22,531 - src.data.dataset - ERROR - dataset.py:300 - tgt: 救命仙女
2025-12-12 17:43:22,531 - src.data.dataset - ERROR - dataset.py:300 - tgt: 我想要得到一个粉粉甜甜的吻
2025-12-12 17:43:22,531 - src.data.dataset - ERROR - dataset.py:300 - tgt: emmmmm,我想知道你有食欲的时候能吃多少？
2025-12-12 17:43:22,531 - src.data.dataset - ERROR - dataset.py:300 - tgt: 吼的谢谢你也希望你开心
2025-12-12 17:43:22,531 - src.data.dataset - ERROR - dataset.py:298 - Processing failed for idx=1249: Cannot use chat template functions because tokenizer.chat_template is not set and no template argument was passed! For information about writing templates and setting the tokenizer.chat_template attribute, please see the documentation at https://huggingface.co/docs/transformers/main/en/chat_templating
2025-12-12 17:43:22,532 - src.data.dataset - ERROR - dataset.py:298 - Processing failed for idx=65056: Cannot use chat template functions because tokenizer.chat_template is not set and no template argument was passed! For information about writing templates and setting the tokenizer.chat_template attribute, please see the documentation at https://huggingface.co/docs/transformers/main/en/chat_templating
2025-12-12 17:43:22,532 - src.data.dataset - ERROR - dataset.py:299 - src: 明天就要guokao面试了
2025-12-12 17:43:22,532 - src.data.dataset - ERROR - dataset.py:298 - Processing failed for idx=83839: Cannot use chat template functions because tokenizer.chat_template is not set and no template argument was passed! For information about writing templates and setting the tokenizer.chat_template attribute, please see the documentation at https://huggingface.co/docs/transformers/main/en/chat_templating
2025-12-12 17:43:22,531 - src.data.dataset - ERROR - dataset.py:298 - Processing failed for idx=30402: Cannot use chat template functions because tokenizer.chat_template is not set and no template argument was passed! For information about writing templates and setting the tokenizer.chat_template attribute, please see the documentation at https://huggingface.co/docs/transformers/main/en/chat_templating
2025-12-12 17:43:22,532 - src.data.dataset - ERROR - dataset.py:299 - src: 36年至今未婚坚守无爱不婚
2025-12-12 17:43:22,532 - src.data.dataset - ERROR - dataset.py:299 - src: 去浙大勾搭留学生学英语，结果我们用中文聊起来了
2025-12-12 17:43:22,533 - src.data.dataset - ERROR - dataset.py:300 - tgt: 不知名二本野鸡大学
2025-12-12 17:43:22,532 - src.data.dataset - ERROR - dataset.py:300 - tgt: 你会成为公务员里面最有趣的人
2025-12-12 17:43:22,532 - src.data.dataset - ERROR - dataset.py:299 - src: 早上起来煮了一碗粥，快夸我
2025-12-12 17:43:22,532 - src.data.dataset - ERROR - dataset.py:300 - tgt: 一起加油
2025-12-12 17:43:22,533 - src.data.dataset - ERROR - dataset.py:300 - tgt: 在一碗粥里我看到的不仅仅是厨艺精湛，更是楼主对生活的热爱和在周末早起的毅力！
2025-12-12 17:43:22,533 - src.data.dataset - ERROR - dataset.py:298 - Processing failed for idx=37767: Cannot use chat template functions because tokenizer.chat_template is not set and no template argument was passed! For information about writing templates and setting the tokenizer.chat_template attribute, please see the documentation at https://huggingface.co/docs/transformers/main/en/chat_templating
2025-12-12 17:43:22,533 - src.data.dataset - ERROR - dataset.py:298 - Processing failed for idx=91407: Cannot use chat template functions because tokenizer.chat_template is not set and no template argument was passed! For information about writing templates and setting the tokenizer.chat_template attribute, please see the documentation at https://huggingface.co/docs/transformers/main/en/chat_templating
2025-12-12 17:43:22,533 - src.data.dataset - ERROR - dataset.py:299 - src: 如何帮助抑郁症的善良女孩？
2025-12-12 17:43:22,533 - src.data.dataset - ERROR - dataset.py:298 - Processing failed for idx=79986: Cannot use chat template functions because tokenizer.chat_template is not set and no template argument was passed! For information about writing templates and setting the tokenizer.chat_template attribute, please see the documentation at https://huggingface.co/docs/transformers/main/en/chat_templating
2025-12-12 17:43:22,533 - src.data.dataset - ERROR - dataset.py:300 - tgt: 好～哈哈哈哈哈～（温暖的笑）
2025-12-12 17:43:22,533 - src.data.dataset - ERROR - dataset.py:299 - src: 竟有这种小组！我李某人火速赶来！
2025-12-12 17:43:22,533 - src.data.dataset - ERROR - dataset.py:298 - Processing failed for idx=6712: Cannot use chat template functions because tokenizer.chat_template is not set and no template argument was passed! For information about writing templates and setting the tokenizer.chat_template attribute, please see the documentation at https://huggingface.co/docs/transformers/main/en/chat_templating
2025-12-12 17:43:22,533 - src.data.dataset - ERROR - dataset.py:300 - tgt: 火速这个词用的妙极了！
2025-12-12 17:43:22,533 - src.data.dataset - ERROR - dataset.py:298 - Processing failed for idx=83727: Cannot use chat template functions because tokenizer.chat_template is not set and no template argument was passed! For information about writing templates and setting the tokenizer.chat_template attribute, please see the documentation at https://huggingface.co/docs/transformers/main/en/chat_templating
2025-12-12 17:43:22,534 - src.data.dataset - ERROR - dataset.py:299 - src: 拒绝了同学婚礼邀请！实在不想当伴娘了！
2025-12-12 17:43:22,534 - src.data.dataset - ERROR - dataset.py:298 - Processing failed for idx=47612: Cannot use chat template functions because tokenizer.chat_template is not set and no template argument was passed! For information about writing templates and setting the tokenizer.chat_template attribute, please see the documentation at https://huggingface.co/docs/transformers/main/en/chat_templating
2025-12-12 17:43:22,534 - src.data.dataset - ERROR - dataset.py:300 - tgt: 人生苦短做自己想做的
2025-12-12 17:43:22,534 - src.data.dataset - ERROR - dataset.py:299 - src: 毕业论文导师不放过我
2025-12-12 17:43:22,534 - src.data.dataset - ERROR - dataset.py:299 - src: 自己用PS改的第一张图
2025-12-12 17:43:22,534 - src.data.dataset - ERROR - dataset.py:300 - tgt: 唉，赶紧改吧，这才4稿，应该早点给导师看交流啊。我都给导师看了将近10稿才拿去送审的。
2025-12-12 17:43:22,534 - src.data.dataset - ERROR - dataset.py:298 - Processing failed for idx=104315: Cannot use chat template functions because tokenizer.chat_template is not set and no template argument was passed! For information about writing templates and setting the tokenizer.chat_template attribute, please see the documentation at https://huggingface.co/docs/transformers/main/en/chat_templating
2025-12-12 17:43:22,534 - src.data.dataset - ERROR - dataset.py:299 - src: 六级考了397分！又没过呢！（
2025-12-12 17:43:22,534 - src.data.dataset - ERROR - dataset.py:299 - src: 六级没过，
2025-12-12 17:43:22,534 - src.data.dataset - ERROR - dataset.py:300 - tgt: 楼主可以每天读读外刊背背单词什么的～阅读多刷刷题鸭！你下次一定可以哒，记得日积月累多看看英语嗷️
2025-12-12 17:43:22,534 - src.data.dataset - ERROR - dataset.py:298 - Processing failed for idx=96104: Cannot use chat template functions because tokenizer.chat_template is not set and no template argument was passed! For information about writing templates and setting the tokenizer.chat_template attribute, please see the documentation at https://huggingface.co/docs/transformers/main/en/chat_templating
2025-12-12 17:43:22,534 - src.data.dataset - ERROR - dataset.py:300 - tgt: 表扬你，我一直没过，没过就没过吧哈哈哈
2025-12-12 17:43:22,534 - src.data.dataset - ERROR - dataset.py:299 - src: 六级考了五次了还没过，有没有小可爱能表扬我一下
2025-12-12 17:43:22,534 - src.data.dataset - ERROR - dataset.py:300 - tgt: 我考了两次也没过天将降大任于斯人也必将多考几次……
2025-12-12 17:43:22,534 - src.data.dataset - ERROR - dataset.py:300 - tgt: 楼主棒棒哒！（这样可以吗？）
2025-12-12 17:43:22,534 - src.data.dataset - ERROR - dataset.py:298 - Processing failed for idx=110456: Cannot use chat template functions because tokenizer.chat_template is not set and no template argument was passed! For information about writing templates and setting the tokenizer.chat_template attribute, please see the documentation at https://huggingface.co/docs/transformers/main/en/chat_templating
2025-12-12 17:43:22,534 - src.data.dataset - ERROR - dataset.py:299 - src: 昨晚做了一个羞耻的梦，～
2025-12-12 17:43:22,534 - src.data.dataset - ERROR - dataset.py:298 - Processing failed for idx=54941: Cannot use chat template functions because tokenizer.chat_template is not set and no template argument was passed! For information about writing templates and setting the tokenizer.chat_template attribute, please see the documentation at https://huggingface.co/docs/transformers/main/en/chat_templating
2025-12-12 17:43:22,534 - src.data.dataset - ERROR - dataset.py:300 - tgt: 春天来了啊
2025-12-12 17:43:22,534 - src.data.dataset - ERROR - dataset.py:298 - Processing failed for idx=5455: Cannot use chat template functions because tokenizer.chat_template is not set and no template argument was passed! For information about writing templates and setting the tokenizer.chat_template attribute, please see the documentation at https://huggingface.co/docs/transformers/main/en/chat_templating
2025-12-12 17:43:22,534 - src.data.dataset - ERROR - dataset.py:299 - src: 分手四个月了还在想前男友
2025-12-12 17:43:22,534 - src.data.dataset - ERROR - dataset.py:300 - tgt: 昂，可不是么，朋友都夸我脾气好
2025-12-12 17:43:22,534 - src.data.dataset - ERROR - dataset.py:299 - src: 我什么都不发，看大家能夸什么
2025-12-12 17:43:22,534 - src.data.dataset - ERROR - dataset.py:298 - Processing failed for idx=71152: Cannot use chat template functions because tokenizer.chat_template is not set and no template argument was passed! For information about writing templates and setting the tokenizer.chat_template attribute, please see the documentation at https://huggingface.co/docs/transformers/main/en/chat_templating
2025-12-12 17:43:22,534 - src.data.dataset - ERROR - dataset.py:300 - tgt: 楼主什么都不说就能被夸了，真是太厉害了！
2025-12-12 17:43:22,534 - src.data.dataset - ERROR - dataset.py:299 - src: 1986年的小脑斧！
2025-12-12 17:43:22,535 - src.data.dataset - ERROR - dataset.py:298 - Processing failed for idx=108127: Cannot use chat template functions because tokenizer.chat_template is not set and no template argument was passed! For information about writing templates and setting the tokenizer.chat_template attribute, please see the documentation at https://huggingface.co/docs/transformers/main/en/chat_templating
2025-12-12 17:43:22,535 - src.data.dataset - ERROR - dataset.py:300 - tgt: 追求事业的人永远不被情爱所牵绊
2025-12-12 17:43:22,535 - src.data.dataset - ERROR - dataset.py:299 - src: 事情好多，可我还在床上打滚？
2025-12-12 17:43:22,535 - src.data.dataset - ERROR - dataset.py:298 - Processing failed for idx=21905: Cannot use chat template functions because tokenizer.chat_template is not set and no template argument was passed! For information about writing templates and setting the tokenizer.chat_template attribute, please see the documentation at https://huggingface.co/docs/transformers/main/en/chat_templating
2025-12-12 17:43:22,535 - src.data.dataset - ERROR - dataset.py:300 - tgt: 加油！你还可以再坚持躺会儿！
2025-12-12 17:43:22,535 - src.data.dataset - ERROR - dataset.py:299 - src: 离职了懒得找工作，可能也找不到
2025-12-12 17:43:22,535 - src.data.dataset - ERROR - dataset.py:298 - Processing failed for idx=42087: Cannot use chat template functions because tokenizer.chat_template is not set and no template argument was passed! For information about writing templates and setting the tokenizer.chat_template attribute, please see the documentation at https://huggingface.co/docs/transformers/main/en/chat_templating
2025-12-12 17:43:22,535 - src.data.dataset - ERROR - dataset.py:300 - tgt: 反正躺着也花不了钱佛系找工作
2025-12-12 17:43:22,535 - src.data.dataset - ERROR - dataset.py:299 - src: 失业两个多月了好丧
2025-12-12 17:43:22,535 - src.data.dataset - ERROR - dataset.py:300 - tgt: 在职的人也并不好过
2025-12-12 17:43:22,535 - src.data.dataset - ERROR - dataset.py:298 - Processing failed for idx=93797: Cannot use chat template functions because tokenizer.chat_template is not set and no template argument was passed! For information about writing templates and setting the tokenizer.chat_template attribute, please see the documentation at https://huggingface.co/docs/transformers/main/en/chat_templating
2025-12-12 17:43:22,535 - src.data.dataset - ERROR - dataset.py:299 - src: 失业了
2025-12-12 17:43:22,535 - src.data.dataset - ERROR - dataset.py:300 - tgt: 巧了
2025-12-12 17:43:22,535 - src.data.dataset - ERROR - dataset.py:298 - Processing failed for idx=95844: Cannot use chat template functions because tokenizer.chat_template is not set and no template argument was passed! For information about writing templates and setting the tokenizer.chat_template attribute, please see the documentation at https://huggingface.co/docs/transformers/main/en/chat_templating
2025-12-12 17:43:22,535 - src.data.dataset - ERROR - dataset.py:299 - src: 明天要去戴牙套了，
2025-12-12 17:43:22,535 - src.data.dataset - ERROR - dataset.py:300 - tgt: 年龄越大越顾虑太多，想，就去做哈
2025-12-12 17:43:22,535 - src.data.dataset - ERROR - dataset.py:298 - Processing failed for idx=80380: Cannot use chat template functions because tokenizer.chat_template is not set and no template argument was passed! For information about writing templates and setting the tokenizer.chat_template attribute, please see the documentation at https://huggingface.co/docs/transformers/main/en/chat_templating
2025-12-12 17:43:22,535 - src.data.dataset - ERROR - dataset.py:299 - src: 剪视频剪到一半想放弃
2025-12-12 17:43:22,535 - src.data.dataset - ERROR - dataset.py:300 - tgt: 谢谢！不过我剪的是欧美角色cp，捂脸
2025-12-12 17:43:22,535 - src.data.dataset - ERROR - dataset.py:298 - Processing failed for idx=14198: Cannot use chat template functions because tokenizer.chat_template is not set and no template argument was passed! For information about writing templates and setting the tokenizer.chat_template attribute, please see the documentation at https://huggingface.co/docs/transformers/main/en/chat_templating
2025-12-12 17:43:22,536 - src.data.dataset - ERROR - dataset.py:299 - src: 减肥三十斤，
2025-12-12 17:43:22,536 - src.data.dataset - ERROR - dataset.py:300 - tgt: 减肥成功说明毅力非凡，其他事情都不在话下了
2025-12-12 17:43:22,536 - src.data.dataset - ERROR - dataset.py:298 - Processing failed for idx=95284: Cannot use chat template functions because tokenizer.chat_template is not set and no template argument was passed! For information about writing templates and setting the tokenizer.chat_template attribute, please see the documentation at https://huggingface.co/docs/transformers/main/en/chat_templating
2025-12-12 17:43:22,536 - src.data.dataset - ERROR - dataset.py:299 - src: 男朋友不爱我，忍痛分手，！
2025-12-12 17:43:22,536 - src.data.dataset - ERROR - dataset.py:300 - tgt: 当断则断姐妹你超酷！
2025-12-12 17:43:23,556 - src.data.dataset - ERROR - dataset.py:298 - Processing failed for idx=18996: Cannot use chat template functions because tokenizer.chat_template is not set and no template argument was passed! For information about writing templates and setting the tokenizer.chat_template attribute, please see the documentation at https://huggingface.co/docs/transformers/main/en/chat_templating
2025-12-12 17:43:23,556 - src.data.dataset - ERROR - dataset.py:299 - src: 用皱纹纸做了束花!快夸我!
2025-12-12 17:43:23,557 - src.data.dataset - ERROR - dataset.py:300 - tgt: 好舒服的色彩搭配！看着心情就超级好！你真的太棒啦！
2025-12-12 17:43:23,557 - src.data.dataset - ERROR - dataset.py:298 - Processing failed for idx=101758: Cannot use chat template functions because tokenizer.chat_template is not set and no template argument was passed! For information about writing templates and setting the tokenizer.chat_template attribute, please see the documentation at https://huggingface.co/docs/transformers/main/en/chat_templating
2025-12-12 17:43:23,557 - src.data.dataset - ERROR - dataset.py:299 - src: 中午部门聚餐抢了领导的肉，
2025-12-12 17:43:23,557 - src.data.dataset - ERROR - dataset.py:300 - tgt: 哈哈哈哈好好笑哦
2025-12-12 17:43:23,557 - src.data.dataset - ERROR - dataset.py:298 - Processing failed for idx=18726: Cannot use chat template functions because tokenizer.chat_template is not set and no template argument was passed! For information about writing templates and setting the tokenizer.chat_template attribute, please see the documentation at https://huggingface.co/docs/transformers/main/en/chat_templating
2025-12-12 17:43:23,557 - src.data.dataset - ERROR - dataset.py:299 - src: 双非逆袭上了北大医学部
2025-12-12 17:43:23,557 - src.data.dataset - ERROR - dataset.py:300 - tgt: 厉害唉
2025-12-12 17:43:23,557 - src.data.dataset - ERROR - dataset.py:298 - Processing failed for idx=103788: Cannot use chat template functions because tokenizer.chat_template is not set and no template argument was passed! For information about writing templates and setting the tokenizer.chat_template attribute, please see the documentation at https://huggingface.co/docs/transformers/main/en/chat_templating
2025-12-12 17:43:23,558 - src.data.dataset - ERROR - dataset.py:299 - src: 刚刚过了科三，科二也过了，~\(≧▽≦)/~
2025-12-12 17:43:23,558 - src.data.dataset - ERROR - dataset.py:300 - tgt: 好棒呀！考驾驶证不容易呐！
2025-12-12 17:43:23,558 - src.data.dataset - ERROR - dataset.py:298 - Processing failed for idx=72130: Cannot use chat template functions because tokenizer.chat_template is not set and no template argument was passed! For information about writing templates and setting the tokenizer.chat_template attribute, please see the documentation at https://huggingface.co/docs/transformers/main/en/chat_templating
2025-12-12 17:43:23,558 - src.data.dataset - ERROR - dataset.py:299 - src: 准备研究生复试好紧张啊呜呜呜
2025-12-12 17:43:23,558 - src.data.dataset - ERROR - dataset.py:300 - tgt: 我也是不知道怎么复习了不过我相信我们可以的冲鸭
2025-12-12 17:43:23,558 - src.data.dataset - ERROR - dataset.py:298 - Processing failed for idx=79138: Cannot use chat template functions because tokenizer.chat_template is not set and no template argument was passed! For information about writing templates and setting the tokenizer.chat_template attribute, please see the documentation at https://huggingface.co/docs/transformers/main/en/chat_templating
2025-12-12 17:43:23,558 - src.data.dataset - ERROR - dataset.py:299 - src: 减肥快支撑不住了请鼓励1下!
2025-12-12 17:43:23,558 - src.data.dataset - ERROR - dataset.py:300 - tgt: 加油
2025-12-12 17:43:23,558 - src.data.dataset - ERROR - dataset.py:298 - Processing failed for idx=78219: Cannot use chat template functions because tokenizer.chat_template is not set and no template argument was passed! For information about writing templates and setting the tokenizer.chat_template attribute, please see the documentation at https://huggingface.co/docs/transformers/main/en/chat_templating
2025-12-12 17:43:23,558 - src.data.dataset - ERROR - dataset.py:299 - src: 毕业打工9个月，净存下14w～
2025-12-12 17:43:23,559 - src.data.dataset - ERROR - dataset.py:300 - tgt: 好厉害
2025-12-12 17:43:23,559 - src.data.dataset - ERROR - dataset.py:298 - Processing failed for idx=115829: Cannot use chat template functions because tokenizer.chat_template is not set and no template argument was passed! For information about writing templates and setting the tokenizer.chat_template attribute, please see the documentation at https://huggingface.co/docs/transformers/main/en/chat_templating
2025-12-12 17:43:23,559 - src.data.dataset - ERROR - dataset.py:299 - src: 你们什么时候都要爱我啊又难受了对不起
2025-12-12 17:43:23,559 - src.data.dataset - ERROR - dataset.py:300 - tgt: 奶茶很甜
2025-12-12 17:43:23,704 - src.data.dataset - ERROR - dataset.py:298 - Processing failed for idx=101162: Cannot use chat template functions because tokenizer.chat_template is not set and no template argument was passed! For information about writing templates and setting the tokenizer.chat_template attribute, please see the documentation at https://huggingface.co/docs/transformers/main/en/chat_templating
2025-12-12 17:43:23,704 - src.data.dataset - ERROR - dataset.py:299 - src: 今天我被“判了死刑”，能不能夸夸我呀
2025-12-12 17:43:23,704 - src.data.dataset - ERROR - dataset.py:300 - tgt: 无论死活心态要好！
2025-12-12 17:43:23,704 - src.data.dataset - ERROR - dataset.py:298 - Processing failed for idx=96983: Cannot use chat template functions because tokenizer.chat_template is not set and no template argument was passed! For information about writing templates and setting the tokenizer.chat_template attribute, please see the documentation at https://huggingface.co/docs/transformers/main/en/chat_templating
2025-12-12 17:43:23,704 - src.data.dataset - ERROR - dataset.py:299 - src: 昨天晚上对象和我分手了
2025-12-12 17:43:23,704 - src.data.dataset - ERROR - dataset.py:300 - tgt: 分手就分手，下一个会更好！我不远万里回去求复合一次，大街上跟个傻逼一样，所以，你就放心的找一个更好的
2025-12-12 17:43:23,704 - src.data.dataset - ERROR - dataset.py:298 - Processing failed for idx=59522: Cannot use chat template functions because tokenizer.chat_template is not set and no template argument was passed! For information about writing templates and setting the tokenizer.chat_template attribute, please see the documentation at https://huggingface.co/docs/transformers/main/en/chat_templating
2025-12-12 17:43:23,705 - src.data.dataset - ERROR - dataset.py:299 - src: 突然发现自己真的没有朋友
2025-12-12 17:43:23,705 - src.data.dataset - ERROR - dataset.py:300 - tgt: 嗯啊，加油↖(^ω^)↗，我们都一样哦，慢慢照顾好自己，独处也没那么可怕哦
2025-12-12 17:43:23,705 - src.data.dataset - ERROR - dataset.py:298 - Processing failed for idx=52136: Cannot use chat template functions because tokenizer.chat_template is not set and no template argument was passed! For information about writing templates and setting the tokenizer.chat_template attribute, please see the documentation at https://huggingface.co/docs/transformers/main/en/chat_templating
2025-12-12 17:43:23,705 - src.data.dataset - ERROR - dataset.py:299 - src: 今天考完教师资格证啦
2025-12-12 17:43:23,705 - src.data.dataset - ERROR - dataset.py:300 - tgt: 还要经过校考的呢
2025-12-12 17:43:23,705 - src.data.dataset - ERROR - dataset.py:298 - Processing failed for idx=41191: Cannot use chat template functions because tokenizer.chat_template is not set and no template argument was passed! For information about writing templates and setting the tokenizer.chat_template attribute, please see the documentation at https://huggingface.co/docs/transformers/main/en/chat_templating
2025-12-12 17:43:23,705 - src.data.dataset - ERROR - dataset.py:299 - src: 我去无偿献血了，！
2025-12-12 17:43:23,705 - src.data.dataset - ERROR - dataset.py:300 - tgt: 救人一命胜造七级浮屠
2025-12-12 17:43:23,705 - src.data.dataset - ERROR - dataset.py:298 - Processing failed for idx=40596: Cannot use chat template functions because tokenizer.chat_template is not set and no template argument was passed! For information about writing templates and setting the tokenizer.chat_template attribute, please see the documentation at https://huggingface.co/docs/transformers/main/en/chat_templating
2025-12-12 17:43:23,705 - src.data.dataset - ERROR - dataset.py:299 - src: 今天在医院看腰
2025-12-12 17:43:23,706 - src.data.dataset - ERROR - dataset.py:300 - tgt: 厉害！真会照顾自己！我最近也腰疼，都舍不得去医院看，寻思熬过去就好了！
2025-12-12 17:43:23,706 - src.data.dataset - ERROR - dataset.py:298 - Processing failed for idx=54209: Cannot use chat template functions because tokenizer.chat_template is not set and no template argument was passed! For information about writing templates and setting the tokenizer.chat_template attribute, please see the documentation at https://huggingface.co/docs/transformers/main/en/chat_templating
2025-12-12 17:43:23,706 - src.data.dataset - ERROR - dataset.py:299 - src: 猫猫走了…
2025-12-12 17:43:23,706 - src.data.dataset - ERROR - dataset.py:300 - tgt: ️️好想她，希望她不要想我
2025-12-12 17:43:23,706 - src.data.dataset - ERROR - dataset.py:298 - Processing failed for idx=26384: Cannot use chat template functions because tokenizer.chat_template is not set and no template argument was passed! For information about writing templates and setting the tokenizer.chat_template attribute, please see the documentation at https://huggingface.co/docs/transformers/main/en/chat_templating
2025-12-12 17:43:23,706 - src.data.dataset - ERROR - dataset.py:299 - src: 快大半年了，还在想前男友，要夸夸我吗？
2025-12-12 17:43:23,706 - src.data.dataset - ERROR - dataset.py:300 - tgt: 那跟我一起看回复！是夸我们的！
2025-12-12 17:43:24,056 - src.data.dataset - ERROR - dataset.py:298 - Processing failed for idx=110569: Cannot use chat template functions because tokenizer.chat_template is not set and no template argument was passed! For information about writing templates and setting the tokenizer.chat_template attribute, please see the documentation at https://huggingface.co/docs/transformers/main/en/chat_templating
2025-12-12 17:43:24,056 - src.data.dataset - ERROR - dataset.py:299 - src: 第一天加入表扬小组，
2025-12-12 17:43:24,056 - src.data.dataset - ERROR - dataset.py:300 - tgt: 你也来了啊真棒
2025-12-12 17:43:24,056 - src.data.dataset - ERROR - dataset.py:298 - Processing failed for idx=96744: Cannot use chat template functions because tokenizer.chat_template is not set and no template argument was passed! For information about writing templates and setting the tokenizer.chat_template attribute, please see the documentation at https://huggingface.co/docs/transformers/main/en/chat_templating
2025-12-12 17:43:24,056 - src.data.dataset - ERROR - dataset.py:299 - src: 很烦！
2025-12-12 17:43:24,056 - src.data.dataset - ERROR - dataset.py:300 - tgt: 你烦起来都好好看
2025-12-12 17:43:24,056 - src.data.dataset - ERROR - dataset.py:298 - Processing failed for idx=76651: Cannot use chat template functions because tokenizer.chat_template is not set and no template argument was passed! For information about writing templates and setting the tokenizer.chat_template attribute, please see the documentation at https://huggingface.co/docs/transformers/main/en/chat_templating
2025-12-12 17:43:24,057 - src.data.dataset - ERROR - dataset.py:299 - src: 减肥不成功，只能自己爱自己了…
2025-12-12 17:43:24,057 - src.data.dataset - ERROR - dataset.py:300 - tgt: 我是可爱，但是就是不漂亮
2025-12-12 17:43:24,057 - src.data.dataset - ERROR - dataset.py:298 - Processing failed for idx=106327: Cannot use chat template functions because tokenizer.chat_template is not set and no template argument was passed! For information about writing templates and setting the tokenizer.chat_template attribute, please see the documentation at https://huggingface.co/docs/transformers/main/en/chat_templating
2025-12-12 17:43:24,057 - src.data.dataset - ERROR - dataset.py:299 - src: 实验课成功提取了花生油！
2025-12-12 17:43:24,057 - src.data.dataset - ERROR - dataset.py:300 - tgt: 哇(｡･ω･｡)ﾉ楼主好棒！
2025-12-12 17:43:24,057 - src.data.dataset - ERROR - dataset.py:298 - Processing failed for idx=15248: Cannot use chat template functions because tokenizer.chat_template is not set and no template argument was passed! For information about writing templates and setting the tokenizer.chat_template attribute, please see the documentation at https://huggingface.co/docs/transformers/main/en/chat_templating
2025-12-12 17:43:24,057 - src.data.dataset - ERROR - dataset.py:299 - src: 刚刚删除了以前喜欢的人！
2025-12-12 17:43:24,057 - src.data.dataset - ERROR - dataset.py:300 - tgt: 酷酷滴！
2025-12-12 17:43:24,057 - src.data.dataset - ERROR - dataset.py:298 - Processing failed for idx=90976: Cannot use chat template functions because tokenizer.chat_template is not set and no template argument was passed! For information about writing templates and setting the tokenizer.chat_template attribute, please see the documentation at https://huggingface.co/docs/transformers/main/en/chat_templating
2025-12-12 17:43:24,057 - src.data.dataset - ERROR - dataset.py:299 - src: 我组上热搜了诶！表扬大家！
2025-12-12 17:43:24,058 - src.data.dataset - ERROR - dataset.py:300 - tgt: 从微博过来的
2025-12-12 17:43:24,058 - src.data.dataset - ERROR - dataset.py:298 - Processing failed for idx=67946: Cannot use chat template functions because tokenizer.chat_template is not set and no template argument was passed! For information about writing templates and setting the tokenizer.chat_template attribute, please see the documentation at https://huggingface.co/docs/transformers/main/en/chat_templating
2025-12-12 17:43:24,058 - src.data.dataset - ERROR - dataset.py:299 - src: 我做的烘焙，。
2025-12-12 17:43:24,058 - src.data.dataset - ERROR - dataset.py:300 - tgt: 最近也在迷烘焙可以相互学习吗
2025-12-12 17:43:24,058 - src.data.dataset - ERROR - dataset.py:298 - Processing failed for idx=81678: Cannot use chat template functions because tokenizer.chat_template is not set and no template argument was passed! For information about writing templates and setting the tokenizer.chat_template attribute, please see the documentation at https://huggingface.co/docs/transformers/main/en/chat_templating
2025-12-12 17:43:24,058 - src.data.dataset - ERROR - dataset.py:299 - src: 和先生大吵一架，冷战中
2025-12-12 17:43:24,058 - src.data.dataset - ERROR - dataset.py:300 - tgt: 这让我怎么表扬？！
2025-12-12 17:43:24,111 - src.data.dataset - ERROR - dataset.py:298 - Processing failed for idx=87647: Cannot use chat template functions because tokenizer.chat_template is not set and no template argument was passed! For information about writing templates and setting the tokenizer.chat_template attribute, please see the documentation at https://huggingface.co/docs/transformers/main/en/chat_templating
2025-12-12 17:43:24,111 - src.data.dataset - ERROR - dataset.py:299 - src: 马上29岁了，单身3年了，️
2025-12-12 17:43:24,111 - src.data.dataset - ERROR - dataset.py:300 - tgt: 28，单身三年
2025-12-12 17:43:24,111 - src.data.dataset - ERROR - dataset.py:298 - Processing failed for idx=102667: Cannot use chat template functions because tokenizer.chat_template is not set and no template argument was passed! For information about writing templates and setting the tokenizer.chat_template attribute, please see the documentation at https://huggingface.co/docs/transformers/main/en/chat_templating
2025-12-12 17:43:24,111 - src.data.dataset - ERROR - dataset.py:299 - src: 我距离高考还剩80天，我想放弃了，该怎么办
2025-12-12 17:43:24,112 - src.data.dataset - ERROR - dataset.py:300 - tgt: 努力一把吧，如果手机诱惑太大，放下。有很多排解烦恼的办法，不要放弃。
2025-12-12 17:43:24,112 - src.data.dataset - ERROR - dataset.py:298 - Processing failed for idx=80010: Cannot use chat template functions because tokenizer.chat_template is not set and no template argument was passed! For information about writing templates and setting the tokenizer.chat_template attribute, please see the documentation at https://huggingface.co/docs/transformers/main/en/chat_templating
2025-12-12 17:43:24,112 - src.data.dataset - ERROR - dataset.py:299 - src: 累计已经被四个妹子删除微信好友了
2025-12-12 17:43:24,112 - src.data.dataset - ERROR - dataset.py:300 - tgt: 因为他们不配拥有你，你值得拥有更好的人啊！
2025-12-12 17:43:24,112 - src.data.dataset - ERROR - dataset.py:298 - Processing failed for idx=19903: Cannot use chat template functions because tokenizer.chat_template is not set and no template argument was passed! For information about writing templates and setting the tokenizer.chat_template attribute, please see the documentation at https://huggingface.co/docs/transformers/main/en/chat_templating
2025-12-12 17:43:24,112 - src.data.dataset - ERROR - dataset.py:299 - src: 学习2小时，没有玩农药
2025-12-12 17:43:24,112 - src.data.dataset - ERROR - dataset.py:300 - tgt: 你真棒，可以专注学习两个小时！
2025-12-12 17:43:24,112 - src.data.dataset - ERROR - dataset.py:298 - Processing failed for idx=117861: Cannot use chat template functions because tokenizer.chat_template is not set and no template argument was passed! For information about writing templates and setting the tokenizer.chat_template attribute, please see the documentation at https://huggingface.co/docs/transformers/main/en/chat_templating
2025-12-12 17:43:24,112 - src.data.dataset - ERROR - dataset.py:299 - src: 你们有熨烫衣服的习惯吗？
2025-12-12 17:43:24,112 - src.data.dataset - ERROR - dataset.py:300 - tgt: 不是又免烫的吗
2025-12-12 17:43:24,113 - src.data.dataset - ERROR - dataset.py:298 - Processing failed for idx=471: Cannot use chat template functions because tokenizer.chat_template is not set and no template argument was passed! For information about writing templates and setting the tokenizer.chat_template attribute, please see the documentation at https://huggingface.co/docs/transformers/main/en/chat_templating
2025-12-12 17:43:24,113 - src.data.dataset - ERROR - dataset.py:299 - src: 我炒的香辣土豆片
2025-12-12 17:43:24,113 - src.data.dataset - ERROR - dataset.py:300 - tgt: 带辣椒的都是我的(￣ヘ￣)
2025-12-12 17:43:24,113 - src.data.dataset - ERROR - dataset.py:298 - Processing failed for idx=64676: Cannot use chat template functions because tokenizer.chat_template is not set and no template argument was passed! For information about writing templates and setting the tokenizer.chat_template attribute, please see the documentation at https://huggingface.co/docs/transformers/main/en/chat_templating
2025-12-12 17:43:24,113 - src.data.dataset - ERROR - dataset.py:299 - src: 新人，从隔壁辱骂小组过来的
2025-12-12 17:43:24,113 - src.data.dataset - ERROR - dataset.py:300 - tgt: 考什么。
2025-12-12 17:43:24,113 - src.data.dataset - ERROR - dataset.py:298 - Processing failed for idx=47700: Cannot use chat template functions because tokenizer.chat_template is not set and no template argument was passed! For information about writing templates and setting the tokenizer.chat_template attribute, please see the documentation at https://huggingface.co/docs/transformers/main/en/chat_templating
2025-12-12 17:43:24,113 - src.data.dataset - ERROR - dataset.py:299 - src: 暗恋了两个月的室友今晚领着可爱女孩回来了
2025-12-12 17:43:24,113 - src.data.dataset - ERROR - dataset.py:300 - tgt: 别流泪，敌人会笑。有缘无份的事情多了去了
2025-12-12 17:43:24,793 - src.data.dataset - ERROR - dataset.py:298 - Processing failed for idx=16398: Cannot use chat template functions because tokenizer.chat_template is not set and no template argument was passed! For information about writing templates and setting the tokenizer.chat_template attribute, please see the documentation at https://huggingface.co/docs/transformers/main/en/chat_templating
2025-12-12 17:43:24,793 - src.data.dataset - ERROR - dataset.py:299 - src: 今天把家里打扫得干干净净
2025-12-12 17:43:24,793 - src.data.dataset - ERROR - dataset.py:300 - tgt: 干干净净的看着就很开心嘻嘻
2025-12-12 17:43:24,793 - src.data.dataset - ERROR - dataset.py:298 - Processing failed for idx=107116: Cannot use chat template functions because tokenizer.chat_template is not set and no template argument was passed! For information about writing templates and setting the tokenizer.chat_template attribute, please see the documentation at https://huggingface.co/docs/transformers/main/en/chat_templating
2025-12-12 17:43:24,793 - src.data.dataset - ERROR - dataset.py:299 - src: 大龄剩女无工作啃老
2025-12-12 17:43:24,793 - src.data.dataset - ERROR - dataset.py:300 - tgt: 除了感谢父母，也要感谢你自己还没有放弃自己呀！<br/>只不过是暂时不太顺利。<br/>感谢你没有一
2025-12-12 17:43:24,794 - src.data.dataset - ERROR - dataset.py:298 - Processing failed for idx=115050: Cannot use chat template functions because tokenizer.chat_template is not set and no template argument was passed! For information about writing templates and setting the tokenizer.chat_template attribute, please see the documentation at https://huggingface.co/docs/transformers/main/en/chat_templating
2025-12-12 17:43:24,794 - src.data.dataset - ERROR - dataset.py:299 - src: 觉得自己很没用
2025-12-12 17:43:24,794 - src.data.dataset - ERROR - dataset.py:300 - tgt: 我也很没用！
2025-12-12 17:43:24,794 - src.data.dataset - ERROR - dataset.py:298 - Processing failed for idx=73070: Cannot use chat template functions because tokenizer.chat_template is not set and no template argument was passed! For information about writing templates and setting the tokenizer.chat_template attribute, please see the documentation at https://huggingface.co/docs/transformers/main/en/chat_templating
2025-12-12 17:43:24,794 - src.data.dataset - ERROR - dataset.py:299 - src: 控制不住自己，每天都睡很迟啊啊啊啊啊啊啊啊啊啊啊啊
2025-12-12 17:43:24,794 - src.data.dataset - ERROR - dataset.py:300 - tgt: 我挺爱晒太阳的
2025-12-12 17:43:24,794 - src.data.dataset - ERROR - dataset.py:298 - Processing failed for idx=96799: Cannot use chat template functions because tokenizer.chat_template is not set and no template argument was passed! For information about writing templates and setting the tokenizer.chat_template attribute, please see the documentation at https://huggingface.co/docs/transformers/main/en/chat_templating
2025-12-12 17:43:24,794 - src.data.dataset - ERROR - dataset.py:299 - src: 我炒的香辣土豆片
2025-12-12 17:43:24,794 - src.data.dataset - ERROR - dataset.py:300 - tgt: 我有一双灵巧的手
2025-12-12 17:43:24,794 - src.data.dataset - ERROR - dataset.py:298 - Processing failed for idx=39875: Cannot use chat template functions because tokenizer.chat_template is not set and no template argument was passed! For information about writing templates and setting the tokenizer.chat_template attribute, please see the documentation at https://huggingface.co/docs/transformers/main/en/chat_templating
2025-12-12 17:43:24,795 - src.data.dataset - ERROR - dataset.py:299 - src: 今天的第一顿饭
2025-12-12 17:43:24,795 - src.data.dataset - ERROR - dataset.py:300 - tgt: 蛋蛋炒得刚刚好哦！是我最喜欢的那种程度！和米饭cp感太强了！上面的是啥啊
2025-12-12 17:43:24,795 - src.data.dataset - ERROR - dataset.py:298 - Processing failed for idx=42237: Cannot use chat template functions because tokenizer.chat_template is not set and no template argument was passed! For information about writing templates and setting the tokenizer.chat_template attribute, please see the documentation at https://huggingface.co/docs/transformers/main/en/chat_templating
2025-12-12 17:43:24,795 - src.data.dataset - ERROR - dataset.py:299 - src: 明天一个人去打耳洞！（打完啦！开心）
2025-12-12 17:43:24,795 - src.data.dataset - ERROR - dataset.py:300 - tgt: 你真的好厉害啊！姐妹优秀！希望我也像你一样
2025-12-12 17:43:24,795 - src.data.dataset - ERROR - dataset.py:298 - Processing failed for idx=110183: Cannot use chat template functions because tokenizer.chat_template is not set and no template argument was passed! For information about writing templates and setting the tokenizer.chat_template attribute, please see the documentation at https://huggingface.co/docs/transformers/main/en/chat_templating
2025-12-12 17:43:24,795 - src.data.dataset - ERROR - dataset.py:299 - src: 我英语好
2025-12-12 17:43:24,795 - src.data.dataset - ERROR - dataset.py:300 - tgt: 我和班里几个学霸比拼做英语试卷的速度我往往是做的最快最好的那一个
2025-12-12 17:43:24,847 - src.data.dataset - ERROR - dataset.py:298 - Processing failed for idx=52415: Cannot use chat template functions because tokenizer.chat_template is not set and no template argument was passed! For information about writing templates and setting the tokenizer.chat_template attribute, please see the documentation at https://huggingface.co/docs/transformers/main/en/chat_templating
2025-12-12 17:43:24,847 - src.data.dataset - ERROR - dataset.py:299 - src: 腿青了一个礼拜了
2025-12-12 17:43:24,847 - src.data.dataset - ERROR - dataset.py:300 - tgt: 走在路上玩手机没看路撞路敦上了
2025-12-12 17:43:24,847 - src.data.dataset - ERROR - dataset.py:298 - Processing failed for idx=63290: Cannot use chat template functions because tokenizer.chat_template is not set and no template argument was passed! For information about writing templates and setting the tokenizer.chat_template attribute, please see the documentation at https://huggingface.co/docs/transformers/main/en/chat_templating
2025-12-12 17:43:24,847 - src.data.dataset - ERROR - dataset.py:299 - src: 过年前跟我玩暧昧的女生突然有了对象还回头diss我
2025-12-12 17:43:24,847 - src.data.dataset - ERROR - dataset.py:300 - tgt: 楼主，你根本不矮啊！175的男生最可爱的，真的。lz肯定人美心善
2025-12-12 17:43:24,847 - src.data.dataset - ERROR - dataset.py:298 - Processing failed for idx=104240: Cannot use chat template functions because tokenizer.chat_template is not set and no template argument was passed! For information about writing templates and setting the tokenizer.chat_template attribute, please see the documentation at https://huggingface.co/docs/transformers/main/en/chat_templating
2025-12-12 17:43:24,848 - src.data.dataset - ERROR - dataset.py:299 - src: 初试排名85，复试后突围，！
2025-12-12 17:43:24,848 - src.data.dataset - ERROR - dataset.py:300 - tgt: 好厉害啊你
2025-12-12 17:43:24,848 - src.data.dataset - ERROR - dataset.py:298 - Processing failed for idx=100385: Cannot use chat template functions because tokenizer.chat_template is not set and no template argument was passed! For information about writing templates and setting the tokenizer.chat_template attribute, please see the documentation at https://huggingface.co/docs/transformers/main/en/chat_templating
2025-12-12 17:43:24,848 - src.data.dataset - ERROR - dataset.py:299 - src: 下一狠心就把分手两个月的前任删了，。
2025-12-12 17:43:24,848 - src.data.dataset - ERROR - dataset.py:300 - tgt: 我也删了不要怕
2025-12-12 17:43:24,848 - src.data.dataset - ERROR - dataset.py:298 - Processing failed for idx=104626: Cannot use chat template functions because tokenizer.chat_template is not set and no template argument was passed! For information about writing templates and setting the tokenizer.chat_template attribute, please see the documentation at https://huggingface.co/docs/transformers/main/en/chat_templating
2025-12-12 17:43:24,848 - src.data.dataset - ERROR - dataset.py:299 - src: 每当发一次朋友圈，就提醒了我没有朋友的事实……
2025-12-12 17:43:24,848 - src.data.dataset - ERROR - dataset.py:300 - tgt: 我也愿意给你点赞
2025-12-12 17:43:24,848 - src.data.dataset - ERROR - dataset.py:298 - Processing failed for idx=38747: Cannot use chat template functions because tokenizer.chat_template is not set and no template argument was passed! For information about writing templates and setting the tokenizer.chat_template attribute, please see the documentation at https://huggingface.co/docs/transformers/main/en/chat_templating
2025-12-12 17:43:24,848 - src.data.dataset - ERROR - dataset.py:299 - src: 刚拉裤子里了，
2025-12-12 17:43:24,849 - src.data.dataset - ERROR - dataset.py:300 - tgt: 真优秀，我也马桶上，太棒了我们一起加油！
2025-12-12 17:43:24,849 - src.data.dataset - ERROR - dataset.py:298 - Processing failed for idx=41755: Cannot use chat template functions because tokenizer.chat_template is not set and no template argument was passed! For information about writing templates and setting the tokenizer.chat_template attribute, please see the documentation at https://huggingface.co/docs/transformers/main/en/chat_templating
2025-12-12 17:43:24,849 - src.data.dataset - ERROR - dataset.py:299 - src: 新来的刚刚去烫头头发太多炸了QAQ
2025-12-12 17:43:24,849 - src.data.dataset - ERROR - dataset.py:300 - tgt: 哈哈哈哈哈哈哈哈，我以前烫过玉米须，可怕的回忆
2025-12-12 17:43:24,849 - src.data.dataset - ERROR - dataset.py:298 - Processing failed for idx=118478: Cannot use chat template functions because tokenizer.chat_template is not set and no template argument was passed! For information about writing templates and setting the tokenizer.chat_template attribute, please see the documentation at https://huggingface.co/docs/transformers/main/en/chat_templating
2025-12-12 17:43:24,849 - src.data.dataset - ERROR - dataset.py:299 - src: 医生把我的药量减少了，我要痊愈了
2025-12-12 17:43:24,849 - src.data.dataset - ERROR - dataset.py:300 - tgt: 都是你的坚持和努力的结果，请保持。
2025-12-12 17:43:25,218 - src.data.dataset - ERROR - dataset.py:298 - Processing failed for idx=1949: Cannot use chat template functions because tokenizer.chat_template is not set and no template argument was passed! For information about writing templates and setting the tokenizer.chat_template attribute, please see the documentation at https://huggingface.co/docs/transformers/main/en/chat_templating
2025-12-12 17:43:25,218 - src.data.dataset - ERROR - dataset.py:299 - src: 今天又被催婚了，但是我没有生气，
2025-12-12 17:43:25,218 - src.data.dataset - ERROR - dataset.py:300 - tgt: 一万次的赞，你控制了自己的情绪，更多照顾了他人。是个善良的人哟
2025-12-12 17:43:25,218 - src.data.dataset - ERROR - dataset.py:298 - Processing failed for idx=26647: Cannot use chat template functions because tokenizer.chat_template is not set and no template argument was passed! For information about writing templates and setting the tokenizer.chat_template attribute, please see the documentation at https://huggingface.co/docs/transformers/main/en/chat_templating
2025-12-12 17:43:25,219 - src.data.dataset - ERROR - dataset.py:299 - src: 吃了一桶爆米花
2025-12-12 17:43:25,219 - src.data.dataset - ERROR - dataset.py:300 - tgt: 分给你宝贝
2025-12-12 17:43:25,219 - src.data.dataset - ERROR - dataset.py:298 - Processing failed for idx=105354: Cannot use chat template functions because tokenizer.chat_template is not set and no template argument was passed! For information about writing templates and setting the tokenizer.chat_template attribute, please see the documentation at https://huggingface.co/docs/transformers/main/en/chat_templating
2025-12-12 17:43:25,219 - src.data.dataset - ERROR - dataset.py:299 - src: 大家为什么人都有这么会夸人？
2025-12-12 17:43:25,219 - src.data.dataset - ERROR - dataset.py:300 - tgt: 看id就知道你好可爱辣～
2025-12-12 17:43:25,219 - src.data.dataset - ERROR - dataset.py:298 - Processing failed for idx=83167: Cannot use chat template functions because tokenizer.chat_template is not set and no template argument was passed! For information about writing templates and setting the tokenizer.chat_template attribute, please see the documentation at https://huggingface.co/docs/transformers/main/en/chat_templating
2025-12-12 17:43:25,219 - src.data.dataset - ERROR - dataset.py:299 - src: 大家试试呀，把紫薯打在纯牛奶里！
2025-12-12 17:43:25,219 - src.data.dataset - ERROR - dataset.py:300 - tgt: 楼主的料理发光了！既然是你中华小当家的食谱，那我回去必须要试一试了！
2025-12-12 17:43:25,219 - src.data.dataset - ERROR - dataset.py:298 - Processing failed for idx=36874: Cannot use chat template functions because tokenizer.chat_template is not set and no template argument was passed! For information about writing templates and setting the tokenizer.chat_template attribute, please see the documentation at https://huggingface.co/docs/transformers/main/en/chat_templating
2025-12-12 17:43:25,220 - src.data.dataset - ERROR - dataset.py:299 - src: 领导给我加薪了！快表扬我！
2025-12-12 17:43:25,220 - src.data.dataset - ERROR - dataset.py:300 - tgt: 试用期是薪资的80%工资！要懂自己权益
2025-12-12 17:43:25,220 - src.data.dataset - ERROR - dataset.py:298 - Processing failed for idx=52636: Cannot use chat template functions because tokenizer.chat_template is not set and no template argument was passed! For information about writing templates and setting the tokenizer.chat_template attribute, please see the documentation at https://huggingface.co/docs/transformers/main/en/chat_templating
2025-12-12 17:43:25,220 - src.data.dataset - ERROR - dataset.py:299 - src: 早上发现新鞋子丢了，特别郁闷，
2025-12-12 17:43:25,220 - src.data.dataset - ERROR - dataset.py:300 - tgt: 谢谢你！旧的不去新的不来
2025-12-12 17:43:25,220 - src.data.dataset - ERROR - dataset.py:298 - Processing failed for idx=84835: Cannot use chat template functions because tokenizer.chat_template is not set and no template argument was passed! For information about writing templates and setting the tokenizer.chat_template attribute, please see the documentation at https://huggingface.co/docs/transformers/main/en/chat_templating
2025-12-12 17:43:25,220 - src.data.dataset - ERROR - dataset.py:299 - src: 听说豆瓣有这么个人间天堂。
2025-12-12 17:43:25,220 - src.data.dataset - ERROR - dataset.py:300 - tgt: 图片好美，这里是1号
2025-12-12 17:43:25,350 - src.data.dataset - ERROR - dataset.py:298 - Processing failed for idx=20391: Cannot use chat template functions because tokenizer.chat_template is not set and no template argument was passed! For information about writing templates and setting the tokenizer.chat_template attribute, please see the documentation at https://huggingface.co/docs/transformers/main/en/chat_templating
2025-12-12 17:43:25,350 - src.data.dataset - ERROR - dataset.py:299 - src: 看见什么都提不起兴趣
2025-12-12 17:43:25,351 - src.data.dataset - ERROR - dataset.py:300 - tgt: 是的是的。偶尔还能对吃来点儿情绪
2025-12-12 17:43:25,351 - src.data.dataset - ERROR - dataset.py:298 - Processing failed for idx=24590: Cannot use chat template functions because tokenizer.chat_template is not set and no template argument was passed! For information about writing templates and setting the tokenizer.chat_template attribute, please see the documentation at https://huggingface.co/docs/transformers/main/en/chat_templating
2025-12-12 17:43:25,351 - src.data.dataset - ERROR - dataset.py:299 - src: 给大家看看成品，昨天听你们夸我，今天一天都好开心。
2025-12-12 17:43:25,351 - src.data.dataset - ERROR - dataset.py:300 - tgt: 哇！衣服可可爱爱！字也好好看！饺子看得人也很有食欲！你真是个小天使～顺便问一句，饺子是啥馅呀？南瓜o
2025-12-12 17:43:25,351 - src.data.dataset - ERROR - dataset.py:298 - Processing failed for idx=58171: Cannot use chat template functions because tokenizer.chat_template is not set and no template argument was passed! For information about writing templates and setting the tokenizer.chat_template attribute, please see the documentation at https://huggingface.co/docs/transformers/main/en/chat_templating
2025-12-12 17:43:25,351 - src.data.dataset - ERROR - dataset.py:299 - src: 剛剛下班⋯還在地鐵上
2025-12-12 17:43:25,351 - src.data.dataset - ERROR - dataset.py:300 - tgt: 这个点坐地铁，让国家话费在地铁运营上的费用有了实际意义呢！(并不是空车运行)楼主真棒！
2025-12-12 17:43:25,351 - src.data.dataset - ERROR - dataset.py:298 - Processing failed for idx=59055: Cannot use chat template functions because tokenizer.chat_template is not set and no template argument was passed! For information about writing templates and setting the tokenizer.chat_template attribute, please see the documentation at https://huggingface.co/docs/transformers/main/en/chat_templating
2025-12-12 17:43:25,352 - src.data.dataset - ERROR - dataset.py:299 - src: 辅助心态崩了
2025-12-12 17:43:25,352 - src.data.dataset - ERROR - dataset.py:300 - tgt: 愿意做辅助的你一定是一个很好很好的人
2025-12-12 17:43:25,352 - src.data.dataset - ERROR - dataset.py:298 - Processing failed for idx=30235: Cannot use chat template functions because tokenizer.chat_template is not set and no template argument was passed! For information about writing templates and setting the tokenizer.chat_template attribute, please see the documentation at https://huggingface.co/docs/transformers/main/en/chat_templating
2025-12-12 17:43:25,352 - src.data.dataset - ERROR - dataset.py:299 - src: 在图书馆书iPad被偷了
2025-12-12 17:43:25,352 - src.data.dataset - ERROR - dataset.py:300 - tgt: 你拿iPad是去图书馆学习的，你已经比很多玩游戏的人有毅力了，加油哦！
2025-12-12 17:43:25,352 - src.data.dataset - ERROR - dataset.py:298 - Processing failed for idx=77979: Cannot use chat template functions because tokenizer.chat_template is not set and no template argument was passed! For information about writing templates and setting the tokenizer.chat_template attribute, please see the documentation at https://huggingface.co/docs/transformers/main/en/chat_templating
2025-12-12 17:43:25,352 - src.data.dataset - ERROR - dataset.py:299 - src: 30了，还能嫁出去吗
2025-12-12 17:43:25,352 - src.data.dataset - ERROR - dataset.py:300 - tgt: 么么么么哒，三件事要努力：一是相信爱情，二是敢爱敢做，三是我还是我
2025-12-12 17:43:25,352 - src.data.dataset - ERROR - dataset.py:298 - Processing failed for idx=81497: Cannot use chat template functions because tokenizer.chat_template is not set and no template argument was passed! For information about writing templates and setting the tokenizer.chat_template attribute, please see the documentation at https://huggingface.co/docs/transformers/main/en/chat_templating
2025-12-12 17:43:25,353 - src.data.dataset - ERROR - dataset.py:299 - src: 程序员压力很大
2025-12-12 17:43:25,353 - src.data.dataset - ERROR - dataset.py:300 - tgt: 大多还是得按客户的想法来，哈哈
2025-12-12 17:43:25,353 - src.data.dataset - ERROR - dataset.py:298 - Processing failed for idx=88111: Cannot use chat template functions because tokenizer.chat_template is not set and no template argument was passed! For information about writing templates and setting the tokenizer.chat_template attribute, please see the documentation at https://huggingface.co/docs/transformers/main/en/chat_templating
2025-12-12 17:43:25,353 - src.data.dataset - ERROR - dataset.py:299 - src: 大二已经挂了三科没有信心了
2025-12-12 17:43:25,353 - src.data.dataset - ERROR - dataset.py:300 - tgt: 别担心～我觉得一定是你以前那个考好成绩的小精灵睡着了～她高考以后需要休息一下～
2025-12-12 17:43:26,038 - src.data.dataset - ERROR - dataset.py:298 - Processing failed for idx=80122: Cannot use chat template functions because tokenizer.chat_template is not set and no template argument was passed! For information about writing templates and setting the tokenizer.chat_template attribute, please see the documentation at https://huggingface.co/docs/transformers/main/en/chat_templating
2025-12-12 17:43:26,038 - src.data.dataset - ERROR - dataset.py:299 - src: 我今天自己去拔智齿了！
2025-12-12 17:43:26,038 - src.data.dataset - ERROR - dataset.py:300 - tgt: 我也是自己去拔了两颗，我们都优秀！
2025-12-12 17:43:26,039 - src.data.dataset - ERROR - dataset.py:298 - Processing failed for idx=45318: Cannot use chat template functions because tokenizer.chat_template is not set and no template argument was passed! For information about writing templates and setting the tokenizer.chat_template attribute, please see the documentation at https://huggingface.co/docs/transformers/main/en/chat_templating
2025-12-12 17:43:26,039 - src.data.dataset - ERROR - dataset.py:299 - src: 一个人包了一下午的饺子
2025-12-12 17:43:26,039 - src.data.dataset - ERROR - dataset.py:300 - tgt: 一家人就要整整齐齐！
2025-12-12 17:43:26,039 - src.data.dataset - ERROR - dataset.py:298 - Processing failed for idx=24048: Cannot use chat template functions because tokenizer.chat_template is not set and no template argument was passed! For information about writing templates and setting the tokenizer.chat_template attribute, please see the documentation at https://huggingface.co/docs/transformers/main/en/chat_templating
2025-12-12 17:43:26,039 - src.data.dataset - ERROR - dataset.py:299 - src: 不顾家人的反对和质疑，坚持选择社工行业至今已四年
2025-12-12 17:43:26,039 - src.data.dataset - ERROR - dataset.py:300 - tgt: 了解社工行业-选择社工机构-应聘-职业体验-自己感觉喜欢又合适的话就可以考虑进修、考证
2025-12-12 17:43:26,039 - src.data.dataset - ERROR - dataset.py:298 - Processing failed for idx=78892: Cannot use chat template functions because tokenizer.chat_template is not set and no template argument was passed! For information about writing templates and setting the tokenizer.chat_template attribute, please see the documentation at https://huggingface.co/docs/transformers/main/en/chat_templating
2025-12-12 17:43:26,039 - src.data.dataset - ERROR - dataset.py:299 - src: 要到他的微信了
2025-12-12 17:43:26,039 - src.data.dataset - ERROR - dataset.py:300 - tgt: 勇气可嘉？表扬！女追男隔层纱，直接追！直接讲！
2025-12-12 17:43:26,040 - src.data.dataset - ERROR - dataset.py:298 - Processing failed for idx=115707: Cannot use chat template functions because tokenizer.chat_template is not set and no template argument was passed! For information about writing templates and setting the tokenizer.chat_template attribute, please see the documentation at https://huggingface.co/docs/transformers/main/en/chat_templating
2025-12-12 17:43:26,040 - src.data.dataset - ERROR - dataset.py:299 - src: 在家呆了两年多了明天中午决定去面试了！
2025-12-12 17:43:26,040 - src.data.dataset - ERROR - dataset.py:300 - tgt: 加油呀
2025-12-12 17:43:26,040 - src.data.dataset - ERROR - dataset.py:298 - Processing failed for idx=107012: Cannot use chat template functions because tokenizer.chat_template is not set and no template argument was passed! For information about writing templates and setting the tokenizer.chat_template attribute, please see the documentation at https://huggingface.co/docs/transformers/main/en/chat_templating
2025-12-12 17:43:26,040 - src.data.dataset - ERROR - dataset.py:299 - src: 我画的画
2025-12-12 17:43:26,040 - src.data.dataset - ERROR - dataset.py:300 - tgt: 当然，我人也是，可爱可爱的。
2025-12-12 17:43:26,040 - src.data.dataset - ERROR - dataset.py:298 - Processing failed for idx=25427: Cannot use chat template functions because tokenizer.chat_template is not set and no template argument was passed! For information about writing templates and setting the tokenizer.chat_template attribute, please see the documentation at https://huggingface.co/docs/transformers/main/en/chat_templating
2025-12-12 17:43:26,040 - src.data.dataset - ERROR - dataset.py:299 - src: 努力准备了很久的考试，砸了
2025-12-12 17:43:26,040 - src.data.dataset - ERROR - dataset.py:300 - tgt: 考雅思
2025-12-12 17:43:26,040 - src.data.dataset - ERROR - dataset.py:298 - Processing failed for idx=64318: Cannot use chat template functions because tokenizer.chat_template is not set and no template argument was passed! For information about writing templates and setting the tokenizer.chat_template attribute, please see the documentation at https://huggingface.co/docs/transformers/main/en/chat_templating
2025-12-12 17:43:26,041 - src.data.dataset - ERROR - dataset.py:299 - src: 刚写的字，夸奖的事就拜托了️
2025-12-12 17:43:26,041 - src.data.dataset - ERROR - dataset.py:300 - tgt: 我的天咯，你的id就是你本人的真实写照8，谢谢你的赞美，我会继续努力的！
2025-12-12 17:43:26,093 - src.data.dataset - ERROR - dataset.py:298 - Processing failed for idx=41048: Cannot use chat template functions because tokenizer.chat_template is not set and no template argument was passed! For information about writing templates and setting the tokenizer.chat_template attribute, please see the documentation at https://huggingface.co/docs/transformers/main/en/chat_templating
2025-12-12 17:43:26,093 - src.data.dataset - ERROR - dataset.py:299 - src: 哼哼上大学我胖了20斤我骄傲了嘛
2025-12-12 17:43:26,093 - src.data.dataset - ERROR - dataset.py:300 - tgt: 大学四年收获了这么多！太优秀了！
2025-12-12 17:43:26,093 - src.data.dataset - ERROR - dataset.py:298 - Processing failed for idx=59982: Cannot use chat template functions because tokenizer.chat_template is not set and no template argument was passed! For information about writing templates and setting the tokenizer.chat_template attribute, please see the documentation at https://huggingface.co/docs/transformers/main/en/chat_templating
2025-12-12 17:43:26,093 - src.data.dataset - ERROR - dataset.py:299 - src: 耗时两个小时给我家大狗子DIY了个造型
2025-12-12 17:43:26,093 - src.data.dataset - ERROR - dataset.py:300 - tgt: 好手艺！
2025-12-12 17:43:26,093 - src.data.dataset - ERROR - dataset.py:298 - Processing failed for idx=28928: Cannot use chat template functions because tokenizer.chat_template is not set and no template argument was passed! For information about writing templates and setting the tokenizer.chat_template attribute, please see the documentation at https://huggingface.co/docs/transformers/main/en/chat_templating
2025-12-12 17:43:26,094 - src.data.dataset - ERROR - dataset.py:299 - src: 刚刚失恋了，我哭着挽回都不行
2025-12-12 17:43:26,094 - src.data.dataset - ERROR - dataset.py:300 - tgt: 分手就分手，下一个更乖，下一个更听话
2025-12-12 17:43:26,094 - src.data.dataset - ERROR - dataset.py:298 - Processing failed for idx=107263: Cannot use chat template functions because tokenizer.chat_template is not set and no template argument was passed! For information about writing templates and setting the tokenizer.chat_template attribute, please see the documentation at https://huggingface.co/docs/transformers/main/en/chat_templating
2025-12-12 17:43:26,094 - src.data.dataset - ERROR - dataset.py:299 - src: 鸡鸣寺拍的樱花，
2025-12-12 17:43:26,094 - src.data.dataset - ERROR - dataset.py:300 - tgt: 好美！太会拍了吧！
2025-12-12 17:43:26,094 - src.data.dataset - ERROR - dataset.py:298 - Processing failed for idx=9898: Cannot use chat template functions because tokenizer.chat_template is not set and no template argument was passed! For information about writing templates and setting the tokenizer.chat_template attribute, please see the documentation at https://huggingface.co/docs/transformers/main/en/chat_templating
2025-12-12 17:43:26,094 - src.data.dataset - ERROR - dataset.py:299 - src: 重度抑郁，被男友抛弃了
2025-12-12 17:43:26,094 - src.data.dataset - ERROR - dataset.py:300 - tgt: 你只是没遇到下一个
2025-12-12 17:43:26,094 - src.data.dataset - ERROR - dataset.py:298 - Processing failed for idx=5398: Cannot use chat template functions because tokenizer.chat_template is not set and no template argument was passed! For information about writing templates and setting the tokenizer.chat_template attribute, please see the documentation at https://huggingface.co/docs/transformers/main/en/chat_templating
2025-12-12 17:43:26,094 - src.data.dataset - ERROR - dataset.py:299 - src: 今天拍的桃花
2025-12-12 17:43:26,094 - src.data.dataset - ERROR - dataset.py:300 - tgt: 你看这桃花像极了爱情啊
2025-12-12 17:43:26,095 - src.data.dataset - ERROR - dataset.py:298 - Processing failed for idx=72320: Cannot use chat template functions because tokenizer.chat_template is not set and no template argument was passed! For information about writing templates and setting the tokenizer.chat_template attribute, please see the documentation at https://huggingface.co/docs/transformers/main/en/chat_templating
2025-12-12 17:43:26,095 - src.data.dataset - ERROR - dataset.py:299 - src: 准备教师招聘感觉时间不够用呜呜呜~
2025-12-12 17:43:26,095 - src.data.dataset - ERROR - dataset.py:300 - tgt: 教师招聘两个星期能速成吗hhh我还是在职的。。
2025-12-12 17:43:26,095 - src.data.dataset - ERROR - dataset.py:298 - Processing failed for idx=90515: Cannot use chat template functions because tokenizer.chat_template is not set and no template argument was passed! For information about writing templates and setting the tokenizer.chat_template attribute, please see the documentation at https://huggingface.co/docs/transformers/main/en/chat_templating
2025-12-12 17:43:26,095 - src.data.dataset - ERROR - dataset.py:299 - src: 产前抑郁，
2025-12-12 17:43:26,095 - src.data.dataset - ERROR - dataset.py:300 - tgt: 但是你现在就超厉害！你现在不是孤身一人啦
2025-12-12 17:43:26,291 - src.data.dataset - ERROR - dataset.py:298 - Processing failed for idx=27065: Cannot use chat template functions because tokenizer.chat_template is not set and no template argument was passed! For information about writing templates and setting the tokenizer.chat_template attribute, please see the documentation at https://huggingface.co/docs/transformers/main/en/chat_templating
2025-12-12 17:43:26,292 - src.data.dataset - ERROR - dataset.py:299 - src: 跟暗恋的人打招呼了，普天同庆
2025-12-12 17:43:26,292 - src.data.dataset - ERROR - dataset.py:300 - tgt: 迈出第一步世界会因此变得不同的。勇于争取。才有幸福的权利。恭喜。
2025-12-12 17:43:26,292 - src.data.dataset - ERROR - dataset.py:298 - Processing failed for idx=93932: Cannot use chat template functions because tokenizer.chat_template is not set and no template argument was passed! For information about writing templates and setting the tokenizer.chat_template attribute, please see the documentation at https://huggingface.co/docs/transformers/main/en/chat_templating
2025-12-12 17:43:26,292 - src.data.dataset - ERROR - dataset.py:299 - src: 没有闺蜜，越来越孤癖，
2025-12-12 17:43:26,292 - src.data.dataset - ERROR - dataset.py:300 - tgt: 嗯嗯……
2025-12-12 17:43:26,292 - src.data.dataset - ERROR - dataset.py:298 - Processing failed for idx=116446: Cannot use chat template functions because tokenizer.chat_template is not set and no template argument was passed! For information about writing templates and setting the tokenizer.chat_template attribute, please see the documentation at https://huggingface.co/docs/transformers/main/en/chat_templating
2025-12-12 17:43:26,292 - src.data.dataset - ERROR - dataset.py:299 - src: 这是马甲线吗？
2025-12-12 17:43:26,292 - src.data.dataset - ERROR - dataset.py:300 - tgt: 不知道是不是马甲线，但是你的行为好棒
2025-12-12 17:43:26,293 - src.data.dataset - ERROR - dataset.py:298 - Processing failed for idx=14153: Cannot use chat template functions because tokenizer.chat_template is not set and no template argument was passed! For information about writing templates and setting the tokenizer.chat_template attribute, please see the documentation at https://huggingface.co/docs/transformers/main/en/chat_templating
2025-12-12 17:43:26,293 - src.data.dataset - ERROR - dataset.py:299 - src: 用龙眼拼了个龙，快夸我
2025-12-12 17:43:26,293 - src.data.dataset - ERROR - dataset.py:300 - tgt: 卧槽大神！
2025-12-12 17:43:26,293 - src.data.dataset - ERROR - dataset.py:298 - Processing failed for idx=103372: Cannot use chat template functions because tokenizer.chat_template is not set and no template argument was passed! For information about writing templates and setting the tokenizer.chat_template attribute, please see the documentation at https://huggingface.co/docs/transformers/main/en/chat_templating
2025-12-12 17:43:26,293 - src.data.dataset - ERROR - dataset.py:299 - src: 跑步没坚持下来
2025-12-12 17:43:26,293 - src.data.dataset - ERROR - dataset.py:300 - tgt: 已经很棒了！
2025-12-12 17:43:26,293 - src.data.dataset - ERROR - dataset.py:298 - Processing failed for idx=14470: Cannot use chat template functions because tokenizer.chat_template is not set and no template argument was passed! For information about writing templates and setting the tokenizer.chat_template attribute, please see the documentation at https://huggingface.co/docs/transformers/main/en/chat_templating
2025-12-12 17:43:26,293 - src.data.dataset - ERROR - dataset.py:299 - src: 相恋六年，他突然结婚了，新娘不是我
2025-12-12 17:43:26,293 - src.data.dataset - ERROR - dataset.py:300 - tgt: 鱼死网破，说实话，真的好想。
2025-12-12 17:43:26,293 - src.data.dataset - ERROR - dataset.py:298 - Processing failed for idx=43738: Cannot use chat template functions because tokenizer.chat_template is not set and no template argument was passed! For information about writing templates and setting the tokenizer.chat_template attribute, please see the documentation at https://huggingface.co/docs/transformers/main/en/chat_templating
2025-12-12 17:43:26,294 - src.data.dataset - ERROR - dataset.py:299 - src: 从三点半突然醒来到现在还没有睡
2025-12-12 17:43:26,294 - src.data.dataset - ERROR - dataset.py:300 - tgt: 我起来了了，然后迷迷糊糊又睡了
2025-12-12 17:43:26,294 - src.data.dataset - ERROR - dataset.py:298 - Processing failed for idx=44272: Cannot use chat template functions because tokenizer.chat_template is not set and no template argument was passed! For information about writing templates and setting the tokenizer.chat_template attribute, please see the documentation at https://huggingface.co/docs/transformers/main/en/chat_templating
2025-12-12 17:43:26,294 - src.data.dataset - ERROR - dataset.py:299 - src: 写给还未感受到温暖的小可爱
2025-12-12 17:43:26,294 - src.data.dataset - ERROR - dataset.py:300 - tgt: 哇塞，这是一个什么样的神仙小组啊。大家都是天使吧
2025-12-12 17:43:26,344 - src.data.dataset - ERROR - dataset.py:298 - Processing failed for idx=50826: Cannot use chat template functions because tokenizer.chat_template is not set and no template argument was passed! For information about writing templates and setting the tokenizer.chat_template attribute, please see the documentation at https://huggingface.co/docs/transformers/main/en/chat_templating
2025-12-12 17:43:26,344 - src.data.dataset - ERROR - dataset.py:299 - src: 又是糟糕的加班的一天
2025-12-12 17:43:26,344 - src.data.dataset - ERROR - dataset.py:300 - tgt: 小可爱早点休息鸭！
2025-12-12 17:43:26,345 - src.data.dataset - ERROR - dataset.py:298 - Processing failed for idx=15838: Cannot use chat template functions because tokenizer.chat_template is not set and no template argument was passed! For information about writing templates and setting the tokenizer.chat_template attribute, please see the documentation at https://huggingface.co/docs/transformers/main/en/chat_templating
2025-12-12 17:43:26,345 - src.data.dataset - ERROR - dataset.py:299 - src: 科目二已经挂了三次了好灰心
2025-12-12 17:43:26,345 - src.data.dataset - ERROR - dataset.py:300 - tgt: 多练习控制好车速然后记住教练说的点一定可以过的加油！
2025-12-12 17:43:26,345 - src.data.dataset - ERROR - dataset.py:298 - Processing failed for idx=1093: Cannot use chat template functions because tokenizer.chat_template is not set and no template argument was passed! For information about writing templates and setting the tokenizer.chat_template attribute, please see the documentation at https://huggingface.co/docs/transformers/main/en/chat_templating
2025-12-12 17:43:26,345 - src.data.dataset - ERROR - dataset.py:299 - src: 喜欢上一个小哥哥但是没勇气跟他聊天
2025-12-12 17:43:26,346 - src.data.dataset - ERROR - dataset.py:300 - tgt: 可以观察他的喜好啊，然后跟他找话题！
2025-12-12 17:43:26,346 - src.data.dataset - ERROR - dataset.py:298 - Processing failed for idx=5291: Cannot use chat template functions because tokenizer.chat_template is not set and no template argument was passed! For information about writing templates and setting the tokenizer.chat_template attribute, please see the documentation at https://huggingface.co/docs/transformers/main/en/chat_templating
2025-12-12 17:43:26,346 - src.data.dataset - ERROR - dataset.py:299 - src: 第一次发，
2025-12-12 17:43:26,346 - src.data.dataset - ERROR - dataset.py:300 - tgt: 那你可不是一般人哦
2025-12-12 17:43:26,346 - src.data.dataset - ERROR - dataset.py:298 - Processing failed for idx=91115: Cannot use chat template functions because tokenizer.chat_template is not set and no template argument was passed! For information about writing templates and setting the tokenizer.chat_template attribute, please see the documentation at https://huggingface.co/docs/transformers/main/en/chat_templating
2025-12-12 17:43:26,346 - src.data.dataset - ERROR - dataset.py:299 - src: 有人关注我了
2025-12-12 17:43:26,346 - src.data.dataset - ERROR - dataset.py:300 - tgt: 加油加油！
2025-12-12 17:43:26,346 - src.data.dataset - ERROR - dataset.py:298 - Processing failed for idx=28517: Cannot use chat template functions because tokenizer.chat_template is not set and no template argument was passed! For information about writing templates and setting the tokenizer.chat_template attribute, please see the documentation at https://huggingface.co/docs/transformers/main/en/chat_templating
2025-12-12 17:43:26,346 - src.data.dataset - ERROR - dataset.py:299 - src: 社工面试过啦！快来夸我！
2025-12-12 17:43:26,347 - src.data.dataset - ERROR - dataset.py:300 - tgt: 哈哈好滴！谢谢呀仙女是刷了哪几套题呀
2025-12-12 17:43:26,347 - src.data.dataset - ERROR - dataset.py:298 - Processing failed for idx=13790: Cannot use chat template functions because tokenizer.chat_template is not set and no template argument was passed! For information about writing templates and setting the tokenizer.chat_template attribute, please see the documentation at https://huggingface.co/docs/transformers/main/en/chat_templating
2025-12-12 17:43:26,347 - src.data.dataset - ERROR - dataset.py:299 - src: 来吧，表扬我和我拍的照片吧
2025-12-12 17:43:26,347 - src.data.dataset - ERROR - dataset.py:300 - tgt: 超好看，直接壁纸上了
2025-12-12 17:43:27,268 - src.data.dataset - ERROR - dataset.py:298 - Processing failed for idx=37530: Cannot use chat template functions because tokenizer.chat_template is not set and no template argument was passed! For information about writing templates and setting the tokenizer.chat_template attribute, please see the documentation at https://huggingface.co/docs/transformers/main/en/chat_templating
2025-12-12 17:43:27,268 - src.data.dataset - ERROR - dataset.py:299 - src: 3月我的运气真好！
2025-12-12 17:43:27,268 - src.data.dataset - ERROR - dataset.py:300 - tgt: 楼主的运气好到爆棚哦
2025-12-12 17:43:27,268 - src.data.dataset - ERROR - dataset.py:298 - Processing failed for idx=72750: Cannot use chat template functions because tokenizer.chat_template is not set and no template argument was passed! For information about writing templates and setting the tokenizer.chat_template attribute, please see the documentation at https://huggingface.co/docs/transformers/main/en/chat_templating
2025-12-12 17:43:27,269 - src.data.dataset - ERROR - dataset.py:299 - src: 感觉组里最近来的的人太多
2025-12-12 17:43:27,269 - src.data.dataset - ERROR - dataset.py:300 - tgt: 确实，很多贴被忽视，要不自我表扬一下？
2025-12-12 17:43:27,269 - src.data.dataset - ERROR - dataset.py:298 - Processing failed for idx=97853: Cannot use chat template functions because tokenizer.chat_template is not set and no template argument was passed! For information about writing templates and setting the tokenizer.chat_template attribute, please see the documentation at https://huggingface.co/docs/transformers/main/en/chat_templating
2025-12-12 17:43:27,269 - src.data.dataset - ERROR - dataset.py:299 - src: 要去和领导谈加工资的事，有点紧张
2025-12-12 17:43:27,269 - src.data.dataset - ERROR - dataset.py:300 - tgt: 勇敢！
2025-12-12 17:43:27,269 - src.data.dataset - ERROR - dataset.py:298 - Processing failed for idx=34296: Cannot use chat template functions because tokenizer.chat_template is not set and no template argument was passed! For information about writing templates and setting the tokenizer.chat_template attribute, please see the documentation at https://huggingface.co/docs/transformers/main/en/chat_templating
2025-12-12 17:43:27,269 - src.data.dataset - ERROR - dataset.py:299 - src: 睡一觉起来发现涨了一个粉丝
2025-12-12 17:43:27,269 - src.data.dataset - ERROR - dataset.py:300 - tgt: 很棒啦，豆瓣有粉丝很不容易的
2025-12-12 17:43:27,269 - src.data.dataset - ERROR - dataset.py:298 - Processing failed for idx=111411: Cannot use chat template functions because tokenizer.chat_template is not set and no template argument was passed! For information about writing templates and setting the tokenizer.chat_template attribute, please see the documentation at https://huggingface.co/docs/transformers/main/en/chat_templating
2025-12-12 17:43:27,269 - src.data.dataset - ERROR - dataset.py:299 - src: 21考研
2025-12-12 17:43:27,270 - src.data.dataset - ERROR - dataset.py:300 - tgt: 还没开始啦就最近实体机构开始报名了所以就查了一些资料
2025-12-12 17:43:27,270 - src.data.dataset - ERROR - dataset.py:298 - Processing failed for idx=8204: Cannot use chat template functions because tokenizer.chat_template is not set and no template argument was passed! For information about writing templates and setting the tokenizer.chat_template attribute, please see the documentation at https://huggingface.co/docs/transformers/main/en/chat_templating
2025-12-12 17:43:27,270 - src.data.dataset - ERROR - dataset.py:299 - src: 今天有完成学习目标٩(ᐛ)و
2025-12-12 17:43:27,270 - src.data.dataset - ERROR - dataset.py:300 - tgt: 你弟弟叫步惊云
2025-12-12 17:43:27,270 - src.data.dataset - ERROR - dataset.py:298 - Processing failed for idx=34651: Cannot use chat template functions because tokenizer.chat_template is not set and no template argument was passed! For information about writing templates and setting the tokenizer.chat_template attribute, please see the documentation at https://huggingface.co/docs/transformers/main/en/chat_templating
2025-12-12 17:43:27,270 - src.data.dataset - ERROR - dataset.py:299 - src: 突然发现室友关系没有想象中的好
2025-12-12 17:43:27,270 - src.data.dataset - ERROR - dataset.py:300 - tgt: 楼主可能大家都有点尴尬气氛才有点异样没事的出去搭下话吧
2025-12-12 17:43:27,322 - src.data.dataset - ERROR - dataset.py:298 - Processing failed for idx=40605: Cannot use chat template functions because tokenizer.chat_template is not set and no template argument was passed! For information about writing templates and setting the tokenizer.chat_template attribute, please see the documentation at https://huggingface.co/docs/transformers/main/en/chat_templating
2025-12-12 17:43:27,322 - src.data.dataset - ERROR - dataset.py:299 - src: 要单身一辈子了
2025-12-12 17:43:27,323 - src.data.dataset - ERROR - dataset.py:300 - tgt: 如果是主动做的选择，那楼主真的很有勇气。如果只是一时失意，那楼主一定是个对爱情很忠贞的人吧，心里住了
2025-12-12 17:43:27,323 - src.data.dataset - ERROR - dataset.py:298 - Processing failed for idx=108756: Cannot use chat template functions because tokenizer.chat_template is not set and no template argument was passed! For information about writing templates and setting the tokenizer.chat_template attribute, please see the documentation at https://huggingface.co/docs/transformers/main/en/chat_templating
2025-12-12 17:43:27,323 - src.data.dataset - ERROR - dataset.py:299 - src: 论文开题都感觉无法完成
2025-12-12 17:43:27,323 - src.data.dataset - ERROR - dataset.py:300 - tgt: 硕士论文…
2025-12-12 17:43:27,323 - src.data.dataset - ERROR - dataset.py:298 - Processing failed for idx=104628: Cannot use chat template functions because tokenizer.chat_template is not set and no template argument was passed! For information about writing templates and setting the tokenizer.chat_template attribute, please see the documentation at https://huggingface.co/docs/transformers/main/en/chat_templating
2025-12-12 17:43:27,323 - src.data.dataset - ERROR - dataset.py:299 - src: 6级考了330分，
2025-12-12 17:43:27,323 - src.data.dataset - ERROR - dataset.py:300 - tgt: 这是个整数啊，你一定是个对强迫症很友善的孩子！
2025-12-12 17:43:27,324 - src.data.dataset - ERROR - dataset.py:298 - Processing failed for idx=130: Cannot use chat template functions because tokenizer.chat_template is not set and no template argument was passed! For information about writing templates and setting the tokenizer.chat_template attribute, please see the documentation at https://huggingface.co/docs/transformers/main/en/chat_templating
2025-12-12 17:43:27,324 - src.data.dataset - ERROR - dataset.py:299 - src: 表扬我，放弃脱单了
2025-12-12 17:43:27,324 - src.data.dataset - ERROR - dataset.py:300 - tgt: 能自己一个人快乐也不错，生活很丰富精彩，其他顺其自然就好了
2025-12-12 17:43:27,324 - src.data.dataset - ERROR - dataset.py:298 - Processing failed for idx=45783: Cannot use chat template functions because tokenizer.chat_template is not set and no template argument was passed! For information about writing templates and setting the tokenizer.chat_template attribute, please see the documentation at https://huggingface.co/docs/transformers/main/en/chat_templating
2025-12-12 17:43:27,324 - src.data.dataset - ERROR - dataset.py:299 - src: 半夜还在组里表扬安慰别人的我，
2025-12-12 17:43:27,324 - src.data.dataset - ERROR - dataset.py:300 - tgt: 星美酒店？
2025-12-12 17:43:27,325 - src.data.dataset - ERROR - dataset.py:298 - Processing failed for idx=89019: Cannot use chat template functions because tokenizer.chat_template is not set and no template argument was passed! For information about writing templates and setting the tokenizer.chat_template attribute, please see the documentation at https://huggingface.co/docs/transformers/main/en/chat_templating
2025-12-12 17:43:27,325 - src.data.dataset - ERROR - dataset.py:299 - src: 今天打了耳洞!
2025-12-12 17:43:27,325 - src.data.dataset - ERROR - dataset.py:300 - tgt: 这也太漂亮了。
2025-12-12 17:43:27,613 - src.data.dataset - ERROR - dataset.py:298 - Processing failed for idx=100670: Cannot use chat template functions because tokenizer.chat_template is not set and no template argument was passed! For information about writing templates and setting the tokenizer.chat_template attribute, please see the documentation at https://huggingface.co/docs/transformers/main/en/chat_templating
2025-12-12 17:43:27,614 - src.data.dataset - ERROR - dataset.py:299 - src: 我做的午饭，
2025-12-12 17:43:27,614 - src.data.dataset - ERROR - dataset.py:300 - tgt: 哇看着好有食欲！饿了
2025-12-12 17:43:27,614 - src.data.dataset - ERROR - dataset.py:298 - Processing failed for idx=50266: Cannot use chat template functions because tokenizer.chat_template is not set and no template argument was passed! For information about writing templates and setting the tokenizer.chat_template attribute, please see the documentation at https://huggingface.co/docs/transformers/main/en/chat_templating
2025-12-12 17:43:27,614 - src.data.dataset - ERROR - dataset.py:299 - src: 我被寝室三个人孤立了哈哈哈哈
2025-12-12 17:43:27,614 - src.data.dataset - ERROR - dataset.py:300 - tgt: 兴趣相投很重要，不喜欢去找辅导员换一个吧
2025-12-12 17:43:27,614 - src.data.dataset - ERROR - dataset.py:298 - Processing failed for idx=36403: Cannot use chat template functions because tokenizer.chat_template is not set and no template argument was passed! For information about writing templates and setting the tokenizer.chat_template attribute, please see the documentation at https://huggingface.co/docs/transformers/main/en/chat_templating
2025-12-12 17:43:27,614 - src.data.dataset - ERROR - dataset.py:299 - src: 做不下去专四题
2025-12-12 17:43:27,614 - src.data.dataset - ERROR - dataset.py:300 - tgt: 楼主能做专四题就是英专生啊!英专生已经比我们不学英语的厉害很多了!
2025-12-12 17:43:27,615 - src.data.dataset - ERROR - dataset.py:298 - Processing failed for idx=46067: Cannot use chat template functions because tokenizer.chat_template is not set and no template argument was passed! For information about writing templates and setting the tokenizer.chat_template attribute, please see the documentation at https://huggingface.co/docs/transformers/main/en/chat_templating
2025-12-12 17:43:27,615 - src.data.dataset - ERROR - dataset.py:299 - src: 六级
2025-12-12 17:43:27,615 - src.data.dataset - ERROR - dataset.py:300 - tgt: 好厉害啊
2025-12-12 17:43:27,615 - src.data.dataset - ERROR - dataset.py:298 - Processing failed for idx=64245: Cannot use chat template functions because tokenizer.chat_template is not set and no template argument was passed! For information about writing templates and setting the tokenizer.chat_template attribute, please see the documentation at https://huggingface.co/docs/transformers/main/en/chat_templating
2025-12-12 17:43:27,615 - src.data.dataset - ERROR - dataset.py:299 - src: 地铁保护了两个女生
2025-12-12 17:43:27,615 - src.data.dataset - ERROR - dataset.py:300 - tgt: 真赞
2025-12-12 17:43:27,615 - src.data.dataset - ERROR - dataset.py:298 - Processing failed for idx=53941: Cannot use chat template functions because tokenizer.chat_template is not set and no template argument was passed! For information about writing templates and setting the tokenizer.chat_template attribute, please see the documentation at https://huggingface.co/docs/transformers/main/en/chat_templating
2025-12-12 17:43:27,615 - src.data.dataset - ERROR - dataset.py:299 - src: 我办了健身卡
2025-12-12 17:43:27,615 - src.data.dataset - ERROR - dataset.py:300 - tgt: 很强大噢！顺便问下日语班多少钱？
2025-12-12 17:43:27,616 - src.data.dataset - ERROR - dataset.py:298 - Processing failed for idx=44207: Cannot use chat template functions because tokenizer.chat_template is not set and no template argument was passed! For information about writing templates and setting the tokenizer.chat_template attribute, please see the documentation at https://huggingface.co/docs/transformers/main/en/chat_templating
2025-12-12 17:43:27,616 - src.data.dataset - ERROR - dataset.py:299 - src: 工作的压力
2025-12-12 17:43:27,616 - src.data.dataset - ERROR - dataset.py:300 - tgt: 职业人。职业猴子。职业狗。职业烤箱。职业！
2025-12-12 17:43:27,772 - src.data.dataset - ERROR - dataset.py:298 - Processing failed for idx=112859: Cannot use chat template functions because tokenizer.chat_template is not set and no template argument was passed! For information about writing templates and setting the tokenizer.chat_template attribute, please see the documentation at https://huggingface.co/docs/transformers/main/en/chat_templating
2025-12-12 17:43:27,772 - src.data.dataset - ERROR - dataset.py:299 - src: 在某宝二十多块钱买了一堆耳环，开心~
2025-12-12 17:43:27,772 - src.data.dataset - ERROR - dataset.py:300 - tgt: 夸得我要飘起来来了
2025-12-12 17:43:27,772 - src.data.dataset - ERROR - dataset.py:298 - Processing failed for idx=11351: Cannot use chat template functions because tokenizer.chat_template is not set and no template argument was passed! For information about writing templates and setting the tokenizer.chat_template attribute, please see the documentation at https://huggingface.co/docs/transformers/main/en/chat_templating
2025-12-12 17:43:27,772 - src.data.dataset - ERROR - dataset.py:299 - src: 被同事恶心到，不知所措。
2025-12-12 17:43:27,772 - src.data.dataset - ERROR - dataset.py:300 - tgt: 没有头绪啊...我也很想打狗的说。。想哭...
2025-12-12 17:43:27,772 - src.data.dataset - ERROR - dataset.py:298 - Processing failed for idx=118379: Cannot use chat template functions because tokenizer.chat_template is not set and no template argument was passed! For information about writing templates and setting the tokenizer.chat_template attribute, please see the documentation at https://huggingface.co/docs/transformers/main/en/chat_templating
2025-12-12 17:43:27,773 - src.data.dataset - ERROR - dataset.py:299 - src: 做了两年多心理咨询，我依然自己觉得很差
2025-12-12 17:43:27,773 - src.data.dataset - ERROR - dataset.py:300 - tgt: 我也在进行，这是一个漫长的和自己和解的过程！相信自己，你棒棒哒！
2025-12-12 17:43:27,773 - src.data.dataset - ERROR - dataset.py:298 - Processing failed for idx=102106: Cannot use chat template functions because tokenizer.chat_template is not set and no template argument was passed! For information about writing templates and setting the tokenizer.chat_template attribute, please see the documentation at https://huggingface.co/docs/transformers/main/en/chat_templating
2025-12-12 17:43:27,773 - src.data.dataset - ERROR - dataset.py:299 - src: 考教师编制三次了还没考上，不知道今年什么时候再招
2025-12-12 17:43:27,773 - src.data.dataset - ERROR - dataset.py:300 - tgt: 为什么就是考不上
2025-12-12 17:43:27,773 - src.data.dataset - ERROR - dataset.py:298 - Processing failed for idx=34853: Cannot use chat template functions because tokenizer.chat_template is not set and no template argument was passed! For information about writing templates and setting the tokenizer.chat_template attribute, please see the documentation at https://huggingface.co/docs/transformers/main/en/chat_templating
2025-12-12 17:43:27,773 - src.data.dataset - ERROR - dataset.py:299 - src: 暗恋了两个月的室友今晚领着可爱女孩回来了
2025-12-12 17:43:27,773 - src.data.dataset - ERROR - dataset.py:300 - tgt: 哇你跟暗恋的人还能住一起！我跟暗恋的人很多年都见不到了以后也见不到了还要看他在朋友圈撩别的女孩子呢！
2025-12-12 17:43:27,773 - src.data.dataset - ERROR - dataset.py:298 - Processing failed for idx=99239: Cannot use chat template functions because tokenizer.chat_template is not set and no template argument was passed! For information about writing templates and setting the tokenizer.chat_template attribute, please see the documentation at https://huggingface.co/docs/transformers/main/en/chat_templating
2025-12-12 17:43:27,773 - src.data.dataset - ERROR - dataset.py:299 - src: 请大家夸夸我的牛轧糖
2025-12-12 17:43:27,773 - src.data.dataset - ERROR - dataset.py:300 - tgt: 内容丰富，小巧可爱，品种多样，完全是新一代的牛轧糖达人，看起来真的超级美味！
2025-12-12 17:43:27,774 - src.data.dataset - ERROR - dataset.py:298 - Processing failed for idx=28527: Cannot use chat template functions because tokenizer.chat_template is not set and no template argument was passed! For information about writing templates and setting the tokenizer.chat_template attribute, please see the documentation at https://huggingface.co/docs/transformers/main/en/chat_templating
2025-12-12 17:43:27,774 - src.data.dataset - ERROR - dataset.py:299 - src: 画画了TATATAT
2025-12-12 17:43:27,774 - src.data.dataset - ERROR - dataset.py:300 - tgt: 哇，好可爱
2025-12-12 17:43:27,774 - src.data.dataset - ERROR - dataset.py:298 - Processing failed for idx=3481: Cannot use chat template functions because tokenizer.chat_template is not set and no template argument was passed! For information about writing templates and setting the tokenizer.chat_template attribute, please see the documentation at https://huggingface.co/docs/transformers/main/en/chat_templating
2025-12-12 17:43:27,774 - src.data.dataset - ERROR - dataset.py:299 - src: 经常惹怒女朋友生气
2025-12-12 17:43:27,774 - src.data.dataset - ERROR - dataset.py:300 - tgt: 你还有女朋友啊想想那些万年单身真棒！
2025-12-12 17:43:28,341 - src.data.dataset - ERROR - dataset.py:298 - Processing failed for idx=99446: Cannot use chat template functions because tokenizer.chat_template is not set and no template argument was passed! For information about writing templates and setting the tokenizer.chat_template attribute, please see the documentation at https://huggingface.co/docs/transformers/main/en/chat_templating
2025-12-12 17:43:28,341 - src.data.dataset - ERROR - dataset.py:299 - src: 明天就要guokao面试了
2025-12-12 17:43:28,341 - src.data.dataset - ERROR - dataset.py:300 - tgt: 加油你是最优秀的！
2025-12-12 17:43:28,341 - src.data.dataset - ERROR - dataset.py:298 - Processing failed for idx=47692: Cannot use chat template functions because tokenizer.chat_template is not set and no template argument was passed! For information about writing templates and setting the tokenizer.chat_template attribute, please see the documentation at https://huggingface.co/docs/transformers/main/en/chat_templating
2025-12-12 17:43:28,341 - src.data.dataset - ERROR - dataset.py:299 - src: 地铁保护了两个女生
2025-12-12 17:43:28,341 - src.data.dataset - ERROR - dataset.py:300 - tgt: 仙女肯定都是与众不同的，你不需要跟他们一样，你超棒！
2025-12-12 17:43:28,341 - src.data.dataset - ERROR - dataset.py:298 - Processing failed for idx=23636: Cannot use chat template functions because tokenizer.chat_template is not set and no template argument was passed! For information about writing templates and setting the tokenizer.chat_template attribute, please see the documentation at https://huggingface.co/docs/transformers/main/en/chat_templating
2025-12-12 17:43:28,341 - src.data.dataset - ERROR - dataset.py:299 - src: 删掉了不喜欢我的男神
2025-12-12 17:43:28,342 - src.data.dataset - ERROR - dataset.py:300 - tgt: 果断！你终于给别的男神机会了
2025-12-12 17:43:28,342 - src.data.dataset - ERROR - dataset.py:298 - Processing failed for idx=113008: Cannot use chat template functions because tokenizer.chat_template is not set and no template argument was passed! For information about writing templates and setting the tokenizer.chat_template attribute, please see the documentation at https://huggingface.co/docs/transformers/main/en/chat_templating
2025-12-12 17:43:28,342 - src.data.dataset - ERROR - dataset.py:299 - src: 给舍友烫了头发，还帮她化了妆，！
2025-12-12 17:43:28,342 - src.data.dataset - ERROR - dataset.py:300 - tgt: 乐于助人
2025-12-12 17:43:28,342 - src.data.dataset - ERROR - dataset.py:298 - Processing failed for idx=18515: Cannot use chat template functions because tokenizer.chat_template is not set and no template argument was passed! For information about writing templates and setting the tokenizer.chat_template attribute, please see the documentation at https://huggingface.co/docs/transformers/main/en/chat_templating
2025-12-12 17:43:28,342 - src.data.dataset - ERROR - dataset.py:299 - src: 单身25年了依然找不到女朋友
2025-12-12 17:43:28,342 - src.data.dataset - ERROR - dataset.py:300 - tgt: 没有你适合更好的自己
2025-12-12 17:43:28,342 - src.data.dataset - ERROR - dataset.py:298 - Processing failed for idx=80630: Cannot use chat template functions because tokenizer.chat_template is not set and no template argument was passed! For information about writing templates and setting the tokenizer.chat_template attribute, please see the documentation at https://huggingface.co/docs/transformers/main/en/chat_templating
2025-12-12 17:43:28,342 - src.data.dataset - ERROR - dataset.py:299 - src: 社交恐惧症的自己今天第一天上班
2025-12-12 17:43:28,342 - src.data.dataset - ERROR - dataset.py:300 - tgt: 加油！我现在也快得社交恐惧症了，同事在我手术期间把我完成的工作全部说是他做的。工作上出点问题马上去打
2025-12-12 17:43:28,343 - src.data.dataset - ERROR - dataset.py:298 - Processing failed for idx=88483: Cannot use chat template functions because tokenizer.chat_template is not set and no template argument was passed! For information about writing templates and setting the tokenizer.chat_template attribute, please see the documentation at https://huggingface.co/docs/transformers/main/en/chat_templating
2025-12-12 17:43:28,343 - src.data.dataset - ERROR - dataset.py:299 - src: 荒废了好久我今天要开始努力学习了
2025-12-12 17:43:28,343 - src.data.dataset - ERROR - dataset.py:300 - tgt: 还要有努力的想法，你真棒！
2025-12-12 17:43:28,393 - src.data.dataset - ERROR - dataset.py:298 - Processing failed for idx=33631: Cannot use chat template functions because tokenizer.chat_template is not set and no template argument was passed! For information about writing templates and setting the tokenizer.chat_template attribute, please see the documentation at https://huggingface.co/docs/transformers/main/en/chat_templating
2025-12-12 17:43:28,393 - src.data.dataset - ERROR - dataset.py:299 - src: 想发个帖子到咱们表扬组，结果发到了哈哈哈？！
2025-12-12 17:43:28,393 - src.data.dataset - ERROR - dataset.py:300 - tgt: 我就不说，嘿嘿
2025-12-12 17:43:28,393 - src.data.dataset - ERROR - dataset.py:298 - Processing failed for idx=79008: Cannot use chat template functions because tokenizer.chat_template is not set and no template argument was passed! For information about writing templates and setting the tokenizer.chat_template attribute, please see the documentation at https://huggingface.co/docs/transformers/main/en/chat_templating
2025-12-12 17:43:28,393 - src.data.dataset - ERROR - dataset.py:299 - src: 正在减肥，今天只吃了两餐，表扬我！
2025-12-12 17:43:28,393 - src.data.dataset - ERROR - dataset.py:300 - tgt: 好棒啊！坚持住！我连续一周不吃晚饭已经瘦了五斤了！
2025-12-12 17:43:28,394 - src.data.dataset - ERROR - dataset.py:298 - Processing failed for idx=113278: Cannot use chat template functions because tokenizer.chat_template is not set and no template argument was passed! For information about writing templates and setting the tokenizer.chat_template attribute, please see the documentation at https://huggingface.co/docs/transformers/main/en/chat_templating
2025-12-12 17:43:28,394 - src.data.dataset - ERROR - dataset.py:299 - src: 自己下厨自食其力
2025-12-12 17:43:28,394 - src.data.dataset - ERROR - dataset.py:300 - tgt: 谢谢你的夸奖你也一定是一个很善良的人～一个人吃饭也不想就一个菜那么单调吃不完下顿继续
2025-12-12 17:43:28,394 - src.data.dataset - ERROR - dataset.py:298 - Processing failed for idx=60051: Cannot use chat template functions because tokenizer.chat_template is not set and no template argument was passed! For information about writing templates and setting the tokenizer.chat_template attribute, please see the documentation at https://huggingface.co/docs/transformers/main/en/chat_templating
2025-12-12 17:43:28,394 - src.data.dataset - ERROR - dataset.py:299 - src: 抱歉大家发布一条负能量
2025-12-12 17:43:28,394 - src.data.dataset - ERROR - dataset.py:300 - tgt: 亲亲，不用太焦虑哦！每个人性格本来就会有不同。也不是每个公司和工种都需要大量社交。不要因为现在的工作
2025-12-12 17:43:28,394 - src.data.dataset - ERROR - dataset.py:298 - Processing failed for idx=43724: Cannot use chat template functions because tokenizer.chat_template is not set and no template argument was passed! For information about writing templates and setting the tokenizer.chat_template attribute, please see the documentation at https://huggingface.co/docs/transformers/main/en/chat_templating
2025-12-12 17:43:28,394 - src.data.dataset - ERROR - dataset.py:299 - src: 给妈妈的零花钱，夸
2025-12-12 17:43:28,394 - src.data.dataset - ERROR - dataset.py:300 - tgt: 太厉害了！我现在还处在每月不额外向我妈要钱就是进步的阶段……
2025-12-12 17:43:28,394 - src.data.dataset - ERROR - dataset.py:298 - Processing failed for idx=73665: Cannot use chat template functions because tokenizer.chat_template is not set and no template argument was passed! For information about writing templates and setting the tokenizer.chat_template attribute, please see the documentation at https://huggingface.co/docs/transformers/main/en/chat_templating
2025-12-12 17:43:28,394 - src.data.dataset - ERROR - dataset.py:299 - src: 男朋友从来不主动找我
2025-12-12 17:43:28,395 - src.data.dataset - ERROR - dataset.py:300 - tgt: 表扬你已经意识到他其实没那么喜欢你了。
2025-12-12 17:43:28,395 - src.data.dataset - ERROR - dataset.py:298 - Processing failed for idx=27574: Cannot use chat template functions because tokenizer.chat_template is not set and no template argument was passed! For information about writing templates and setting the tokenizer.chat_template attribute, please see the documentation at https://huggingface.co/docs/transformers/main/en/chat_templating
2025-12-12 17:43:28,395 - src.data.dataset - ERROR - dataset.py:299 - src: 我美吗
2025-12-12 17:43:28,395 - src.data.dataset - ERROR - dataset.py:300 - tgt: 哈哈哈真的超可爱
2025-12-12 17:43:28,751 - src.data.dataset - ERROR - dataset.py:298 - Processing failed for idx=43647: Cannot use chat template functions because tokenizer.chat_template is not set and no template argument was passed! For information about writing templates and setting the tokenizer.chat_template attribute, please see the documentation at https://huggingface.co/docs/transformers/main/en/chat_templating
2025-12-12 17:43:28,752 - src.data.dataset - ERROR - dataset.py:299 - src: 大家来说自己的一个感觉不满的地方。我来夸你！
2025-12-12 17:43:28,752 - src.data.dataset - ERROR - dataset.py:300 - tgt: 手大温暖，令人感觉踏实，玩大屏手机和iPad都soeasy，抓东西扎实，抓住幸福的能力也更棒哦⊙∀⊙
2025-12-12 17:43:28,752 - src.data.dataset - ERROR - dataset.py:298 - Processing failed for idx=112573: Cannot use chat template functions because tokenizer.chat_template is not set and no template argument was passed! For information about writing templates and setting the tokenizer.chat_template attribute, please see the documentation at https://huggingface.co/docs/transformers/main/en/chat_templating
2025-12-12 17:43:28,752 - src.data.dataset - ERROR - dataset.py:299 - src: 刚才自己主动上台发言了
2025-12-12 17:43:28,752 - src.data.dataset - ERROR - dataset.py:300 - tgt: 太优秀了！
2025-12-12 17:43:28,752 - src.data.dataset - ERROR - dataset.py:298 - Processing failed for idx=20936: Cannot use chat template functions because tokenizer.chat_template is not set and no template argument was passed! For information about writing templates and setting the tokenizer.chat_template attribute, please see the documentation at https://huggingface.co/docs/transformers/main/en/chat_templating
2025-12-12 17:43:28,752 - src.data.dataset - ERROR - dataset.py:299 - src: 我已经有一年没工作了
2025-12-12 17:43:28,752 - src.data.dataset - ERROR - dataset.py:300 - tgt: 不工作还能养活自己，而且加上楼主的心理素质如此强硬，怕的不是不工作而是丧尸般的工作。楼主我挺你，看你
2025-12-12 17:43:28,753 - src.data.dataset - ERROR - dataset.py:298 - Processing failed for idx=64572: Cannot use chat template functions because tokenizer.chat_template is not set and no template argument was passed! For information about writing templates and setting the tokenizer.chat_template attribute, please see the documentation at https://huggingface.co/docs/transformers/main/en/chat_templating
2025-12-12 17:43:28,753 - src.data.dataset - ERROR - dataset.py:299 - src: 勇敢拔了阻生智齿
2025-12-12 17:43:28,753 - src.data.dataset - ERROR - dataset.py:300 - tgt: 打麻药不痛的，如果怕痛你可以让医生给你多打些麻药
2025-12-12 17:43:28,753 - src.data.dataset - ERROR - dataset.py:298 - Processing failed for idx=44856: Cannot use chat template functions because tokenizer.chat_template is not set and no template argument was passed! For information about writing templates and setting the tokenizer.chat_template attribute, please see the documentation at https://huggingface.co/docs/transformers/main/en/chat_templating
2025-12-12 17:43:28,753 - src.data.dataset - ERROR - dataset.py:299 - src: 已经成功从宿舍躺尸转换成日常学习状态啦
2025-12-12 17:43:28,753 - src.data.dataset - ERROR - dataset.py:300 - tgt: 嘿嘿️
2025-12-12 17:43:28,753 - src.data.dataset - ERROR - dataset.py:298 - Processing failed for idx=90118: Cannot use chat template functions because tokenizer.chat_template is not set and no template argument was passed! For information about writing templates and setting the tokenizer.chat_template attribute, please see the documentation at https://huggingface.co/docs/transformers/main/en/chat_templating
2025-12-12 17:43:28,753 - src.data.dataset - ERROR - dataset.py:299 - src: 今天献血了，觉得自己嗷嗷棒。
2025-12-12 17:43:28,753 - src.data.dataset - ERROR - dataset.py:300 - tgt: 好棒
2025-12-12 17:43:28,753 - src.data.dataset - ERROR - dataset.py:298 - Processing failed for idx=4637: Cannot use chat template functions because tokenizer.chat_template is not set and no template argument was passed! For information about writing templates and setting the tokenizer.chat_template attribute, please see the documentation at https://huggingface.co/docs/transformers/main/en/chat_templating
2025-12-12 17:43:28,754 - src.data.dataset - ERROR - dataset.py:299 - src: 我好喜欢表扬别人
2025-12-12 17:43:28,754 - src.data.dataset - ERROR - dataset.py:300 - tgt: 太他妈可爱了快过来给老子抱抱
2025-12-12 17:43:28,804 - src.data.dataset - ERROR - dataset.py:298 - Processing failed for idx=3516: Cannot use chat template functions because tokenizer.chat_template is not set and no template argument was passed! For information about writing templates and setting the tokenizer.chat_template attribute, please see the documentation at https://huggingface.co/docs/transformers/main/en/chat_templating
2025-12-12 17:43:28,804 - src.data.dataset - ERROR - dataset.py:299 - src: 分了个手
2025-12-12 17:43:28,804 - src.data.dataset - ERROR - dataset.py:300 - tgt: 没人表扬，那我自己表扬自己吧
2025-12-12 17:43:28,804 - src.data.dataset - ERROR - dataset.py:298 - Processing failed for idx=55219: Cannot use chat template functions because tokenizer.chat_template is not set and no template argument was passed! For information about writing templates and setting the tokenizer.chat_template attribute, please see the documentation at https://huggingface.co/docs/transformers/main/en/chat_templating
2025-12-12 17:43:28,804 - src.data.dataset - ERROR - dataset.py:299 - src: 分享一些我拍的照片，鸭
2025-12-12 17:43:28,804 - src.data.dataset - ERROR - dataset.py:300 - tgt: 谢谢呀！欢迎交流，我发的这些有手机和索尼a6000，索尼a7
2025-12-12 17:43:28,804 - src.data.dataset - ERROR - dataset.py:298 - Processing failed for idx=69512: Cannot use chat template functions because tokenizer.chat_template is not set and no template argument was passed! For information about writing templates and setting the tokenizer.chat_template attribute, please see the documentation at https://huggingface.co/docs/transformers/main/en/chat_templating
2025-12-12 17:43:28,804 - src.data.dataset - ERROR - dataset.py:299 - src: 6级考了330分，
2025-12-12 17:43:28,805 - src.data.dataset - ERROR - dataset.py:300 - tgt: 摸摸头下次660
2025-12-12 17:43:28,805 - src.data.dataset - ERROR - dataset.py:298 - Processing failed for idx=11031: Cannot use chat template functions because tokenizer.chat_template is not set and no template argument was passed! For information about writing templates and setting the tokenizer.chat_template attribute, please see the documentation at https://huggingface.co/docs/transformers/main/en/chat_templating
2025-12-12 17:43:28,805 - src.data.dataset - ERROR - dataset.py:299 - src: 今天誇了好多人想睡覺了
2025-12-12 17:43:28,805 - src.data.dataset - ERROR - dataset.py:300 - tgt: 夸了好多人给好多人带来好心情的你也好棒！晚安，好梦
2025-12-12 17:43:28,805 - src.data.dataset - ERROR - dataset.py:298 - Processing failed for idx=4626: Cannot use chat template functions because tokenizer.chat_template is not set and no template argument was passed! For information about writing templates and setting the tokenizer.chat_template attribute, please see the documentation at https://huggingface.co/docs/transformers/main/en/chat_templating
2025-12-12 17:43:28,805 - src.data.dataset - ERROR - dataset.py:299 - src: 我这个人没什么优点，就是想收到表扬
2025-12-12 17:43:28,805 - src.data.dataset - ERROR - dataset.py:300 - tgt: 你也是呢～
2025-12-12 17:43:28,805 - src.data.dataset - ERROR - dataset.py:298 - Processing failed for idx=45621: Cannot use chat template functions because tokenizer.chat_template is not set and no template argument was passed! For information about writing templates and setting the tokenizer.chat_template attribute, please see the documentation at https://huggingface.co/docs/transformers/main/en/chat_templating
2025-12-12 17:43:28,805 - src.data.dataset - ERROR - dataset.py:299 - src: 裸辞了
2025-12-12 17:43:28,805 - src.data.dataset - ERROR - dataset.py:300 - tgt: 加油啊我也快了
2025-12-12 17:43:28,806 - src.data.dataset - ERROR - dataset.py:298 - Processing failed for idx=116098: Cannot use chat template functions because tokenizer.chat_template is not set and no template argument was passed! For information about writing templates and setting the tokenizer.chat_template attribute, please see the documentation at https://huggingface.co/docs/transformers/main/en/chat_templating
2025-12-12 17:43:28,806 - src.data.dataset - ERROR - dataset.py:299 - src: 明天可能又得加班，不要啊
2025-12-12 17:43:28,806 - src.data.dataset - ERROR - dataset.py:300 - tgt: 哈哈，我明天也要加班！<br/>本来说今天离职，结果非要安排我明天出差，只能留到下周一再办手续啦。楼
2025-12-12 17:43:28,806 - src.data.dataset - ERROR - dataset.py:298 - Processing failed for idx=36952: Cannot use chat template functions because tokenizer.chat_template is not set and no template argument was passed! For information about writing templates and setting the tokenizer.chat_template attribute, please see the documentation at https://huggingface.co/docs/transformers/main/en/chat_templating
2025-12-12 17:43:28,806 - src.data.dataset - ERROR - dataset.py:299 - src: 要带牙套了
2025-12-12 17:43:28,806 - src.data.dataset - ERROR - dataset.py:300 - tgt: 我也拔了四颗牙
2025-12-12 17:43:29,564 - src.data.dataset - ERROR - dataset.py:298 - Processing failed for idx=70329: Cannot use chat template functions because tokenizer.chat_template is not set and no template argument was passed! For information about writing templates and setting the tokenizer.chat_template attribute, please see the documentation at https://huggingface.co/docs/transformers/main/en/chat_templating
2025-12-12 17:43:29,564 - src.data.dataset - ERROR - dataset.py:299 - src: 开始掉头发了，我还有救吗
2025-12-12 17:43:29,564 - src.data.dataset - ERROR - dataset.py:300 - tgt: 哎~~每天这么多受不住啊~发量本来就少~~~
2025-12-12 17:43:29,564 - src.data.dataset - ERROR - dataset.py:298 - Processing failed for idx=9521: Cannot use chat template functions because tokenizer.chat_template is not set and no template argument was passed! For information about writing templates and setting the tokenizer.chat_template attribute, please see the documentation at https://huggingface.co/docs/transformers/main/en/chat_templating
2025-12-12 17:43:29,564 - src.data.dataset - ERROR - dataset.py:299 - src: 失业好久了，好想被表扬呀、
2025-12-12 17:43:29,564 - src.data.dataset - ERROR - dataset.py:300 - tgt: 从心去选择，寻找适合自己的。加油
2025-12-12 17:43:29,564 - src.data.dataset - ERROR - dataset.py:298 - Processing failed for idx=81860: Cannot use chat template functions because tokenizer.chat_template is not set and no template argument was passed! For information about writing templates and setting the tokenizer.chat_template attribute, please see the documentation at https://huggingface.co/docs/transformers/main/en/chat_templating
2025-12-12 17:43:29,565 - src.data.dataset - ERROR - dataset.py:299 - src: 晕车星人今天竟然没有晕飞机，
2025-12-12 17:43:29,565 - src.data.dataset - ERROR - dataset.py:300 - tgt: 真的不错啊，竟然美滋滋地享受了飞机。
2025-12-12 17:43:29,565 - src.data.dataset - ERROR - dataset.py:298 - Processing failed for idx=47299: Cannot use chat template functions because tokenizer.chat_template is not set and no template argument was passed! For information about writing templates and setting the tokenizer.chat_template attribute, please see the documentation at https://huggingface.co/docs/transformers/main/en/chat_templating
2025-12-12 17:43:29,565 - src.data.dataset - ERROR - dataset.py:299 - src: 今天啥也没干还吃了不少，
2025-12-12 17:43:29,565 - src.data.dataset - ERROR - dataset.py:300 - tgt: 偶尔的休息才能更好的战斗你真棒
2025-12-12 17:43:29,565 - src.data.dataset - ERROR - dataset.py:298 - Processing failed for idx=24741: Cannot use chat template functions because tokenizer.chat_template is not set and no template argument was passed! For information about writing templates and setting the tokenizer.chat_template attribute, please see the documentation at https://huggingface.co/docs/transformers/main/en/chat_templating
2025-12-12 17:43:29,565 - src.data.dataset - ERROR - dataset.py:299 - src: 我没有朋友
2025-12-12 17:43:29,565 - src.data.dataset - ERROR - dataset.py:300 - tgt: 有时候好苦恼，然后就自闭了
2025-12-12 17:43:29,565 - src.data.dataset - ERROR - dataset.py:298 - Processing failed for idx=20249: Cannot use chat template functions because tokenizer.chat_template is not set and no template argument was passed! For information about writing templates and setting the tokenizer.chat_template attribute, please see the documentation at https://huggingface.co/docs/transformers/main/en/chat_templating
2025-12-12 17:43:29,566 - src.data.dataset - ERROR - dataset.py:299 - src: 新来的刚刚去烫头头发太多炸了QAQ
2025-12-12 17:43:29,566 - src.data.dataset - ERROR - dataset.py:300 - tgt: 那你应该很可爱啊，连带着头发都可爱到爆炸
2025-12-12 17:43:29,566 - src.data.dataset - ERROR - dataset.py:298 - Processing failed for idx=105886: Cannot use chat template functions because tokenizer.chat_template is not set and no template argument was passed! For information about writing templates and setting the tokenizer.chat_template attribute, please see the documentation at https://huggingface.co/docs/transformers/main/en/chat_templating
2025-12-12 17:43:29,566 - src.data.dataset - ERROR - dataset.py:299 - src: 我做的便当
2025-12-12 17:43:29,566 - src.data.dataset - ERROR - dataset.py:300 - tgt: 人世间竟然还有像LZ这样如此贤惠的男子！简直就是奇迹！看着这便当，只想说句心里话想嫁～
2025-12-12 17:43:29,566 - src.data.dataset - ERROR - dataset.py:298 - Processing failed for idx=6438: Cannot use chat template functions because tokenizer.chat_template is not set and no template argument was passed! For information about writing templates and setting the tokenizer.chat_template attribute, please see the documentation at https://huggingface.co/docs/transformers/main/en/chat_templating
2025-12-12 17:43:29,566 - src.data.dataset - ERROR - dataset.py:299 - src: 我是弱受男孩子
2025-12-12 17:43:29,566 - src.data.dataset - ERROR - dataset.py:300 - tgt: 哼唧唧~我可是大轰龙，吼吼吼~还会嗷呜嗷呜嗷呜那种
2025-12-12 17:43:29,701 - src.data.dataset - ERROR - dataset.py:298 - Processing failed for idx=62526: Cannot use chat template functions because tokenizer.chat_template is not set and no template argument was passed! For information about writing templates and setting the tokenizer.chat_template attribute, please see the documentation at https://huggingface.co/docs/transformers/main/en/chat_templating
2025-12-12 17:43:29,701 - src.data.dataset - ERROR - dataset.py:299 - src: 为复试在努力的我
2025-12-12 17:43:29,702 - src.data.dataset - ERROR - dataset.py:300 - tgt: 初试已过说明楼主优秀继续保持！
2025-12-12 17:43:29,702 - src.data.dataset - ERROR - dataset.py:298 - Processing failed for idx=76847: Cannot use chat template functions because tokenizer.chat_template is not set and no template argument was passed! For information about writing templates and setting the tokenizer.chat_template attribute, please see the documentation at https://huggingface.co/docs/transformers/main/en/chat_templating
2025-12-12 17:43:29,702 - src.data.dataset - ERROR - dataset.py:299 - src: 即将高考了，却出这种事。
2025-12-12 17:43:29,702 - src.data.dataset - ERROR - dataset.py:300 - tgt: 嗯嗯，争取她能同意，或者直接给校长说，只要结果好，过程糟糕点无所谓！谢谢你！
2025-12-12 17:43:29,702 - src.data.dataset - ERROR - dataset.py:298 - Processing failed for idx=39990: Cannot use chat template functions because tokenizer.chat_template is not set and no template argument was passed! For information about writing templates and setting the tokenizer.chat_template attribute, please see the documentation at https://huggingface.co/docs/transformers/main/en/chat_templating
2025-12-12 17:43:29,702 - src.data.dataset - ERROR - dataset.py:299 - src: 今天是～国际幸福日！祝所有人都幸福
2025-12-12 17:43:29,702 - src.data.dataset - ERROR - dataset.py:300 - tgt: 是的，全世界都在庆祝，疯狂的不要不要的！
2025-12-12 17:43:29,703 - src.data.dataset - ERROR - dataset.py:298 - Processing failed for idx=83381: Cannot use chat template functions because tokenizer.chat_template is not set and no template argument was passed! For information about writing templates and setting the tokenizer.chat_template attribute, please see the documentation at https://huggingface.co/docs/transformers/main/en/chat_templating
2025-12-12 17:43:29,703 - src.data.dataset - ERROR - dataset.py:299 - src: 中年读博又生病又想准时毕业，没法欣赏自己，
2025-12-12 17:43:29,703 - src.data.dataset - ERROR - dataset.py:300 - tgt: 真的不好意思说，估计属于这里很多小朋友的父辈。。
2025-12-12 17:43:29,703 - src.data.dataset - ERROR - dataset.py:298 - Processing failed for idx=98063: Cannot use chat template functions because tokenizer.chat_template is not set and no template argument was passed! For information about writing templates and setting the tokenizer.chat_template attribute, please see the documentation at https://huggingface.co/docs/transformers/main/en/chat_templating
2025-12-12 17:43:29,703 - src.data.dataset - ERROR - dataset.py:299 - src: 给狗狗拍的照片好看吗？
2025-12-12 17:43:29,703 - src.data.dataset - ERROR - dataset.py:300 - tgt: 可爱！心都化了！
2025-12-12 17:43:29,703 - src.data.dataset - ERROR - dataset.py:298 - Processing failed for idx=79355: Cannot use chat template functions because tokenizer.chat_template is not set and no template argument was passed! For information about writing templates and setting the tokenizer.chat_template attribute, please see the documentation at https://huggingface.co/docs/transformers/main/en/chat_templating
2025-12-12 17:43:29,703 - src.data.dataset - ERROR - dataset.py:299 - src: 今天生日啦
2025-12-12 17:43:29,703 - src.data.dataset - ERROR - dataset.py:300 - tgt: 小猪佩奇身上纹<br/><br/>掌声献给社会人<br/><br/>#生日快乐#
2025-12-12 17:43:29,703 - src.data.dataset - ERROR - dataset.py:298 - Processing failed for idx=41102: Cannot use chat template functions because tokenizer.chat_template is not set and no template argument was passed! For information about writing templates and setting the tokenizer.chat_template attribute, please see the documentation at https://huggingface.co/docs/transformers/main/en/chat_templating
2025-12-12 17:43:29,704 - src.data.dataset - ERROR - dataset.py:299 - src: 我要自己一个人去看电影了
2025-12-12 17:43:29,704 - src.data.dataset - ERROR - dataset.py:300 - tgt: 我看完了，要不要剧透
2025-12-12 17:43:30,038 - src.data.dataset - ERROR - dataset.py:298 - Processing failed for idx=30208: Cannot use chat template functions because tokenizer.chat_template is not set and no template argument was passed! For information about writing templates and setting the tokenizer.chat_template attribute, please see the documentation at https://huggingface.co/docs/transformers/main/en/chat_templating
2025-12-12 17:43:30,038 - src.data.dataset - ERROR - dataset.py:299 - src: 怎么才能脸不红心不跳拍出彩虹屁呢？
2025-12-12 17:43:30,038 - src.data.dataset - ERROR - dataset.py:300 - tgt: 我个人经验是追个星就好惹呀！楼主这么有天赋一定能马上学会哒！
2025-12-12 17:43:30,038 - src.data.dataset - ERROR - dataset.py:298 - Processing failed for idx=95226: Cannot use chat template functions because tokenizer.chat_template is not set and no template argument was passed! For information about writing templates and setting the tokenizer.chat_template attribute, please see the documentation at https://huggingface.co/docs/transformers/main/en/chat_templating
2025-12-12 17:43:30,038 - src.data.dataset - ERROR - dataset.py:299 - src: 喜欢好久的女孩我终究放下了
2025-12-12 17:43:30,038 - src.data.dataset - ERROR - dataset.py:300 - tgt: 恭喜哦，世上儿女千千万，实在不行咱就换，感觉这句很经典
2025-12-12 17:43:30,039 - src.data.dataset - ERROR - dataset.py:298 - Processing failed for idx=51855: Cannot use chat template functions because tokenizer.chat_template is not set and no template argument was passed! For information about writing templates and setting the tokenizer.chat_template attribute, please see the documentation at https://huggingface.co/docs/transformers/main/en/chat_templating
2025-12-12 17:43:30,039 - src.data.dataset - ERROR - dataset.py:299 - src: 在这人生的低谷里
2025-12-12 17:43:30,039 - src.data.dataset - ERROR - dataset.py:300 - tgt: 爱你哦你很棒
2025-12-12 17:43:30,039 - src.data.dataset - ERROR - dataset.py:298 - Processing failed for idx=34955: Cannot use chat template functions because tokenizer.chat_template is not set and no template argument was passed! For information about writing templates and setting the tokenizer.chat_template attribute, please see the documentation at https://huggingface.co/docs/transformers/main/en/chat_templating
2025-12-12 17:43:30,039 - src.data.dataset - ERROR - dataset.py:299 - src: 今天挣了1000，
2025-12-12 17:43:30,039 - src.data.dataset - ERROR - dataset.py:300 - tgt: 楼主好棒，有能力赚钱，而且赚钱了不忘记孝敬父母，很好呀看到这样的帖子真开心(｡･ω･｡)ﾉ
2025-12-12 17:43:30,039 - src.data.dataset - ERROR - dataset.py:298 - Processing failed for idx=1082: Cannot use chat template functions because tokenizer.chat_template is not set and no template argument was passed! For information about writing templates and setting the tokenizer.chat_template attribute, please see the documentation at https://huggingface.co/docs/transformers/main/en/chat_templating
2025-12-12 17:43:30,039 - src.data.dataset - ERROR - dataset.py:299 - src: 失眠咋办...
2025-12-12 17:43:30,039 - src.data.dataset - ERROR - dataset.py:300 - tgt: 仿佛生命又延长了几个小时呢！
2025-12-12 17:43:30,040 - src.data.dataset - ERROR - dataset.py:298 - Processing failed for idx=51505: Cannot use chat template functions because tokenizer.chat_template is not set and no template argument was passed! For information about writing templates and setting the tokenizer.chat_template attribute, please see the documentation at https://huggingface.co/docs/transformers/main/en/chat_templating
2025-12-12 17:43:30,040 - src.data.dataset - ERROR - dataset.py:299 - src: 给自己画婚礼请柬跟扇子
2025-12-12 17:43:30,040 - src.data.dataset - ERROR - dataset.py:300 - tgt: 虽然婚礼都办完了但是大家还是可以继续夸呀啊哈哈
2025-12-12 17:43:30,040 - src.data.dataset - ERROR - dataset.py:298 - Processing failed for idx=98637: Cannot use chat template functions because tokenizer.chat_template is not set and no template argument was passed! For information about writing templates and setting the tokenizer.chat_template attribute, please see the documentation at https://huggingface.co/docs/transformers/main/en/chat_templating
2025-12-12 17:43:30,040 - src.data.dataset - ERROR - dataset.py:299 - src: 我准备买人生第一套房啦！
2025-12-12 17:43:30,040 - src.data.dataset - ERROR - dataset.py:300 - tgt: 等我吃完柠檬再夸
2025-12-12 17:43:30,040 - src.data.dataset - ERROR - dataset.py:298 - Processing failed for idx=92808: Cannot use chat template functions because tokenizer.chat_template is not set and no template argument was passed! For information about writing templates and setting the tokenizer.chat_template attribute, please see the documentation at https://huggingface.co/docs/transformers/main/en/chat_templating
2025-12-12 17:43:30,040 - src.data.dataset - ERROR - dataset.py:299 - src: 如果苏大强来小组
2025-12-12 17:43:30,040 - src.data.dataset - ERROR - dataset.py:300 - tgt: 小蔡宝贝儿～
2025-12-12 17:43:30,166 - src.data.dataset - ERROR - dataset.py:298 - Processing failed for idx=97322: Cannot use chat template functions because tokenizer.chat_template is not set and no template argument was passed! For information about writing templates and setting the tokenizer.chat_template attribute, please see the documentation at https://huggingface.co/docs/transformers/main/en/chat_templating
2025-12-12 17:43:30,166 - src.data.dataset - ERROR - dataset.py:299 - src: 研究生
2025-12-12 17:43:30,167 - src.data.dataset - ERROR - dataset.py:300 - tgt: 只要看书一定能过！共勉
2025-12-12 17:43:30,167 - src.data.dataset - ERROR - dataset.py:298 - Processing failed for idx=117153: Cannot use chat template functions because tokenizer.chat_template is not set and no template argument was passed! For information about writing templates and setting the tokenizer.chat_template attribute, please see the documentation at https://huggingface.co/docs/transformers/main/en/chat_templating
2025-12-12 17:43:30,167 - src.data.dataset - ERROR - dataset.py:299 - src: 夸夸我这个丧比吧
2025-12-12 17:43:30,167 - src.data.dataset - ERROR - dataset.py:300 - tgt: 有啊！
2025-12-12 17:43:30,167 - src.data.dataset - ERROR - dataset.py:298 - Processing failed for idx=102569: Cannot use chat template functions because tokenizer.chat_template is not set and no template argument was passed! For information about writing templates and setting the tokenizer.chat_template attribute, please see the documentation at https://huggingface.co/docs/transformers/main/en/chat_templating
2025-12-12 17:43:30,167 - src.data.dataset - ERROR - dataset.py:299 - src: 做梦都是工作了哈哈哈哈
2025-12-12 17:43:30,167 - src.data.dataset - ERROR - dataset.py:300 - tgt: 可爱！认真！
2025-12-12 17:43:30,167 - src.data.dataset - ERROR - dataset.py:298 - Processing failed for idx=22921: Cannot use chat template functions because tokenizer.chat_template is not set and no template argument was passed! For information about writing templates and setting the tokenizer.chat_template attribute, please see the documentation at https://huggingface.co/docs/transformers/main/en/chat_templating
2025-12-12 17:43:30,168 - src.data.dataset - ERROR - dataset.py:299 - src: 今天的微商生意开张了，赚了8块钱！
2025-12-12 17:43:30,168 - src.data.dataset - ERROR - dataset.py:300 - tgt: 我有很多土酷沙雕图，就像我本人一样
2025-12-12 17:43:30,168 - src.data.dataset - ERROR - dataset.py:298 - Processing failed for idx=42529: Cannot use chat template functions because tokenizer.chat_template is not set and no template argument was passed! For information about writing templates and setting the tokenizer.chat_template attribute, please see the documentation at https://huggingface.co/docs/transformers/main/en/chat_templating
2025-12-12 17:43:30,168 - src.data.dataset - ERROR - dataset.py:299 - src: 我赚钱啦！
2025-12-12 17:43:30,168 - src.data.dataset - ERROR - dataset.py:300 - tgt: 自食其力好棒呀！可以买点自己喜欢的东西啦！
2025-12-12 17:43:30,168 - src.data.dataset - ERROR - dataset.py:298 - Processing failed for idx=40754: Cannot use chat template functions because tokenizer.chat_template is not set and no template argument was passed! For information about writing templates and setting the tokenizer.chat_template attribute, please see the documentation at https://huggingface.co/docs/transformers/main/en/chat_templating
2025-12-12 17:43:30,168 - src.data.dataset - ERROR - dataset.py:299 - src: 要开始矫正牙齿啦！
2025-12-12 17:43:30,168 - src.data.dataset - ERROR - dataset.py:300 - tgt: 戴着口罩也没人看得见啊
2025-12-12 17:43:30,168 - src.data.dataset - ERROR - dataset.py:298 - Processing failed for idx=24728: Cannot use chat template functions because tokenizer.chat_template is not set and no template argument was passed! For information about writing templates and setting the tokenizer.chat_template attribute, please see the documentation at https://huggingface.co/docs/transformers/main/en/chat_templating
2025-12-12 17:43:30,168 - src.data.dataset - ERROR - dataset.py:299 - src: 平板支撑一分钟，
2025-12-12 17:43:30,168 - src.data.dataset - ERROR - dataset.py:300 - tgt: 身材真好呀！我也想变成这个样子！
2025-12-12 17:43:30,169 - src.data.dataset - ERROR - dataset.py:298 - Processing failed for idx=85440: Cannot use chat template functions because tokenizer.chat_template is not set and no template argument was passed! For information about writing templates and setting the tokenizer.chat_template attribute, please see the documentation at https://huggingface.co/docs/transformers/main/en/chat_templating
2025-12-12 17:43:30,169 - src.data.dataset - ERROR - dataset.py:299 - src: 我来了，这里怎么夸？
2025-12-12 17:43:30,169 - src.data.dataset - ERROR - dataset.py:300 - tgt: 终于来了！没你都夸不起来啊
2025-12-12 17:43:30,799 - src.data.dataset - ERROR - dataset.py:298 - Processing failed for idx=37412: Cannot use chat template functions because tokenizer.chat_template is not set and no template argument was passed! For information about writing templates and setting the tokenizer.chat_template attribute, please see the documentation at https://huggingface.co/docs/transformers/main/en/chat_templating
2025-12-12 17:43:30,800 - src.data.dataset - ERROR - dataset.py:299 - src: 不想上班！不想学习！
2025-12-12 17:43:30,800 - src.data.dataset - ERROR - dataset.py:300 - tgt: 恭喜你，正视了自己
2025-12-12 17:43:30,800 - src.data.dataset - ERROR - dataset.py:298 - Processing failed for idx=94945: Cannot use chat template functions because tokenizer.chat_template is not set and no template argument was passed! For information about writing templates and setting the tokenizer.chat_template attribute, please see the documentation at https://huggingface.co/docs/transformers/main/en/chat_templating
2025-12-12 17:43:30,800 - src.data.dataset - ERROR - dataset.py:299 - src: 我今天找到了一个很喜欢的人
2025-12-12 17:43:30,800 - src.data.dataset - ERROR - dataset.py:300 - tgt: 哇！其实偷偷翻心上人照片这件可爱的事我也干过呢！不要难过哦，你喜欢的人其实已经随时准备好被你发现了，
2025-12-12 17:43:30,800 - src.data.dataset - ERROR - dataset.py:298 - Processing failed for idx=79382: Cannot use chat template functions because tokenizer.chat_template is not set and no template argument was passed! For information about writing templates and setting the tokenizer.chat_template attribute, please see the documentation at https://huggingface.co/docs/transformers/main/en/chat_templating
2025-12-12 17:43:30,800 - src.data.dataset - ERROR - dataset.py:299 - src: 长的太矮了只有158，
2025-12-12 17:43:30,800 - src.data.dataset - ERROR - dataset.py:300 - tgt: 那肯定超级可爱的！
2025-12-12 17:43:30,800 - src.data.dataset - ERROR - dataset.py:298 - Processing failed for idx=111433: Cannot use chat template functions because tokenizer.chat_template is not set and no template argument was passed! For information about writing templates and setting the tokenizer.chat_template attribute, please see the documentation at https://huggingface.co/docs/transformers/main/en/chat_templating
2025-12-12 17:43:30,801 - src.data.dataset - ERROR - dataset.py:299 - src: 长的太矮了只有158，
2025-12-12 17:43:30,801 - src.data.dataset - ERROR - dataset.py:300 - tgt: 哇激动都不想长高了爱你么么哒
2025-12-12 17:43:30,801 - src.data.dataset - ERROR - dataset.py:298 - Processing failed for idx=46814: Cannot use chat template functions because tokenizer.chat_template is not set and no template argument was passed! For information about writing templates and setting the tokenizer.chat_template attribute, please see the documentation at https://huggingface.co/docs/transformers/main/en/chat_templating
2025-12-12 17:43:30,801 - src.data.dataset - ERROR - dataset.py:299 - src: 吃了好好吃的酸菜鱼，
2025-12-12 17:43:30,801 - src.data.dataset - ERROR - dataset.py:300 - tgt: 长得好像水煮鱼啊，不管是什么鱼，你喜欢就是最好的
2025-12-12 17:43:30,801 - src.data.dataset - ERROR - dataset.py:298 - Processing failed for idx=21445: Cannot use chat template functions because tokenizer.chat_template is not set and no template argument was passed! For information about writing templates and setting the tokenizer.chat_template attribute, please see the documentation at https://huggingface.co/docs/transformers/main/en/chat_templating
2025-12-12 17:43:30,801 - src.data.dataset - ERROR - dataset.py:299 - src: 负能量精神疾病撸色一名
2025-12-12 17:43:30,801 - src.data.dataset - ERROR - dataset.py:300 - tgt: 我无法看书...我看书会一直看一页看很久比平常人花的时间多很多
2025-12-12 17:43:30,801 - src.data.dataset - ERROR - dataset.py:298 - Processing failed for idx=67652: Cannot use chat template functions because tokenizer.chat_template is not set and no template argument was passed! For information about writing templates and setting the tokenizer.chat_template attribute, please see the documentation at https://huggingface.co/docs/transformers/main/en/chat_templating
2025-12-12 17:43:30,801 - src.data.dataset - ERROR - dataset.py:299 - src: 130瘦到104.4，快来夸我！
2025-12-12 17:43:30,802 - src.data.dataset - ERROR - dataset.py:300 - tgt: 连减肥那么难的事情楼主都坚持下来了，还有什么做不到的，大神
2025-12-12 17:43:30,802 - src.data.dataset - ERROR - dataset.py:298 - Processing failed for idx=50686: Cannot use chat template functions because tokenizer.chat_template is not set and no template argument was passed! For information about writing templates and setting the tokenizer.chat_template attribute, please see the documentation at https://huggingface.co/docs/transformers/main/en/chat_templating
2025-12-12 17:43:30,802 - src.data.dataset - ERROR - dataset.py:299 - src: 不小心在单位办公室放了个屁
2025-12-12 17:43:30,802 - src.data.dataset - ERROR - dataset.py:300 - tgt: 不憋屁，是健康生活方式。而且同事们说不定偷偷暗笑，你牺牲自己给他们带来了快乐呢！
2025-12-12 17:43:30,929 - src.data.dataset - ERROR - dataset.py:298 - Processing failed for idx=59844: Cannot use chat template functions because tokenizer.chat_template is not set and no template argument was passed! For information about writing templates and setting the tokenizer.chat_template attribute, please see the documentation at https://huggingface.co/docs/transformers/main/en/chat_templating
2025-12-12 17:43:30,929 - src.data.dataset - ERROR - dataset.py:299 - src: 大学
2025-12-12 17:43:30,929 - src.data.dataset - ERROR - dataset.py:300 - tgt: 突然明白了老师的良苦用心
2025-12-12 17:43:30,929 - src.data.dataset - ERROR - dataset.py:298 - Processing failed for idx=107604: Cannot use chat template functions because tokenizer.chat_template is not set and no template argument was passed! For information about writing templates and setting the tokenizer.chat_template attribute, please see the documentation at https://huggingface.co/docs/transformers/main/en/chat_templating
2025-12-12 17:43:30,929 - src.data.dataset - ERROR - dataset.py:299 - src: 心里差不多已经放弃了现任，鼓励
2025-12-12 17:43:30,929 - src.data.dataset - ERROR - dataset.py:300 - tgt: 流泪了
2025-12-12 17:43:30,930 - src.data.dataset - ERROR - dataset.py:298 - Processing failed for idx=103803: Cannot use chat template functions because tokenizer.chat_template is not set and no template argument was passed! For information about writing templates and setting the tokenizer.chat_template attribute, please see the documentation at https://huggingface.co/docs/transformers/main/en/chat_templating
2025-12-12 17:43:30,930 - src.data.dataset - ERROR - dataset.py:299 - src: 感觉自己一事无成
2025-12-12 17:43:30,930 - src.data.dataset - ERROR - dataset.py:300 - tgt: 是有想让自己变得更好的想法可是害怕努力了还是失败
2025-12-12 17:43:30,930 - src.data.dataset - ERROR - dataset.py:298 - Processing failed for idx=40373: Cannot use chat template functions because tokenizer.chat_template is not set and no template argument was passed! For information about writing templates and setting the tokenizer.chat_template attribute, please see the documentation at https://huggingface.co/docs/transformers/main/en/chat_templating
2025-12-12 17:43:30,930 - src.data.dataset - ERROR - dataset.py:299 - src: 朋友介绍对象太优秀了，总觉得自己配不上他，。
2025-12-12 17:43:30,930 - src.data.dataset - ERROR - dataset.py:300 - tgt: 这是你朋友也觉得你超级好，才会介绍给你打
2025-12-12 17:43:30,930 - src.data.dataset - ERROR - dataset.py:298 - Processing failed for idx=44864: Cannot use chat template functions because tokenizer.chat_template is not set and no template argument was passed! For information about writing templates and setting the tokenizer.chat_template attribute, please see the documentation at https://huggingface.co/docs/transformers/main/en/chat_templating
2025-12-12 17:43:30,930 - src.data.dataset - ERROR - dataset.py:299 - src: 我们的鱼生宝宝了
2025-12-12 17:43:30,930 - src.data.dataset - ERROR - dataset.py:300 - tgt: 楼主真是个美好的人儿，可以把小鱼照顾的这么好
2025-12-12 17:43:30,930 - src.data.dataset - ERROR - dataset.py:298 - Processing failed for idx=62387: Cannot use chat template functions because tokenizer.chat_template is not set and no template argument was passed! For information about writing templates and setting the tokenizer.chat_template attribute, please see the documentation at https://huggingface.co/docs/transformers/main/en/chat_templating
2025-12-12 17:43:30,931 - src.data.dataset - ERROR - dataset.py:299 - src: 还有43分钟我就过完生日了
2025-12-12 17:43:30,931 - src.data.dataset - ERROR - dataset.py:300 - tgt: 老公生日快乐!(^O^)y
2025-12-12 17:43:30,931 - src.data.dataset - ERROR - dataset.py:298 - Processing failed for idx=43159: Cannot use chat template functions because tokenizer.chat_template is not set and no template argument was passed! For information about writing templates and setting the tokenizer.chat_template attribute, please see the documentation at https://huggingface.co/docs/transformers/main/en/chat_templating
2025-12-12 17:43:30,931 - src.data.dataset - ERROR - dataset.py:299 - src: 20岁大三的我账户已经存了10w+
2025-12-12 17:43:30,931 - src.data.dataset - ERROR - dataset.py:300 - tgt: 你好厉害
2025-12-12 17:43:30,931 - src.data.dataset - ERROR - dataset.py:298 - Processing failed for idx=5524: Cannot use chat template functions because tokenizer.chat_template is not set and no template argument was passed! For information about writing templates and setting the tokenizer.chat_template attribute, please see the documentation at https://huggingface.co/docs/transformers/main/en/chat_templating
2025-12-12 17:43:30,931 - src.data.dataset - ERROR - dataset.py:299 - src: 恭喜我吧完美被舍友排外了
2025-12-12 17:43:30,931 - src.data.dataset - ERROR - dataset.py:300 - tgt: 嘻嘻你想加入我的邪教吗
2025-12-12 17:49:22,393 - src.train - INFO - train.py:61 - Using device: cuda
2025-12-12 17:49:22,681 - src.train - INFO - train.py:133 - ✗ TF32 not available (GPU compute capability < 8.0)
2025-12-12 17:49:22,681 - src.train - INFO - train.py:137 - ✓ cuDNN benchmark enabled
2025-12-12 17:49:22,681 - src.train - INFO - train.py:144 - Loading base model from /root/.cache/modelscope/hub/models/ZhipuAI/chatglm3-6b...
2025-12-12 17:49:22,945 - accelerate.utils.modeling - INFO - modeling.py:987 - We will use 90% of the memory on device 0 for storing the model, and 10% for the buffer to avoid OOM. You can set `max_memory` in to a higher value to use more memory (at your own risk).
2025-12-12 17:49:27,225 - src.train - INFO - train.py:152 - Base model loaded in torch.float16
2025-12-12 17:49:27,226 - src.train - INFO - train.py:176 - ✓ Gradient checkpointing disabled (faster training)
2025-12-12 17:49:27,226 - src.train - INFO - train.py:177 -   - use_cache=True (enabled for speed)
2025-12-12 17:49:27,324 - src.train - INFO - train.py:200 - ============================================================
2025-12-12 17:49:27,324 - src.train - INFO - train.py:201 - LoRA Configuration:
2025-12-12 17:49:27,325 - src.train - INFO - train.py:202 -   - Rank (r): 8
2025-12-12 17:49:27,325 - src.train - INFO - train.py:203 -   - Alpha: 32
2025-12-12 17:49:27,325 - src.train - INFO - train.py:204 -   - Target modules: {'query_key_value'}
2025-12-12 17:49:27,325 - src.train - INFO - train.py:205 -   - Dropout: 0.1
2025-12-12 17:49:27,325 - src.train - INFO - train.py:206 - ============================================================
2025-12-12 17:49:27,325 - src.train - INFO - train.py:207 - Model Statistics:
2025-12-12 17:49:27,325 - src.train - INFO - train.py:208 -   - Total parameters: 6,245,533,696
2025-12-12 17:49:27,325 - src.train - INFO - train.py:209 -   - Trainable parameters: 1,949,696
2025-12-12 17:49:27,325 - src.train - INFO - train.py:210 -   - Trainable %: 0.03%
2025-12-12 17:49:27,325 - src.train - INFO - train.py:211 - ============================================================
2025-12-12 17:49:27,326 - src.train - INFO - train.py:215 - GPU Memory allocated: 11.64 GB
2025-12-12 17:49:27,326 - src.train - INFO - train.py:216 - GPU Memory reserved: 11.64 GB
2025-12-12 17:49:27,802 - src.data.dataset - INFO - dataset.py:139 - Loaded 118940 samples from data/train.json
2025-12-12 17:49:28,029 - src.data.dataset - INFO - dataset.py:172 - Loaded cache with 40814 items
2025-12-12 17:49:28,029 - src.data.dataset - INFO - dataset.py:81 - Loading tokenizer from /root/.cache/modelscope/hub/models/ZhipuAI/chatglm3-6b
2025-12-12 17:49:28,240 - src.data.dataset - INFO - dataset.py:96 - Tokenizer loaded. pad_token_id: 0
2025-12-12 17:49:28,240 - src.data.dataset - INFO - dataset.py:356 - DataLoader config: pad_token_id=0, max_length=128
2025-12-12 17:49:28,315 - src.data.dataset - INFO - dataset.py:139 - Loaded 14867 samples from data/val.json
2025-12-12 17:49:28,329 - src.data.dataset - INFO - dataset.py:81 - Loading tokenizer from /root/.cache/modelscope/hub/models/ZhipuAI/chatglm3-6b
2025-12-12 17:49:28,530 - src.data.dataset - INFO - dataset.py:96 - Tokenizer loaded. pad_token_id: 0
2025-12-12 17:49:28,530 - src.data.dataset - INFO - dataset.py:356 - DataLoader config: pad_token_id=0, max_length=128
2025-12-12 17:49:28,530 - src.train - INFO - train.py:258 - Train dataset size: 118940
2025-12-12 17:49:28,530 - src.train - INFO - train.py:259 - Val dataset size: 14867
2025-12-12 17:49:28,530 - src.train - INFO - train.py:260 - Train batches per epoch: 14868
2025-12-12 17:49:28,534 - src.train - INFO - train.py:302 - Total training steps: 11151
2025-12-12 17:49:28,534 - src.train - INFO - train.py:303 - Warmup steps: 557
2025-12-12 17:49:29,340 - src.train - INFO - train.py:314 - 
==================================================
2025-12-12 17:49:29,341 - src.train - INFO - train.py:315 - Epoch 1/3
2025-12-12 17:49:29,341 - src.train - INFO - train.py:316 - ==================================================
2025-12-12 17:56:52,553 - src.train - INFO - train.py:61 - Using device: cuda
2025-12-12 17:56:52,892 - src.train - INFO - train.py:133 - ✗ TF32 not available (GPU compute capability < 8.0)
2025-12-12 17:56:52,892 - src.train - INFO - train.py:137 - ✓ cuDNN benchmark enabled
2025-12-12 17:56:52,892 - src.train - INFO - train.py:144 - Loading base model from /root/.cache/modelscope/hub/models/ZhipuAI/chatglm3-6b...
2025-12-12 17:56:53,163 - accelerate.utils.modeling - INFO - modeling.py:987 - We will use 90% of the memory on device 0 for storing the model, and 10% for the buffer to avoid OOM. You can set `max_memory` in to a higher value to use more memory (at your own risk).
2025-12-12 17:56:56,342 - src.train - INFO - train.py:152 - Base model loaded in torch.float16
2025-12-12 17:56:56,343 - src.train - INFO - train.py:176 - ✓ Gradient checkpointing disabled (faster training)
2025-12-12 17:56:56,343 - src.train - INFO - train.py:177 -   - use_cache=True (enabled for speed)
2025-12-12 17:56:56,466 - src.train - INFO - train.py:200 - ============================================================
2025-12-12 17:56:56,466 - src.train - INFO - train.py:201 - LoRA Configuration:
2025-12-12 17:56:56,466 - src.train - INFO - train.py:202 -   - Rank (r): 8
2025-12-12 17:56:56,467 - src.train - INFO - train.py:203 -   - Alpha: 32
2025-12-12 17:56:56,467 - src.train - INFO - train.py:204 -   - Target modules: {'query_key_value'}
2025-12-12 17:56:56,467 - src.train - INFO - train.py:205 -   - Dropout: 0.1
2025-12-12 17:56:56,467 - src.train - INFO - train.py:206 - ============================================================
2025-12-12 17:56:56,467 - src.train - INFO - train.py:207 - Model Statistics:
2025-12-12 17:56:56,467 - src.train - INFO - train.py:208 -   - Total parameters: 6,245,533,696
2025-12-12 17:56:56,467 - src.train - INFO - train.py:209 -   - Trainable parameters: 1,949,696
2025-12-12 17:56:56,467 - src.train - INFO - train.py:210 -   - Trainable %: 0.03%
2025-12-12 17:56:56,467 - src.train - INFO - train.py:211 - ============================================================
2025-12-12 17:56:56,468 - src.train - INFO - train.py:215 - GPU Memory allocated: 11.64 GB
2025-12-12 17:56:56,468 - src.train - INFO - train.py:216 - GPU Memory reserved: 11.64 GB
2025-12-12 17:56:56,942 - src.data.dataset - INFO - dataset.py:139 - Loaded 118940 samples from data/train.json
2025-12-12 17:56:57,172 - src.data.dataset - INFO - dataset.py:172 - Loaded cache with 40814 items
2025-12-12 17:56:57,172 - src.data.dataset - INFO - dataset.py:81 - Loading tokenizer from /root/.cache/modelscope/hub/models/ZhipuAI/chatglm3-6b
2025-12-12 17:56:57,388 - src.data.dataset - INFO - dataset.py:96 - Tokenizer loaded. pad_token_id: 0
2025-12-12 17:56:57,389 - src.data.dataset - INFO - dataset.py:356 - DataLoader config: pad_token_id=0, max_length=128
2025-12-12 17:56:57,462 - src.data.dataset - INFO - dataset.py:139 - Loaded 14867 samples from data/val.json
2025-12-12 17:56:57,477 - src.data.dataset - INFO - dataset.py:81 - Loading tokenizer from /root/.cache/modelscope/hub/models/ZhipuAI/chatglm3-6b
2025-12-12 17:56:57,677 - src.data.dataset - INFO - dataset.py:96 - Tokenizer loaded. pad_token_id: 0
2025-12-12 17:56:57,677 - src.data.dataset - INFO - dataset.py:356 - DataLoader config: pad_token_id=0, max_length=128
2025-12-12 17:56:57,677 - src.train - INFO - train.py:258 - Train dataset size: 118940
2025-12-12 17:56:57,677 - src.train - INFO - train.py:259 - Val dataset size: 14867
2025-12-12 17:56:57,677 - src.train - INFO - train.py:260 - Train batches per epoch: 14868
2025-12-12 17:56:57,682 - src.train - INFO - train.py:302 - Total training steps: 11151
2025-12-12 17:56:57,682 - src.train - INFO - train.py:303 - Warmup steps: 557
2025-12-12 17:56:58,520 - src.train - INFO - train.py:314 - 
==================================================
2025-12-12 17:56:58,520 - src.train - INFO - train.py:315 - Epoch 1/3
2025-12-12 17:56:58,520 - src.train - INFO - train.py:316 - ==================================================
2025-12-12 18:22:43,742 - src.data.dataset - INFO - dataset.py:184 - Saved cache with 45814 items
2025-12-12 18:22:45,571 - src.data.dataset - INFO - dataset.py:184 - Saved cache with 45814 items
2025-12-12 18:22:54,364 - src.data.dataset - INFO - dataset.py:184 - Saved cache with 45814 items
2025-12-12 18:22:56,266 - src.data.dataset - INFO - dataset.py:184 - Saved cache with 45814 items
2025-12-12 18:54:57,790 - src.data.dataset - INFO - dataset.py:184 - Saved cache with 50814 items
2025-12-12 18:55:01,484 - src.data.dataset - INFO - dataset.py:184 - Saved cache with 50814 items
2025-12-12 18:55:06,620 - src.data.dataset - INFO - dataset.py:184 - Saved cache with 50814 items
2025-12-12 18:55:07,749 - src.data.dataset - INFO - dataset.py:184 - Saved cache with 50814 items
2025-12-12 18:55:30,941 - src.data.dataset - INFO - dataset.py:184 - Saved cache with 45814 items
2025-12-12 18:55:36,202 - src.data.dataset - INFO - dataset.py:184 - Saved cache with 45814 items
2025-12-12 19:52:13,263 - src.train - INFO - train.py:325 - Train Loss: 7.5868
2025-12-12 19:52:13,265 - src.train - INFO - train.py:326 - Val Loss: 7.4280
2025-12-12 19:52:13,365 - src.train - INFO - train.py:572 - LoRA weights saved to: checkpoints/best_model
2025-12-12 19:52:13,365 - src.train - INFO - train.py:573 - Training state saved to: checkpoints/best_model/training_state.pt
2025-12-12 19:52:13,365 - src.train - INFO - train.py:355 - ✓ New best model saved: checkpoints/best_model
2025-12-12 19:52:13,443 - src.train - INFO - train.py:572 - LoRA weights saved to: checkpoints/checkpoint_epoch_1
2025-12-12 19:52:13,443 - src.train - INFO - train.py:573 - Training state saved to: checkpoints/checkpoint_epoch_1/training_state.pt
2025-12-12 19:52:13,443 - src.train - INFO - train.py:314 - 
==================================================
2025-12-12 19:52:13,443 - src.train - INFO - train.py:315 - Epoch 2/3
2025-12-12 19:52:13,443 - src.train - INFO - train.py:316 - ==================================================
2025-12-12 19:57:25,084 - src.data.dataset - INFO - dataset.py:184 - Saved cache with 45814 items
2025-12-12 20:03:41,182 - src.data.dataset - INFO - dataset.py:184 - Saved cache with 55814 items
2025-12-12 20:03:49,714 - src.data.dataset - INFO - dataset.py:184 - Saved cache with 55814 items
2025-12-12 20:03:51,780 - src.data.dataset - INFO - dataset.py:184 - Saved cache with 55814 items
2025-12-12 20:03:53,299 - src.data.dataset - INFO - dataset.py:184 - Saved cache with 55814 items
2025-12-12 20:17:53,788 - src.data.dataset - INFO - dataset.py:184 - Saved cache with 50814 items
2025-12-12 20:17:59,131 - src.data.dataset - INFO - dataset.py:184 - Saved cache with 50814 items
2025-12-12 20:30:30,998 - src.data.dataset - INFO - dataset.py:184 - Saved cache with 45814 items
2025-12-12 20:39:09,848 - src.data.dataset - INFO - dataset.py:184 - Saved cache with 50814 items
2025-12-12 20:50:49,720 - src.data.dataset - INFO - dataset.py:184 - Saved cache with 60814 items
2025-12-12 20:51:01,194 - src.data.dataset - INFO - dataset.py:184 - Saved cache with 60814 items
2025-12-12 20:51:02,033 - src.data.dataset - INFO - dataset.py:184 - Saved cache with 60814 items
2025-12-12 20:51:36,998 - src.data.dataset - INFO - dataset.py:184 - Saved cache with 60814 items
2025-12-12 20:59:31,958 - src.train - INFO - train.py:325 - Train Loss: 8.3398
2025-12-12 20:59:31,960 - src.train - INFO - train.py:326 - Val Loss: 9.2149
2025-12-12 20:59:32,059 - src.train - INFO - train.py:572 - LoRA weights saved to: checkpoints/checkpoint_epoch_2
2025-12-12 20:59:32,060 - src.train - INFO - train.py:573 - Training state saved to: checkpoints/checkpoint_epoch_2/training_state.pt
2025-12-12 20:59:32,060 - src.train - INFO - train.py:314 - 
==================================================
2025-12-12 20:59:32,060 - src.train - INFO - train.py:315 - Epoch 3/3
2025-12-12 20:59:32,060 - src.train - INFO - train.py:316 - ==================================================
2025-12-12 21:04:00,564 - src.train - INFO - train.py:325 - Train Loss: 9.0794
2025-12-12 21:04:00,565 - src.train - INFO - train.py:326 - Val Loss: 9.2149
2025-12-12 21:04:00,565 - src.train - INFO - train.py:361 - Early stopping triggered after 3 epochs
2025-12-12 21:04:00,565 - src.train - INFO - train.py:374 - 
==================================================
2025-12-12 21:04:00,566 - src.train - INFO - train.py:375 - Training completed!
2025-12-12 21:04:00,566 - src.train - INFO - train.py:376 - Best Val Loss: 7.4280
2025-12-12 21:04:00,566 - src.train - INFO - train.py:377 - Best Model: checkpoints/best_model
2025-12-12 21:04:00,566 - src.train - INFO - train.py:378 - ==================================================
2025-12-16 20:43:43,348 - src.train - INFO - train.py:61 - Using device: cuda
2025-12-16 20:43:43,675 - src.train - INFO - train.py:133 - ✗ TF32 not available (GPU compute capability < 8.0)
2025-12-16 20:43:43,675 - src.train - INFO - train.py:137 - ✓ cuDNN benchmark enabled
2025-12-16 20:43:43,675 - src.train - INFO - train.py:144 - Loading base model from /root/.cache/modelscope/hub/models/ZhipuAI/chatglm3-6b...
2025-12-16 20:43:44,022 - accelerate.utils.modeling - INFO - modeling.py:987 - We will use 90% of the memory on device 0 for storing the model, and 10% for the buffer to avoid OOM. You can set `max_memory` in to a higher value to use more memory (at your own risk).
2025-12-16 20:45:09,020 - src.train - INFO - train.py:152 - Base model loaded in torch.float16
2025-12-16 20:45:09,021 - src.train - INFO - train.py:176 - ✓ Gradient checkpointing disabled (faster training)
2025-12-16 20:45:09,021 - src.train - INFO - train.py:177 -   - use_cache=True (enabled for speed)
2025-12-16 20:45:09,146 - src.train - INFO - train.py:200 - ============================================================
2025-12-16 20:45:09,146 - src.train - INFO - train.py:201 - LoRA Configuration:
2025-12-16 20:45:09,146 - src.train - INFO - train.py:202 -   - Rank (r): 8
2025-12-16 20:45:09,146 - src.train - INFO - train.py:203 -   - Alpha: 32
2025-12-16 20:45:09,146 - src.train - INFO - train.py:204 -   - Target modules: {'query_key_value'}
2025-12-16 20:45:09,146 - src.train - INFO - train.py:205 -   - Dropout: 0.1
2025-12-16 20:45:09,146 - src.train - INFO - train.py:206 - ============================================================
2025-12-16 20:45:09,146 - src.train - INFO - train.py:207 - Model Statistics:
2025-12-16 20:45:09,146 - src.train - INFO - train.py:208 -   - Total parameters: 6,245,533,696
2025-12-16 20:45:09,147 - src.train - INFO - train.py:209 -   - Trainable parameters: 1,949,696
2025-12-16 20:45:09,147 - src.train - INFO - train.py:210 -   - Trainable %: 0.03%
2025-12-16 20:45:09,147 - src.train - INFO - train.py:211 - ============================================================
2025-12-16 20:45:09,147 - src.train - INFO - train.py:215 - GPU Memory allocated: 11.64 GB
2025-12-16 20:45:09,147 - src.train - INFO - train.py:216 - GPU Memory reserved: 11.64 GB
2025-12-16 20:45:09,208 - src.data.dataset - INFO - dataset.py:139 - Loaded 11894 samples from data/train1.json
2025-12-16 20:45:09,226 - src.data.dataset - INFO - dataset.py:81 - Loading tokenizer from /root/.cache/modelscope/hub/models/ZhipuAI/chatglm3-6b
2025-12-16 20:45:09,476 - src.data.dataset - INFO - dataset.py:96 - Tokenizer loaded. pad_token_id: 0
2025-12-16 20:45:09,476 - src.data.dataset - INFO - dataset.py:356 - DataLoader config: pad_token_id=0, max_length=128
2025-12-16 20:45:09,487 - src.data.dataset - INFO - dataset.py:139 - Loaded 1487 samples from data/val1.json
2025-12-16 20:45:09,491 - src.data.dataset - INFO - dataset.py:81 - Loading tokenizer from /root/.cache/modelscope/hub/models/ZhipuAI/chatglm3-6b
2025-12-16 20:45:09,714 - src.data.dataset - INFO - dataset.py:96 - Tokenizer loaded. pad_token_id: 0
2025-12-16 20:45:09,714 - src.data.dataset - INFO - dataset.py:356 - DataLoader config: pad_token_id=0, max_length=128
2025-12-16 20:45:09,714 - src.train - INFO - train.py:258 - Train dataset size: 11894
2025-12-16 20:45:09,715 - src.train - INFO - train.py:259 - Val dataset size: 1487
2025-12-16 20:45:09,715 - src.train - INFO - train.py:260 - Train batches per epoch: 1487
2025-12-16 20:45:09,718 - src.train - INFO - train.py:302 - Total training steps: 1113
2025-12-16 20:45:09,718 - src.train - INFO - train.py:303 - Warmup steps: 55
2025-12-16 20:45:10,603 - src.train - INFO - train.py:314 - 
==================================================
2025-12-16 20:45:10,603 - src.train - INFO - train.py:315 - Epoch 1/3
2025-12-16 20:45:10,603 - src.train - INFO - train.py:316 - ==================================================
2025-12-16 20:53:56,408 - src.train - INFO - train.py:325 - Train Loss: 6.7743
2025-12-16 20:53:56,411 - src.train - INFO - train.py:326 - Val Loss: 5.8408
2025-12-16 20:53:56,526 - src.train - INFO - train.py:572 - LoRA weights saved to: checkpoints/best_model
2025-12-16 20:53:56,527 - src.train - INFO - train.py:573 - Training state saved to: checkpoints/best_model/training_state.pt
2025-12-16 20:53:56,527 - src.train - INFO - train.py:355 - ✓ New best model saved: checkpoints/best_model
2025-12-16 20:53:56,616 - src.train - INFO - train.py:572 - LoRA weights saved to: checkpoints/checkpoint_epoch_1
2025-12-16 20:53:56,616 - src.train - INFO - train.py:573 - Training state saved to: checkpoints/checkpoint_epoch_1/training_state.pt
2025-12-16 20:53:56,617 - src.train - INFO - train.py:314 - 
==================================================
2025-12-16 20:53:56,617 - src.train - INFO - train.py:315 - Epoch 2/3
2025-12-16 20:53:56,617 - src.train - INFO - train.py:316 - ==================================================
2025-12-16 21:02:39,641 - src.train - INFO - train.py:325 - Train Loss: 5.5653
2025-12-16 21:02:39,644 - src.train - INFO - train.py:326 - Val Loss: 5.8048
2025-12-16 21:02:39,764 - src.train - INFO - train.py:572 - LoRA weights saved to: checkpoints/best_model
2025-12-16 21:02:39,764 - src.train - INFO - train.py:573 - Training state saved to: checkpoints/best_model/training_state.pt
2025-12-16 21:02:39,764 - src.train - INFO - train.py:355 - ✓ New best model saved: checkpoints/best_model
2025-12-16 21:02:39,862 - src.train - INFO - train.py:572 - LoRA weights saved to: checkpoints/checkpoint_epoch_2
2025-12-16 21:02:39,862 - src.train - INFO - train.py:573 - Training state saved to: checkpoints/checkpoint_epoch_2/training_state.pt
2025-12-16 21:02:39,862 - src.train - INFO - train.py:314 - 
==================================================
2025-12-16 21:02:39,862 - src.train - INFO - train.py:315 - Epoch 3/3
2025-12-16 21:02:39,862 - src.train - INFO - train.py:316 - ==================================================
2025-12-16 21:11:22,637 - src.train - INFO - train.py:325 - Train Loss: 5.5366
2025-12-16 21:11:22,640 - src.train - INFO - train.py:326 - Val Loss: 5.8013
2025-12-16 21:11:22,761 - src.train - INFO - train.py:572 - LoRA weights saved to: checkpoints/best_model
2025-12-16 21:11:22,762 - src.train - INFO - train.py:573 - Training state saved to: checkpoints/best_model/training_state.pt
2025-12-16 21:11:22,762 - src.train - INFO - train.py:355 - ✓ New best model saved: checkpoints/best_model
2025-12-16 21:11:22,853 - src.train - INFO - train.py:572 - LoRA weights saved to: checkpoints/checkpoint_epoch_3
2025-12-16 21:11:22,854 - src.train - INFO - train.py:573 - Training state saved to: checkpoints/checkpoint_epoch_3/training_state.pt
2025-12-16 21:11:22,854 - src.train - INFO - train.py:374 - 
==================================================
2025-12-16 21:11:22,854 - src.train - INFO - train.py:375 - Training completed!
2025-12-16 21:11:22,854 - src.train - INFO - train.py:376 - Best Val Loss: 5.8013
2025-12-16 21:11:22,854 - src.train - INFO - train.py:377 - Best Model: checkpoints/best_model
2025-12-16 21:11:22,854 - src.train - INFO - train.py:378 - ==================================================
2025-12-16 21:50:18,257 - src.inference - INFO - inference.py:48 - ============================================================
2025-12-16 21:50:18,257 - src.inference - INFO - inference.py:49 - Initializing Chatbot Inference
2025-12-16 21:50:18,257 - src.inference - INFO - inference.py:50 - Base model: /root/.cache/modelscope/hub/models/ZhipuAI/chatglm3-6b
2025-12-16 21:50:18,257 - src.inference - INFO - inference.py:51 - LoRA weights: checkpoints/best_model
2025-12-16 21:50:18,257 - src.inference - INFO - inference.py:52 - Device: cuda
2025-12-16 21:50:18,257 - src.inference - INFO - inference.py:53 - FP16: False
2025-12-16 21:50:18,258 - src.inference - INFO - inference.py:54 - ============================================================
2025-12-16 21:50:21,948 - src.inference - INFO - inference.py:81 - Loading tokenizer...
2025-12-16 21:50:22,195 - src.inference - INFO - inference.py:88 - Loading model...
2025-12-16 21:50:22,959 - accelerate.utils.modeling - INFO - modeling.py:987 - We will use 90% of the memory on device 0 for storing the model, and 10% for the buffer to avoid OOM. You can set `max_memory` in to a higher value to use more memory (at your own risk).
2025-12-16 21:50:56,603 - src.inference - INFO - inference.py:99 - Loading LoRA weights from: checkpoints/best_model
2025-12-16 21:50:56,950 - src.inference - INFO - inference.py:107 - LoRA weights loaded successfully
2025-12-16 21:50:56,953 - src.inference - INFO - inference.py:110 - Model loaded in torch.float32
2025-12-16 21:50:56,953 - src.inference - INFO - inference.py:69 - Chatbot initialized successfully!

2025-12-16 21:50:56,971 - src.inference - ERROR - inference.py:202 - Generation failed: ChatGLMTokenizer._pad() got an unexpected keyword argument 'padding_side'
2025-12-16 21:50:56,972 - src.inference - ERROR - inference.py:202 - Generation failed: ChatGLMTokenizer._pad() got an unexpected keyword argument 'padding_side'
2025-12-16 21:50:56,973 - src.inference - ERROR - inference.py:202 - Generation failed: ChatGLMTokenizer._pad() got an unexpected keyword argument 'padding_side'
2025-12-16 21:50:56,973 - src.inference - ERROR - inference.py:202 - Generation failed: ChatGLMTokenizer._pad() got an unexpected keyword argument 'padding_side'
2025-12-16 21:50:56,974 - src.inference - ERROR - inference.py:202 - Generation failed: ChatGLMTokenizer._pad() got an unexpected keyword argument 'padding_side'
2025-12-16 21:50:56,974 - src.inference - ERROR - inference.py:202 - Generation failed: ChatGLMTokenizer._pad() got an unexpected keyword argument 'padding_side'
2025-12-16 21:50:56,975 - src.inference - ERROR - inference.py:202 - Generation failed: ChatGLMTokenizer._pad() got an unexpected keyword argument 'padding_side'
2025-12-16 21:50:56,975 - src.inference - ERROR - inference.py:202 - Generation failed: ChatGLMTokenizer._pad() got an unexpected keyword argument 'padding_side'
2025-12-16 21:50:56,975 - src.inference - ERROR - inference.py:202 - Generation failed: ChatGLMTokenizer._pad() got an unexpected keyword argument 'padding_side'
2025-12-16 21:50:56,976 - src.inference - ERROR - inference.py:202 - Generation failed: ChatGLMTokenizer._pad() got an unexpected keyword argument 'padding_side'
2025-12-16 21:50:56,976 - src.inference - ERROR - inference.py:202 - Generation failed: ChatGLMTokenizer._pad() got an unexpected keyword argument 'padding_side'
2025-12-16 21:50:56,977 - src.inference - ERROR - inference.py:202 - Generation failed: ChatGLMTokenizer._pad() got an unexpected keyword argument 'padding_side'
2025-12-16 21:50:56,977 - src.inference - ERROR - inference.py:202 - Generation failed: ChatGLMTokenizer._pad() got an unexpected keyword argument 'padding_side'
2025-12-16 21:50:56,978 - src.inference - ERROR - inference.py:202 - Generation failed: ChatGLMTokenizer._pad() got an unexpected keyword argument 'padding_side'
2025-12-16 21:50:56,978 - src.inference - ERROR - inference.py:202 - Generation failed: ChatGLMTokenizer._pad() got an unexpected keyword argument 'padding_side'
2025-12-16 21:50:56,978 - src.inference - ERROR - inference.py:202 - Generation failed: ChatGLMTokenizer._pad() got an unexpected keyword argument 'padding_side'
2025-12-16 21:50:56,979 - src.inference - ERROR - inference.py:202 - Generation failed: ChatGLMTokenizer._pad() got an unexpected keyword argument 'padding_side'
2025-12-16 21:50:56,979 - src.inference - ERROR - inference.py:202 - Generation failed: ChatGLMTokenizer._pad() got an unexpected keyword argument 'padding_side'
2025-12-16 21:50:56,980 - src.inference - ERROR - inference.py:202 - Generation failed: ChatGLMTokenizer._pad() got an unexpected keyword argument 'padding_side'
2025-12-16 21:50:56,980 - src.inference - ERROR - inference.py:202 - Generation failed: ChatGLMTokenizer._pad() got an unexpected keyword argument 'padding_side'
2025-12-16 21:50:56,981 - src.inference - ERROR - inference.py:202 - Generation failed: ChatGLMTokenizer._pad() got an unexpected keyword argument 'padding_side'
2025-12-16 21:50:56,981 - src.inference - ERROR - inference.py:202 - Generation failed: ChatGLMTokenizer._pad() got an unexpected keyword argument 'padding_side'
2025-12-16 21:50:56,982 - src.inference - ERROR - inference.py:202 - Generation failed: ChatGLMTokenizer._pad() got an unexpected keyword argument 'padding_side'
2025-12-16 21:50:56,982 - src.inference - ERROR - inference.py:202 - Generation failed: ChatGLMTokenizer._pad() got an unexpected keyword argument 'padding_side'
2025-12-16 21:50:56,982 - src.inference - ERROR - inference.py:202 - Generation failed: ChatGLMTokenizer._pad() got an unexpected keyword argument 'padding_side'
2025-12-16 21:50:56,983 - src.inference - ERROR - inference.py:202 - Generation failed: ChatGLMTokenizer._pad() got an unexpected keyword argument 'padding_side'
2025-12-16 21:50:56,983 - src.inference - ERROR - inference.py:202 - Generation failed: ChatGLMTokenizer._pad() got an unexpected keyword argument 'padding_side'
2025-12-16 21:50:56,984 - src.inference - ERROR - inference.py:202 - Generation failed: ChatGLMTokenizer._pad() got an unexpected keyword argument 'padding_side'
2025-12-16 21:50:56,984 - src.inference - ERROR - inference.py:202 - Generation failed: ChatGLMTokenizer._pad() got an unexpected keyword argument 'padding_side'
2025-12-16 21:50:56,985 - src.inference - ERROR - inference.py:202 - Generation failed: ChatGLMTokenizer._pad() got an unexpected keyword argument 'padding_side'
2025-12-16 21:50:56,985 - src.inference - ERROR - inference.py:202 - Generation failed: ChatGLMTokenizer._pad() got an unexpected keyword argument 'padding_side'
2025-12-16 21:50:56,985 - src.inference - ERROR - inference.py:202 - Generation failed: ChatGLMTokenizer._pad() got an unexpected keyword argument 'padding_side'
2025-12-16 21:50:56,986 - src.inference - ERROR - inference.py:202 - Generation failed: ChatGLMTokenizer._pad() got an unexpected keyword argument 'padding_side'
2025-12-16 21:50:56,986 - src.inference - ERROR - inference.py:202 - Generation failed: ChatGLMTokenizer._pad() got an unexpected keyword argument 'padding_side'
2025-12-16 21:50:56,986 - src.inference - ERROR - inference.py:202 - Generation failed: ChatGLMTokenizer._pad() got an unexpected keyword argument 'padding_side'
2025-12-16 21:50:56,987 - src.inference - ERROR - inference.py:202 - Generation failed: ChatGLMTokenizer._pad() got an unexpected keyword argument 'padding_side'
2025-12-16 21:50:56,987 - src.inference - ERROR - inference.py:202 - Generation failed: ChatGLMTokenizer._pad() got an unexpected keyword argument 'padding_side'
2025-12-16 21:50:56,988 - src.inference - ERROR - inference.py:202 - Generation failed: ChatGLMTokenizer._pad() got an unexpected keyword argument 'padding_side'
2025-12-16 21:50:56,988 - src.inference - ERROR - inference.py:202 - Generation failed: ChatGLMTokenizer._pad() got an unexpected keyword argument 'padding_side'
2025-12-16 21:50:56,989 - src.inference - ERROR - inference.py:202 - Generation failed: ChatGLMTokenizer._pad() got an unexpected keyword argument 'padding_side'
2025-12-16 21:50:56,989 - src.inference - ERROR - inference.py:202 - Generation failed: ChatGLMTokenizer._pad() got an unexpected keyword argument 'padding_side'
2025-12-16 21:50:56,989 - src.inference - ERROR - inference.py:202 - Generation failed: ChatGLMTokenizer._pad() got an unexpected keyword argument 'padding_side'
2025-12-16 21:50:56,990 - src.inference - ERROR - inference.py:202 - Generation failed: ChatGLMTokenizer._pad() got an unexpected keyword argument 'padding_side'
2025-12-16 21:50:56,990 - src.inference - ERROR - inference.py:202 - Generation failed: ChatGLMTokenizer._pad() got an unexpected keyword argument 'padding_side'
2025-12-16 21:50:56,991 - src.inference - ERROR - inference.py:202 - Generation failed: ChatGLMTokenizer._pad() got an unexpected keyword argument 'padding_side'
2025-12-16 21:50:56,991 - src.inference - ERROR - inference.py:202 - Generation failed: ChatGLMTokenizer._pad() got an unexpected keyword argument 'padding_side'
2025-12-16 21:50:56,991 - src.inference - ERROR - inference.py:202 - Generation failed: ChatGLMTokenizer._pad() got an unexpected keyword argument 'padding_side'
2025-12-16 21:50:56,992 - src.inference - ERROR - inference.py:202 - Generation failed: ChatGLMTokenizer._pad() got an unexpected keyword argument 'padding_side'
2025-12-16 21:50:56,992 - src.inference - ERROR - inference.py:202 - Generation failed: ChatGLMTokenizer._pad() got an unexpected keyword argument 'padding_side'
2025-12-16 21:50:56,993 - src.inference - ERROR - inference.py:202 - Generation failed: ChatGLMTokenizer._pad() got an unexpected keyword argument 'padding_side'
2025-12-16 21:50:56,993 - src.inference - ERROR - inference.py:202 - Generation failed: ChatGLMTokenizer._pad() got an unexpected keyword argument 'padding_side'
2025-12-16 21:50:56,993 - src.inference - ERROR - inference.py:202 - Generation failed: ChatGLMTokenizer._pad() got an unexpected keyword argument 'padding_side'
2025-12-16 21:50:56,994 - src.inference - ERROR - inference.py:202 - Generation failed: ChatGLMTokenizer._pad() got an unexpected keyword argument 'padding_side'
2025-12-16 21:50:56,994 - src.inference - ERROR - inference.py:202 - Generation failed: ChatGLMTokenizer._pad() got an unexpected keyword argument 'padding_side'
2025-12-16 21:50:56,994 - src.inference - ERROR - inference.py:202 - Generation failed: ChatGLMTokenizer._pad() got an unexpected keyword argument 'padding_side'
2025-12-16 21:50:56,995 - src.inference - ERROR - inference.py:202 - Generation failed: ChatGLMTokenizer._pad() got an unexpected keyword argument 'padding_side'
2025-12-16 21:50:56,995 - src.inference - ERROR - inference.py:202 - Generation failed: ChatGLMTokenizer._pad() got an unexpected keyword argument 'padding_side'
2025-12-16 21:50:56,996 - src.inference - ERROR - inference.py:202 - Generation failed: ChatGLMTokenizer._pad() got an unexpected keyword argument 'padding_side'
2025-12-16 21:50:56,996 - src.inference - ERROR - inference.py:202 - Generation failed: ChatGLMTokenizer._pad() got an unexpected keyword argument 'padding_side'
2025-12-16 21:50:56,996 - src.inference - ERROR - inference.py:202 - Generation failed: ChatGLMTokenizer._pad() got an unexpected keyword argument 'padding_side'
2025-12-16 21:50:56,997 - src.inference - ERROR - inference.py:202 - Generation failed: ChatGLMTokenizer._pad() got an unexpected keyword argument 'padding_side'
2025-12-16 21:50:56,997 - src.inference - ERROR - inference.py:202 - Generation failed: ChatGLMTokenizer._pad() got an unexpected keyword argument 'padding_side'
2025-12-16 21:50:56,998 - src.inference - ERROR - inference.py:202 - Generation failed: ChatGLMTokenizer._pad() got an unexpected keyword argument 'padding_side'
2025-12-16 21:50:56,998 - src.inference - ERROR - inference.py:202 - Generation failed: ChatGLMTokenizer._pad() got an unexpected keyword argument 'padding_side'
2025-12-16 21:50:56,998 - src.inference - ERROR - inference.py:202 - Generation failed: ChatGLMTokenizer._pad() got an unexpected keyword argument 'padding_side'
2025-12-16 21:50:56,999 - src.inference - ERROR - inference.py:202 - Generation failed: ChatGLMTokenizer._pad() got an unexpected keyword argument 'padding_side'
2025-12-16 21:50:56,999 - src.inference - ERROR - inference.py:202 - Generation failed: ChatGLMTokenizer._pad() got an unexpected keyword argument 'padding_side'
2025-12-16 21:50:57,000 - src.inference - ERROR - inference.py:202 - Generation failed: ChatGLMTokenizer._pad() got an unexpected keyword argument 'padding_side'
2025-12-16 21:50:57,000 - src.inference - ERROR - inference.py:202 - Generation failed: ChatGLMTokenizer._pad() got an unexpected keyword argument 'padding_side'
2025-12-16 21:50:57,000 - src.inference - ERROR - inference.py:202 - Generation failed: ChatGLMTokenizer._pad() got an unexpected keyword argument 'padding_side'
2025-12-16 21:50:57,001 - src.inference - ERROR - inference.py:202 - Generation failed: ChatGLMTokenizer._pad() got an unexpected keyword argument 'padding_side'
2025-12-16 21:50:57,001 - src.inference - ERROR - inference.py:202 - Generation failed: ChatGLMTokenizer._pad() got an unexpected keyword argument 'padding_side'
2025-12-16 21:50:57,001 - src.inference - ERROR - inference.py:202 - Generation failed: ChatGLMTokenizer._pad() got an unexpected keyword argument 'padding_side'
2025-12-16 21:50:57,002 - src.inference - ERROR - inference.py:202 - Generation failed: ChatGLMTokenizer._pad() got an unexpected keyword argument 'padding_side'
2025-12-16 21:50:57,002 - src.inference - ERROR - inference.py:202 - Generation failed: ChatGLMTokenizer._pad() got an unexpected keyword argument 'padding_side'
2025-12-16 21:50:57,002 - src.inference - ERROR - inference.py:202 - Generation failed: ChatGLMTokenizer._pad() got an unexpected keyword argument 'padding_side'
2025-12-16 21:50:57,003 - src.inference - ERROR - inference.py:202 - Generation failed: ChatGLMTokenizer._pad() got an unexpected keyword argument 'padding_side'
2025-12-16 21:50:57,003 - src.inference - ERROR - inference.py:202 - Generation failed: ChatGLMTokenizer._pad() got an unexpected keyword argument 'padding_side'
2025-12-16 21:50:57,004 - src.inference - ERROR - inference.py:202 - Generation failed: ChatGLMTokenizer._pad() got an unexpected keyword argument 'padding_side'
2025-12-16 21:50:57,004 - src.inference - ERROR - inference.py:202 - Generation failed: ChatGLMTokenizer._pad() got an unexpected keyword argument 'padding_side'
2025-12-16 21:50:57,004 - src.inference - ERROR - inference.py:202 - Generation failed: ChatGLMTokenizer._pad() got an unexpected keyword argument 'padding_side'
2025-12-16 21:50:57,005 - src.inference - ERROR - inference.py:202 - Generation failed: ChatGLMTokenizer._pad() got an unexpected keyword argument 'padding_side'
2025-12-16 21:50:57,005 - src.inference - ERROR - inference.py:202 - Generation failed: ChatGLMTokenizer._pad() got an unexpected keyword argument 'padding_side'
2025-12-16 21:50:57,006 - src.inference - ERROR - inference.py:202 - Generation failed: ChatGLMTokenizer._pad() got an unexpected keyword argument 'padding_side'
2025-12-16 21:50:57,006 - src.inference - ERROR - inference.py:202 - Generation failed: ChatGLMTokenizer._pad() got an unexpected keyword argument 'padding_side'
2025-12-16 21:50:57,006 - src.inference - ERROR - inference.py:202 - Generation failed: ChatGLMTokenizer._pad() got an unexpected keyword argument 'padding_side'
2025-12-16 21:50:57,007 - src.inference - ERROR - inference.py:202 - Generation failed: ChatGLMTokenizer._pad() got an unexpected keyword argument 'padding_side'
2025-12-16 21:50:57,007 - src.inference - ERROR - inference.py:202 - Generation failed: ChatGLMTokenizer._pad() got an unexpected keyword argument 'padding_side'
2025-12-16 21:50:57,008 - src.inference - ERROR - inference.py:202 - Generation failed: ChatGLMTokenizer._pad() got an unexpected keyword argument 'padding_side'
2025-12-16 21:50:57,008 - src.inference - ERROR - inference.py:202 - Generation failed: ChatGLMTokenizer._pad() got an unexpected keyword argument 'padding_side'
2025-12-16 21:50:57,008 - src.inference - ERROR - inference.py:202 - Generation failed: ChatGLMTokenizer._pad() got an unexpected keyword argument 'padding_side'
2025-12-16 21:50:57,009 - src.inference - ERROR - inference.py:202 - Generation failed: ChatGLMTokenizer._pad() got an unexpected keyword argument 'padding_side'
2025-12-16 21:50:57,009 - src.inference - ERROR - inference.py:202 - Generation failed: ChatGLMTokenizer._pad() got an unexpected keyword argument 'padding_side'
2025-12-16 21:50:57,009 - src.inference - ERROR - inference.py:202 - Generation failed: ChatGLMTokenizer._pad() got an unexpected keyword argument 'padding_side'
2025-12-16 21:50:57,010 - src.inference - ERROR - inference.py:202 - Generation failed: ChatGLMTokenizer._pad() got an unexpected keyword argument 'padding_side'
2025-12-16 21:50:57,010 - src.inference - ERROR - inference.py:202 - Generation failed: ChatGLMTokenizer._pad() got an unexpected keyword argument 'padding_side'
2025-12-16 21:50:57,010 - src.inference - ERROR - inference.py:202 - Generation failed: ChatGLMTokenizer._pad() got an unexpected keyword argument 'padding_side'
2025-12-16 21:50:57,011 - src.inference - ERROR - inference.py:202 - Generation failed: ChatGLMTokenizer._pad() got an unexpected keyword argument 'padding_side'
2025-12-16 21:50:57,011 - src.inference - ERROR - inference.py:202 - Generation failed: ChatGLMTokenizer._pad() got an unexpected keyword argument 'padding_side'
2025-12-16 21:50:57,012 - src.inference - ERROR - inference.py:202 - Generation failed: ChatGLMTokenizer._pad() got an unexpected keyword argument 'padding_side'
2025-12-16 21:50:57,012 - src.inference - ERROR - inference.py:202 - Generation failed: ChatGLMTokenizer._pad() got an unexpected keyword argument 'padding_side'
2025-12-16 21:50:57,012 - src.inference - ERROR - inference.py:202 - Generation failed: ChatGLMTokenizer._pad() got an unexpected keyword argument 'padding_side'
2025-12-16 21:50:57,013 - src.inference - ERROR - inference.py:202 - Generation failed: ChatGLMTokenizer._pad() got an unexpected keyword argument 'padding_side'
2025-12-16 21:50:57,013 - src.inference - ERROR - inference.py:202 - Generation failed: ChatGLMTokenizer._pad() got an unexpected keyword argument 'padding_side'
2025-12-16 21:50:57,013 - src.inference - ERROR - inference.py:202 - Generation failed: ChatGLMTokenizer._pad() got an unexpected keyword argument 'padding_side'
2025-12-16 21:50:57,014 - src.inference - ERROR - inference.py:202 - Generation failed: ChatGLMTokenizer._pad() got an unexpected keyword argument 'padding_side'
2025-12-16 21:50:57,014 - src.inference - ERROR - inference.py:202 - Generation failed: ChatGLMTokenizer._pad() got an unexpected keyword argument 'padding_side'
2025-12-16 21:50:57,015 - src.inference - ERROR - inference.py:202 - Generation failed: ChatGLMTokenizer._pad() got an unexpected keyword argument 'padding_side'
2025-12-16 21:50:57,015 - src.inference - ERROR - inference.py:202 - Generation failed: ChatGLMTokenizer._pad() got an unexpected keyword argument 'padding_side'
2025-12-16 21:50:57,015 - src.inference - ERROR - inference.py:202 - Generation failed: ChatGLMTokenizer._pad() got an unexpected keyword argument 'padding_side'
2025-12-16 21:50:57,016 - src.inference - ERROR - inference.py:202 - Generation failed: ChatGLMTokenizer._pad() got an unexpected keyword argument 'padding_side'
2025-12-16 21:50:57,016 - src.inference - ERROR - inference.py:202 - Generation failed: ChatGLMTokenizer._pad() got an unexpected keyword argument 'padding_side'
2025-12-16 21:50:57,017 - src.inference - ERROR - inference.py:202 - Generation failed: ChatGLMTokenizer._pad() got an unexpected keyword argument 'padding_side'
2025-12-16 21:50:57,017 - src.inference - ERROR - inference.py:202 - Generation failed: ChatGLMTokenizer._pad() got an unexpected keyword argument 'padding_side'
2025-12-16 21:50:57,017 - src.inference - ERROR - inference.py:202 - Generation failed: ChatGLMTokenizer._pad() got an unexpected keyword argument 'padding_side'
2025-12-16 21:50:57,018 - src.inference - ERROR - inference.py:202 - Generation failed: ChatGLMTokenizer._pad() got an unexpected keyword argument 'padding_side'
2025-12-16 21:50:57,018 - src.inference - ERROR - inference.py:202 - Generation failed: ChatGLMTokenizer._pad() got an unexpected keyword argument 'padding_side'
2025-12-16 21:50:57,018 - src.inference - ERROR - inference.py:202 - Generation failed: ChatGLMTokenizer._pad() got an unexpected keyword argument 'padding_side'
2025-12-16 21:50:57,019 - src.inference - ERROR - inference.py:202 - Generation failed: ChatGLMTokenizer._pad() got an unexpected keyword argument 'padding_side'
2025-12-16 21:50:57,019 - src.inference - ERROR - inference.py:202 - Generation failed: ChatGLMTokenizer._pad() got an unexpected keyword argument 'padding_side'
2025-12-16 21:50:57,019 - src.inference - ERROR - inference.py:202 - Generation failed: ChatGLMTokenizer._pad() got an unexpected keyword argument 'padding_side'
2025-12-16 21:50:57,020 - src.inference - ERROR - inference.py:202 - Generation failed: ChatGLMTokenizer._pad() got an unexpected keyword argument 'padding_side'
2025-12-16 21:50:57,020 - src.inference - ERROR - inference.py:202 - Generation failed: ChatGLMTokenizer._pad() got an unexpected keyword argument 'padding_side'
2025-12-16 21:50:57,021 - src.inference - ERROR - inference.py:202 - Generation failed: ChatGLMTokenizer._pad() got an unexpected keyword argument 'padding_side'
2025-12-16 21:50:57,021 - src.inference - ERROR - inference.py:202 - Generation failed: ChatGLMTokenizer._pad() got an unexpected keyword argument 'padding_side'
2025-12-16 21:50:57,021 - src.inference - ERROR - inference.py:202 - Generation failed: ChatGLMTokenizer._pad() got an unexpected keyword argument 'padding_side'
2025-12-16 21:50:57,022 - src.inference - ERROR - inference.py:202 - Generation failed: ChatGLMTokenizer._pad() got an unexpected keyword argument 'padding_side'
2025-12-16 21:50:57,022 - src.inference - ERROR - inference.py:202 - Generation failed: ChatGLMTokenizer._pad() got an unexpected keyword argument 'padding_side'
2025-12-16 21:50:57,022 - src.inference - ERROR - inference.py:202 - Generation failed: ChatGLMTokenizer._pad() got an unexpected keyword argument 'padding_side'
2025-12-16 21:50:57,023 - src.inference - ERROR - inference.py:202 - Generation failed: ChatGLMTokenizer._pad() got an unexpected keyword argument 'padding_side'
2025-12-16 21:50:57,023 - src.inference - ERROR - inference.py:202 - Generation failed: ChatGLMTokenizer._pad() got an unexpected keyword argument 'padding_side'
2025-12-16 21:50:57,024 - src.inference - ERROR - inference.py:202 - Generation failed: ChatGLMTokenizer._pad() got an unexpected keyword argument 'padding_side'
2025-12-16 21:50:57,024 - src.inference - ERROR - inference.py:202 - Generation failed: ChatGLMTokenizer._pad() got an unexpected keyword argument 'padding_side'
2025-12-16 21:50:57,024 - src.inference - ERROR - inference.py:202 - Generation failed: ChatGLMTokenizer._pad() got an unexpected keyword argument 'padding_side'
2025-12-16 21:50:57,025 - src.inference - ERROR - inference.py:202 - Generation failed: ChatGLMTokenizer._pad() got an unexpected keyword argument 'padding_side'
2025-12-16 21:50:57,025 - src.inference - ERROR - inference.py:202 - Generation failed: ChatGLMTokenizer._pad() got an unexpected keyword argument 'padding_side'
2025-12-16 21:50:57,026 - src.inference - ERROR - inference.py:202 - Generation failed: ChatGLMTokenizer._pad() got an unexpected keyword argument 'padding_side'
2025-12-16 21:50:57,026 - src.inference - ERROR - inference.py:202 - Generation failed: ChatGLMTokenizer._pad() got an unexpected keyword argument 'padding_side'
2025-12-16 21:50:57,026 - src.inference - ERROR - inference.py:202 - Generation failed: ChatGLMTokenizer._pad() got an unexpected keyword argument 'padding_side'
2025-12-16 21:50:57,027 - src.inference - ERROR - inference.py:202 - Generation failed: ChatGLMTokenizer._pad() got an unexpected keyword argument 'padding_side'
2025-12-16 21:50:57,027 - src.inference - ERROR - inference.py:202 - Generation failed: ChatGLMTokenizer._pad() got an unexpected keyword argument 'padding_side'
2025-12-16 21:50:57,027 - src.inference - ERROR - inference.py:202 - Generation failed: ChatGLMTokenizer._pad() got an unexpected keyword argument 'padding_side'
2025-12-16 21:50:57,028 - src.inference - ERROR - inference.py:202 - Generation failed: ChatGLMTokenizer._pad() got an unexpected keyword argument 'padding_side'
2025-12-16 21:50:57,028 - src.inference - ERROR - inference.py:202 - Generation failed: ChatGLMTokenizer._pad() got an unexpected keyword argument 'padding_side'
2025-12-16 21:50:57,029 - src.inference - ERROR - inference.py:202 - Generation failed: ChatGLMTokenizer._pad() got an unexpected keyword argument 'padding_side'
2025-12-16 21:50:57,029 - src.inference - ERROR - inference.py:202 - Generation failed: ChatGLMTokenizer._pad() got an unexpected keyword argument 'padding_side'
2025-12-16 21:50:57,029 - src.inference - ERROR - inference.py:202 - Generation failed: ChatGLMTokenizer._pad() got an unexpected keyword argument 'padding_side'
2025-12-16 21:50:57,030 - src.inference - ERROR - inference.py:202 - Generation failed: ChatGLMTokenizer._pad() got an unexpected keyword argument 'padding_side'
2025-12-16 21:50:57,030 - src.inference - ERROR - inference.py:202 - Generation failed: ChatGLMTokenizer._pad() got an unexpected keyword argument 'padding_side'
2025-12-16 21:50:57,031 - src.inference - ERROR - inference.py:202 - Generation failed: ChatGLMTokenizer._pad() got an unexpected keyword argument 'padding_side'
2025-12-16 21:50:57,031 - src.inference - ERROR - inference.py:202 - Generation failed: ChatGLMTokenizer._pad() got an unexpected keyword argument 'padding_side'
2025-12-16 21:50:57,031 - src.inference - ERROR - inference.py:202 - Generation failed: ChatGLMTokenizer._pad() got an unexpected keyword argument 'padding_side'
2025-12-16 21:50:57,032 - src.inference - ERROR - inference.py:202 - Generation failed: ChatGLMTokenizer._pad() got an unexpected keyword argument 'padding_side'
2025-12-16 21:50:57,032 - src.inference - ERROR - inference.py:202 - Generation failed: ChatGLMTokenizer._pad() got an unexpected keyword argument 'padding_side'
2025-12-16 21:50:57,032 - src.inference - ERROR - inference.py:202 - Generation failed: ChatGLMTokenizer._pad() got an unexpected keyword argument 'padding_side'
2025-12-16 21:50:57,033 - src.inference - ERROR - inference.py:202 - Generation failed: ChatGLMTokenizer._pad() got an unexpected keyword argument 'padding_side'
2025-12-16 21:50:57,033 - src.inference - ERROR - inference.py:202 - Generation failed: ChatGLMTokenizer._pad() got an unexpected keyword argument 'padding_side'
2025-12-16 21:50:57,034 - src.inference - ERROR - inference.py:202 - Generation failed: ChatGLMTokenizer._pad() got an unexpected keyword argument 'padding_side'
2025-12-16 21:50:57,034 - src.inference - ERROR - inference.py:202 - Generation failed: ChatGLMTokenizer._pad() got an unexpected keyword argument 'padding_side'
2025-12-16 21:50:57,034 - src.inference - ERROR - inference.py:202 - Generation failed: ChatGLMTokenizer._pad() got an unexpected keyword argument 'padding_side'
2025-12-16 21:50:57,035 - src.inference - ERROR - inference.py:202 - Generation failed: ChatGLMTokenizer._pad() got an unexpected keyword argument 'padding_side'
2025-12-16 21:50:57,035 - src.inference - ERROR - inference.py:202 - Generation failed: ChatGLMTokenizer._pad() got an unexpected keyword argument 'padding_side'
2025-12-16 21:50:57,035 - src.inference - ERROR - inference.py:202 - Generation failed: ChatGLMTokenizer._pad() got an unexpected keyword argument 'padding_side'
2025-12-16 21:50:57,036 - src.inference - ERROR - inference.py:202 - Generation failed: ChatGLMTokenizer._pad() got an unexpected keyword argument 'padding_side'
2025-12-16 21:50:57,036 - src.inference - ERROR - inference.py:202 - Generation failed: ChatGLMTokenizer._pad() got an unexpected keyword argument 'padding_side'
2025-12-16 21:50:57,037 - src.inference - ERROR - inference.py:202 - Generation failed: ChatGLMTokenizer._pad() got an unexpected keyword argument 'padding_side'
2025-12-16 21:50:57,037 - src.inference - ERROR - inference.py:202 - Generation failed: ChatGLMTokenizer._pad() got an unexpected keyword argument 'padding_side'
2025-12-16 21:50:57,037 - src.inference - ERROR - inference.py:202 - Generation failed: ChatGLMTokenizer._pad() got an unexpected keyword argument 'padding_side'
2025-12-16 21:50:57,038 - src.inference - ERROR - inference.py:202 - Generation failed: ChatGLMTokenizer._pad() got an unexpected keyword argument 'padding_side'
2025-12-16 21:50:57,038 - src.inference - ERROR - inference.py:202 - Generation failed: ChatGLMTokenizer._pad() got an unexpected keyword argument 'padding_side'
2025-12-16 21:50:57,038 - src.inference - ERROR - inference.py:202 - Generation failed: ChatGLMTokenizer._pad() got an unexpected keyword argument 'padding_side'
2025-12-16 21:50:57,039 - src.inference - ERROR - inference.py:202 - Generation failed: ChatGLMTokenizer._pad() got an unexpected keyword argument 'padding_side'
2025-12-16 21:50:57,039 - src.inference - ERROR - inference.py:202 - Generation failed: ChatGLMTokenizer._pad() got an unexpected keyword argument 'padding_side'
2025-12-16 21:50:57,039 - src.inference - ERROR - inference.py:202 - Generation failed: ChatGLMTokenizer._pad() got an unexpected keyword argument 'padding_side'
2025-12-16 21:50:57,040 - src.inference - ERROR - inference.py:202 - Generation failed: ChatGLMTokenizer._pad() got an unexpected keyword argument 'padding_side'
2025-12-16 21:50:57,040 - src.inference - ERROR - inference.py:202 - Generation failed: ChatGLMTokenizer._pad() got an unexpected keyword argument 'padding_side'
2025-12-16 21:50:57,041 - src.inference - ERROR - inference.py:202 - Generation failed: ChatGLMTokenizer._pad() got an unexpected keyword argument 'padding_side'
2025-12-16 21:50:57,041 - src.inference - ERROR - inference.py:202 - Generation failed: ChatGLMTokenizer._pad() got an unexpected keyword argument 'padding_side'
2025-12-16 21:50:57,041 - src.inference - ERROR - inference.py:202 - Generation failed: ChatGLMTokenizer._pad() got an unexpected keyword argument 'padding_side'
2025-12-16 21:50:57,042 - src.inference - ERROR - inference.py:202 - Generation failed: ChatGLMTokenizer._pad() got an unexpected keyword argument 'padding_side'
2025-12-16 21:50:57,042 - src.inference - ERROR - inference.py:202 - Generation failed: ChatGLMTokenizer._pad() got an unexpected keyword argument 'padding_side'
2025-12-16 21:50:57,042 - src.inference - ERROR - inference.py:202 - Generation failed: ChatGLMTokenizer._pad() got an unexpected keyword argument 'padding_side'
2025-12-16 21:50:57,043 - src.inference - ERROR - inference.py:202 - Generation failed: ChatGLMTokenizer._pad() got an unexpected keyword argument 'padding_side'
2025-12-16 21:50:57,043 - src.inference - ERROR - inference.py:202 - Generation failed: ChatGLMTokenizer._pad() got an unexpected keyword argument 'padding_side'
2025-12-16 21:50:57,043 - src.inference - ERROR - inference.py:202 - Generation failed: ChatGLMTokenizer._pad() got an unexpected keyword argument 'padding_side'
2025-12-16 21:50:57,044 - src.inference - ERROR - inference.py:202 - Generation failed: ChatGLMTokenizer._pad() got an unexpected keyword argument 'padding_side'
2025-12-16 21:50:57,044 - src.inference - ERROR - inference.py:202 - Generation failed: ChatGLMTokenizer._pad() got an unexpected keyword argument 'padding_side'
2025-12-16 21:50:57,045 - src.inference - ERROR - inference.py:202 - Generation failed: ChatGLMTokenizer._pad() got an unexpected keyword argument 'padding_side'
2025-12-16 21:50:57,045 - src.inference - ERROR - inference.py:202 - Generation failed: ChatGLMTokenizer._pad() got an unexpected keyword argument 'padding_side'
2025-12-16 21:50:57,045 - src.inference - ERROR - inference.py:202 - Generation failed: ChatGLMTokenizer._pad() got an unexpected keyword argument 'padding_side'
2025-12-16 21:50:57,046 - src.inference - ERROR - inference.py:202 - Generation failed: ChatGLMTokenizer._pad() got an unexpected keyword argument 'padding_side'
2025-12-16 21:50:57,046 - src.inference - ERROR - inference.py:202 - Generation failed: ChatGLMTokenizer._pad() got an unexpected keyword argument 'padding_side'
2025-12-16 21:50:57,046 - src.inference - ERROR - inference.py:202 - Generation failed: ChatGLMTokenizer._pad() got an unexpected keyword argument 'padding_side'
2025-12-16 21:50:57,047 - src.inference - ERROR - inference.py:202 - Generation failed: ChatGLMTokenizer._pad() got an unexpected keyword argument 'padding_side'
2025-12-16 21:50:57,047 - src.inference - ERROR - inference.py:202 - Generation failed: ChatGLMTokenizer._pad() got an unexpected keyword argument 'padding_side'
2025-12-16 21:50:57,048 - src.inference - ERROR - inference.py:202 - Generation failed: ChatGLMTokenizer._pad() got an unexpected keyword argument 'padding_side'
2025-12-16 21:50:57,048 - src.inference - ERROR - inference.py:202 - Generation failed: ChatGLMTokenizer._pad() got an unexpected keyword argument 'padding_side'
2025-12-16 21:50:57,048 - src.inference - ERROR - inference.py:202 - Generation failed: ChatGLMTokenizer._pad() got an unexpected keyword argument 'padding_side'
2025-12-16 21:50:57,049 - src.inference - ERROR - inference.py:202 - Generation failed: ChatGLMTokenizer._pad() got an unexpected keyword argument 'padding_side'
2025-12-16 21:50:57,049 - src.inference - ERROR - inference.py:202 - Generation failed: ChatGLMTokenizer._pad() got an unexpected keyword argument 'padding_side'
2025-12-16 21:50:57,049 - src.inference - ERROR - inference.py:202 - Generation failed: ChatGLMTokenizer._pad() got an unexpected keyword argument 'padding_side'
2025-12-16 21:50:57,050 - src.inference - ERROR - inference.py:202 - Generation failed: ChatGLMTokenizer._pad() got an unexpected keyword argument 'padding_side'
2025-12-16 21:50:57,050 - src.inference - ERROR - inference.py:202 - Generation failed: ChatGLMTokenizer._pad() got an unexpected keyword argument 'padding_side'
2025-12-16 21:50:57,050 - src.inference - ERROR - inference.py:202 - Generation failed: ChatGLMTokenizer._pad() got an unexpected keyword argument 'padding_side'
2025-12-16 21:50:57,051 - src.inference - ERROR - inference.py:202 - Generation failed: ChatGLMTokenizer._pad() got an unexpected keyword argument 'padding_side'
2025-12-16 21:50:57,051 - src.inference - ERROR - inference.py:202 - Generation failed: ChatGLMTokenizer._pad() got an unexpected keyword argument 'padding_side'
2025-12-16 21:50:57,052 - src.inference - ERROR - inference.py:202 - Generation failed: ChatGLMTokenizer._pad() got an unexpected keyword argument 'padding_side'
2025-12-16 21:50:57,052 - src.inference - ERROR - inference.py:202 - Generation failed: ChatGLMTokenizer._pad() got an unexpected keyword argument 'padding_side'
2025-12-16 21:50:57,052 - src.inference - ERROR - inference.py:202 - Generation failed: ChatGLMTokenizer._pad() got an unexpected keyword argument 'padding_side'
2025-12-16 21:50:57,053 - src.inference - ERROR - inference.py:202 - Generation failed: ChatGLMTokenizer._pad() got an unexpected keyword argument 'padding_side'
2025-12-16 21:50:57,053 - src.inference - ERROR - inference.py:202 - Generation failed: ChatGLMTokenizer._pad() got an unexpected keyword argument 'padding_side'
2025-12-16 21:50:57,053 - src.inference - ERROR - inference.py:202 - Generation failed: ChatGLMTokenizer._pad() got an unexpected keyword argument 'padding_side'
2025-12-16 21:50:57,054 - src.inference - ERROR - inference.py:202 - Generation failed: ChatGLMTokenizer._pad() got an unexpected keyword argument 'padding_side'
2025-12-16 21:50:57,054 - src.inference - ERROR - inference.py:202 - Generation failed: ChatGLMTokenizer._pad() got an unexpected keyword argument 'padding_side'
2025-12-16 21:50:57,055 - src.inference - ERROR - inference.py:202 - Generation failed: ChatGLMTokenizer._pad() got an unexpected keyword argument 'padding_side'
2025-12-16 21:50:57,055 - src.inference - ERROR - inference.py:202 - Generation failed: ChatGLMTokenizer._pad() got an unexpected keyword argument 'padding_side'
2025-12-16 21:50:57,055 - src.inference - ERROR - inference.py:202 - Generation failed: ChatGLMTokenizer._pad() got an unexpected keyword argument 'padding_side'
2025-12-16 21:50:57,056 - src.inference - ERROR - inference.py:202 - Generation failed: ChatGLMTokenizer._pad() got an unexpected keyword argument 'padding_side'
2025-12-16 21:50:57,056 - src.inference - ERROR - inference.py:202 - Generation failed: ChatGLMTokenizer._pad() got an unexpected keyword argument 'padding_side'
2025-12-16 21:50:57,056 - src.inference - ERROR - inference.py:202 - Generation failed: ChatGLMTokenizer._pad() got an unexpected keyword argument 'padding_side'
2025-12-16 21:50:57,057 - src.inference - ERROR - inference.py:202 - Generation failed: ChatGLMTokenizer._pad() got an unexpected keyword argument 'padding_side'
2025-12-16 21:50:57,057 - src.inference - ERROR - inference.py:202 - Generation failed: ChatGLMTokenizer._pad() got an unexpected keyword argument 'padding_side'
2025-12-16 21:50:57,058 - src.inference - ERROR - inference.py:202 - Generation failed: ChatGLMTokenizer._pad() got an unexpected keyword argument 'padding_side'
2025-12-16 21:50:57,058 - src.inference - ERROR - inference.py:202 - Generation failed: ChatGLMTokenizer._pad() got an unexpected keyword argument 'padding_side'
2025-12-16 21:50:57,058 - src.inference - ERROR - inference.py:202 - Generation failed: ChatGLMTokenizer._pad() got an unexpected keyword argument 'padding_side'
2025-12-16 21:50:57,059 - src.inference - ERROR - inference.py:202 - Generation failed: ChatGLMTokenizer._pad() got an unexpected keyword argument 'padding_side'
2025-12-16 21:50:57,059 - src.inference - ERROR - inference.py:202 - Generation failed: ChatGLMTokenizer._pad() got an unexpected keyword argument 'padding_side'
2025-12-16 21:50:57,059 - src.inference - ERROR - inference.py:202 - Generation failed: ChatGLMTokenizer._pad() got an unexpected keyword argument 'padding_side'
2025-12-16 21:50:57,060 - src.inference - ERROR - inference.py:202 - Generation failed: ChatGLMTokenizer._pad() got an unexpected keyword argument 'padding_side'
2025-12-16 21:50:57,060 - src.inference - ERROR - inference.py:202 - Generation failed: ChatGLMTokenizer._pad() got an unexpected keyword argument 'padding_side'
2025-12-16 21:50:57,061 - src.inference - ERROR - inference.py:202 - Generation failed: ChatGLMTokenizer._pad() got an unexpected keyword argument 'padding_side'
2025-12-16 21:50:57,061 - src.inference - ERROR - inference.py:202 - Generation failed: ChatGLMTokenizer._pad() got an unexpected keyword argument 'padding_side'
2025-12-16 21:50:57,061 - src.inference - ERROR - inference.py:202 - Generation failed: ChatGLMTokenizer._pad() got an unexpected keyword argument 'padding_side'
2025-12-16 21:50:57,062 - src.inference - ERROR - inference.py:202 - Generation failed: ChatGLMTokenizer._pad() got an unexpected keyword argument 'padding_side'
2025-12-16 21:50:57,062 - src.inference - ERROR - inference.py:202 - Generation failed: ChatGLMTokenizer._pad() got an unexpected keyword argument 'padding_side'
2025-12-16 21:50:57,062 - src.inference - ERROR - inference.py:202 - Generation failed: ChatGLMTokenizer._pad() got an unexpected keyword argument 'padding_side'
2025-12-16 21:50:57,063 - src.inference - ERROR - inference.py:202 - Generation failed: ChatGLMTokenizer._pad() got an unexpected keyword argument 'padding_side'
2025-12-16 21:50:57,063 - src.inference - ERROR - inference.py:202 - Generation failed: ChatGLMTokenizer._pad() got an unexpected keyword argument 'padding_side'
2025-12-16 21:50:57,064 - src.inference - ERROR - inference.py:202 - Generation failed: ChatGLMTokenizer._pad() got an unexpected keyword argument 'padding_side'
2025-12-16 21:50:57,064 - src.inference - ERROR - inference.py:202 - Generation failed: ChatGLMTokenizer._pad() got an unexpected keyword argument 'padding_side'
2025-12-16 21:50:57,064 - src.inference - ERROR - inference.py:202 - Generation failed: ChatGLMTokenizer._pad() got an unexpected keyword argument 'padding_side'
2025-12-16 21:50:57,065 - src.inference - ERROR - inference.py:202 - Generation failed: ChatGLMTokenizer._pad() got an unexpected keyword argument 'padding_side'
2025-12-16 21:50:57,065 - src.inference - ERROR - inference.py:202 - Generation failed: ChatGLMTokenizer._pad() got an unexpected keyword argument 'padding_side'
2025-12-16 21:50:57,065 - src.inference - ERROR - inference.py:202 - Generation failed: ChatGLMTokenizer._pad() got an unexpected keyword argument 'padding_side'
2025-12-16 21:50:57,066 - src.inference - ERROR - inference.py:202 - Generation failed: ChatGLMTokenizer._pad() got an unexpected keyword argument 'padding_side'
2025-12-16 21:50:57,066 - src.inference - ERROR - inference.py:202 - Generation failed: ChatGLMTokenizer._pad() got an unexpected keyword argument 'padding_side'
2025-12-16 21:50:57,066 - src.inference - ERROR - inference.py:202 - Generation failed: ChatGLMTokenizer._pad() got an unexpected keyword argument 'padding_side'
2025-12-16 21:50:57,067 - src.inference - ERROR - inference.py:202 - Generation failed: ChatGLMTokenizer._pad() got an unexpected keyword argument 'padding_side'
2025-12-16 21:50:57,067 - src.inference - ERROR - inference.py:202 - Generation failed: ChatGLMTokenizer._pad() got an unexpected keyword argument 'padding_side'
2025-12-16 21:50:57,067 - src.inference - ERROR - inference.py:202 - Generation failed: ChatGLMTokenizer._pad() got an unexpected keyword argument 'padding_side'
2025-12-16 21:50:57,068 - src.inference - ERROR - inference.py:202 - Generation failed: ChatGLMTokenizer._pad() got an unexpected keyword argument 'padding_side'
2025-12-16 21:50:57,068 - src.inference - ERROR - inference.py:202 - Generation failed: ChatGLMTokenizer._pad() got an unexpected keyword argument 'padding_side'
2025-12-16 21:50:57,069 - src.inference - ERROR - inference.py:202 - Generation failed: ChatGLMTokenizer._pad() got an unexpected keyword argument 'padding_side'
2025-12-16 21:50:57,069 - src.inference - ERROR - inference.py:202 - Generation failed: ChatGLMTokenizer._pad() got an unexpected keyword argument 'padding_side'
2025-12-16 21:50:57,069 - src.inference - ERROR - inference.py:202 - Generation failed: ChatGLMTokenizer._pad() got an unexpected keyword argument 'padding_side'
2025-12-16 21:50:57,070 - src.inference - ERROR - inference.py:202 - Generation failed: ChatGLMTokenizer._pad() got an unexpected keyword argument 'padding_side'
2025-12-16 21:50:57,070 - src.inference - ERROR - inference.py:202 - Generation failed: ChatGLMTokenizer._pad() got an unexpected keyword argument 'padding_side'
2025-12-16 21:50:57,070 - src.inference - ERROR - inference.py:202 - Generation failed: ChatGLMTokenizer._pad() got an unexpected keyword argument 'padding_side'
2025-12-16 21:50:57,071 - src.inference - ERROR - inference.py:202 - Generation failed: ChatGLMTokenizer._pad() got an unexpected keyword argument 'padding_side'
2025-12-16 21:50:57,071 - src.inference - ERROR - inference.py:202 - Generation failed: ChatGLMTokenizer._pad() got an unexpected keyword argument 'padding_side'
2025-12-16 21:50:57,072 - src.inference - ERROR - inference.py:202 - Generation failed: ChatGLMTokenizer._pad() got an unexpected keyword argument 'padding_side'
2025-12-16 21:50:57,072 - src.inference - ERROR - inference.py:202 - Generation failed: ChatGLMTokenizer._pad() got an unexpected keyword argument 'padding_side'
2025-12-16 21:50:57,072 - src.inference - ERROR - inference.py:202 - Generation failed: ChatGLMTokenizer._pad() got an unexpected keyword argument 'padding_side'
2025-12-16 21:50:57,073 - src.inference - ERROR - inference.py:202 - Generation failed: ChatGLMTokenizer._pad() got an unexpected keyword argument 'padding_side'
2025-12-16 21:50:57,073 - src.inference - ERROR - inference.py:202 - Generation failed: ChatGLMTokenizer._pad() got an unexpected keyword argument 'padding_side'
2025-12-16 21:50:57,073 - src.inference - ERROR - inference.py:202 - Generation failed: ChatGLMTokenizer._pad() got an unexpected keyword argument 'padding_side'
2025-12-16 21:50:57,074 - src.inference - ERROR - inference.py:202 - Generation failed: ChatGLMTokenizer._pad() got an unexpected keyword argument 'padding_side'
2025-12-16 21:50:57,074 - src.inference - ERROR - inference.py:202 - Generation failed: ChatGLMTokenizer._pad() got an unexpected keyword argument 'padding_side'
2025-12-16 21:50:57,075 - src.inference - ERROR - inference.py:202 - Generation failed: ChatGLMTokenizer._pad() got an unexpected keyword argument 'padding_side'
2025-12-16 21:50:57,075 - src.inference - ERROR - inference.py:202 - Generation failed: ChatGLMTokenizer._pad() got an unexpected keyword argument 'padding_side'
2025-12-16 21:50:57,075 - src.inference - ERROR - inference.py:202 - Generation failed: ChatGLMTokenizer._pad() got an unexpected keyword argument 'padding_side'
2025-12-16 21:50:57,076 - src.inference - ERROR - inference.py:202 - Generation failed: ChatGLMTokenizer._pad() got an unexpected keyword argument 'padding_side'
2025-12-16 21:50:57,076 - src.inference - ERROR - inference.py:202 - Generation failed: ChatGLMTokenizer._pad() got an unexpected keyword argument 'padding_side'
2025-12-16 21:50:57,076 - src.inference - ERROR - inference.py:202 - Generation failed: ChatGLMTokenizer._pad() got an unexpected keyword argument 'padding_side'
2025-12-16 21:50:57,077 - src.inference - ERROR - inference.py:202 - Generation failed: ChatGLMTokenizer._pad() got an unexpected keyword argument 'padding_side'
2025-12-16 21:50:57,077 - src.inference - ERROR - inference.py:202 - Generation failed: ChatGLMTokenizer._pad() got an unexpected keyword argument 'padding_side'
2025-12-16 21:50:57,078 - src.inference - ERROR - inference.py:202 - Generation failed: ChatGLMTokenizer._pad() got an unexpected keyword argument 'padding_side'
2025-12-16 21:50:57,078 - src.inference - ERROR - inference.py:202 - Generation failed: ChatGLMTokenizer._pad() got an unexpected keyword argument 'padding_side'
2025-12-16 21:50:57,078 - src.inference - ERROR - inference.py:202 - Generation failed: ChatGLMTokenizer._pad() got an unexpected keyword argument 'padding_side'
2025-12-16 21:50:57,079 - src.inference - ERROR - inference.py:202 - Generation failed: ChatGLMTokenizer._pad() got an unexpected keyword argument 'padding_side'
2025-12-16 21:50:57,079 - src.inference - ERROR - inference.py:202 - Generation failed: ChatGLMTokenizer._pad() got an unexpected keyword argument 'padding_side'
2025-12-16 21:50:57,079 - src.inference - ERROR - inference.py:202 - Generation failed: ChatGLMTokenizer._pad() got an unexpected keyword argument 'padding_side'
2025-12-16 21:50:57,080 - src.inference - ERROR - inference.py:202 - Generation failed: ChatGLMTokenizer._pad() got an unexpected keyword argument 'padding_side'
2025-12-16 21:50:57,080 - src.inference - ERROR - inference.py:202 - Generation failed: ChatGLMTokenizer._pad() got an unexpected keyword argument 'padding_side'
2025-12-16 21:50:57,081 - src.inference - ERROR - inference.py:202 - Generation failed: ChatGLMTokenizer._pad() got an unexpected keyword argument 'padding_side'
2025-12-16 21:50:57,081 - src.inference - ERROR - inference.py:202 - Generation failed: ChatGLMTokenizer._pad() got an unexpected keyword argument 'padding_side'
2025-12-16 21:50:57,081 - src.inference - ERROR - inference.py:202 - Generation failed: ChatGLMTokenizer._pad() got an unexpected keyword argument 'padding_side'
2025-12-16 21:50:57,082 - src.inference - ERROR - inference.py:202 - Generation failed: ChatGLMTokenizer._pad() got an unexpected keyword argument 'padding_side'
2025-12-16 21:50:57,082 - src.inference - ERROR - inference.py:202 - Generation failed: ChatGLMTokenizer._pad() got an unexpected keyword argument 'padding_side'
2025-12-16 21:50:57,082 - src.inference - ERROR - inference.py:202 - Generation failed: ChatGLMTokenizer._pad() got an unexpected keyword argument 'padding_side'
2025-12-16 21:50:57,083 - src.inference - ERROR - inference.py:202 - Generation failed: ChatGLMTokenizer._pad() got an unexpected keyword argument 'padding_side'
2025-12-16 21:50:57,083 - src.inference - ERROR - inference.py:202 - Generation failed: ChatGLMTokenizer._pad() got an unexpected keyword argument 'padding_side'
2025-12-16 21:50:57,083 - src.inference - ERROR - inference.py:202 - Generation failed: ChatGLMTokenizer._pad() got an unexpected keyword argument 'padding_side'
2025-12-16 21:50:57,084 - src.inference - ERROR - inference.py:202 - Generation failed: ChatGLMTokenizer._pad() got an unexpected keyword argument 'padding_side'
2025-12-16 21:50:57,084 - src.inference - ERROR - inference.py:202 - Generation failed: ChatGLMTokenizer._pad() got an unexpected keyword argument 'padding_side'
2025-12-16 21:50:57,085 - src.inference - ERROR - inference.py:202 - Generation failed: ChatGLMTokenizer._pad() got an unexpected keyword argument 'padding_side'
2025-12-16 21:50:57,085 - src.inference - ERROR - inference.py:202 - Generation failed: ChatGLMTokenizer._pad() got an unexpected keyword argument 'padding_side'
2025-12-16 21:50:57,085 - src.inference - ERROR - inference.py:202 - Generation failed: ChatGLMTokenizer._pad() got an unexpected keyword argument 'padding_side'
2025-12-16 21:50:57,086 - src.inference - ERROR - inference.py:202 - Generation failed: ChatGLMTokenizer._pad() got an unexpected keyword argument 'padding_side'
2025-12-16 21:50:57,086 - src.inference - ERROR - inference.py:202 - Generation failed: ChatGLMTokenizer._pad() got an unexpected keyword argument 'padding_side'
2025-12-16 21:50:57,086 - src.inference - ERROR - inference.py:202 - Generation failed: ChatGLMTokenizer._pad() got an unexpected keyword argument 'padding_side'
2025-12-16 21:50:57,087 - src.inference - ERROR - inference.py:202 - Generation failed: ChatGLMTokenizer._pad() got an unexpected keyword argument 'padding_side'
2025-12-16 21:50:57,087 - src.inference - ERROR - inference.py:202 - Generation failed: ChatGLMTokenizer._pad() got an unexpected keyword argument 'padding_side'
2025-12-16 21:50:57,087 - src.inference - ERROR - inference.py:202 - Generation failed: ChatGLMTokenizer._pad() got an unexpected keyword argument 'padding_side'
2025-12-16 21:50:57,088 - src.inference - ERROR - inference.py:202 - Generation failed: ChatGLMTokenizer._pad() got an unexpected keyword argument 'padding_side'
2025-12-16 21:50:57,088 - src.inference - ERROR - inference.py:202 - Generation failed: ChatGLMTokenizer._pad() got an unexpected keyword argument 'padding_side'
2025-12-16 21:50:57,089 - src.inference - ERROR - inference.py:202 - Generation failed: ChatGLMTokenizer._pad() got an unexpected keyword argument 'padding_side'
2025-12-16 21:50:57,089 - src.inference - ERROR - inference.py:202 - Generation failed: ChatGLMTokenizer._pad() got an unexpected keyword argument 'padding_side'
2025-12-16 21:50:57,089 - src.inference - ERROR - inference.py:202 - Generation failed: ChatGLMTokenizer._pad() got an unexpected keyword argument 'padding_side'
2025-12-16 21:50:57,090 - src.inference - ERROR - inference.py:202 - Generation failed: ChatGLMTokenizer._pad() got an unexpected keyword argument 'padding_side'
2025-12-16 21:50:57,090 - src.inference - ERROR - inference.py:202 - Generation failed: ChatGLMTokenizer._pad() got an unexpected keyword argument 'padding_side'
2025-12-16 21:50:57,090 - src.inference - ERROR - inference.py:202 - Generation failed: ChatGLMTokenizer._pad() got an unexpected keyword argument 'padding_side'
2025-12-16 21:50:57,091 - src.inference - ERROR - inference.py:202 - Generation failed: ChatGLMTokenizer._pad() got an unexpected keyword argument 'padding_side'
2025-12-16 21:50:57,091 - src.inference - ERROR - inference.py:202 - Generation failed: ChatGLMTokenizer._pad() got an unexpected keyword argument 'padding_side'
2025-12-16 21:50:57,092 - src.inference - ERROR - inference.py:202 - Generation failed: ChatGLMTokenizer._pad() got an unexpected keyword argument 'padding_side'
2025-12-16 21:50:57,092 - src.inference - ERROR - inference.py:202 - Generation failed: ChatGLMTokenizer._pad() got an unexpected keyword argument 'padding_side'
2025-12-16 21:50:57,092 - src.inference - ERROR - inference.py:202 - Generation failed: ChatGLMTokenizer._pad() got an unexpected keyword argument 'padding_side'
2025-12-16 21:50:57,093 - src.inference - ERROR - inference.py:202 - Generation failed: ChatGLMTokenizer._pad() got an unexpected keyword argument 'padding_side'
2025-12-16 21:50:57,093 - src.inference - ERROR - inference.py:202 - Generation failed: ChatGLMTokenizer._pad() got an unexpected keyword argument 'padding_side'
2025-12-16 21:50:57,093 - src.inference - ERROR - inference.py:202 - Generation failed: ChatGLMTokenizer._pad() got an unexpected keyword argument 'padding_side'
2025-12-16 21:50:57,094 - src.inference - ERROR - inference.py:202 - Generation failed: ChatGLMTokenizer._pad() got an unexpected keyword argument 'padding_side'
2025-12-16 21:50:57,094 - src.inference - ERROR - inference.py:202 - Generation failed: ChatGLMTokenizer._pad() got an unexpected keyword argument 'padding_side'
2025-12-16 21:50:57,095 - src.inference - ERROR - inference.py:202 - Generation failed: ChatGLMTokenizer._pad() got an unexpected keyword argument 'padding_side'
2025-12-16 21:50:57,095 - src.inference - ERROR - inference.py:202 - Generation failed: ChatGLMTokenizer._pad() got an unexpected keyword argument 'padding_side'
2025-12-16 21:50:57,095 - src.inference - ERROR - inference.py:202 - Generation failed: ChatGLMTokenizer._pad() got an unexpected keyword argument 'padding_side'
2025-12-16 21:50:57,096 - src.inference - ERROR - inference.py:202 - Generation failed: ChatGLMTokenizer._pad() got an unexpected keyword argument 'padding_side'
2025-12-16 21:50:57,096 - src.inference - ERROR - inference.py:202 - Generation failed: ChatGLMTokenizer._pad() got an unexpected keyword argument 'padding_side'
2025-12-16 21:50:57,096 - src.inference - ERROR - inference.py:202 - Generation failed: ChatGLMTokenizer._pad() got an unexpected keyword argument 'padding_side'
2025-12-16 21:50:57,097 - src.inference - ERROR - inference.py:202 - Generation failed: ChatGLMTokenizer._pad() got an unexpected keyword argument 'padding_side'
2025-12-16 21:50:57,097 - src.inference - ERROR - inference.py:202 - Generation failed: ChatGLMTokenizer._pad() got an unexpected keyword argument 'padding_side'
2025-12-16 21:50:57,097 - src.inference - ERROR - inference.py:202 - Generation failed: ChatGLMTokenizer._pad() got an unexpected keyword argument 'padding_side'
2025-12-16 21:50:57,098 - src.inference - ERROR - inference.py:202 - Generation failed: ChatGLMTokenizer._pad() got an unexpected keyword argument 'padding_side'
2025-12-16 21:50:57,098 - src.inference - ERROR - inference.py:202 - Generation failed: ChatGLMTokenizer._pad() got an unexpected keyword argument 'padding_side'
2025-12-16 21:50:57,099 - src.inference - ERROR - inference.py:202 - Generation failed: ChatGLMTokenizer._pad() got an unexpected keyword argument 'padding_side'
2025-12-16 21:50:57,099 - src.inference - ERROR - inference.py:202 - Generation failed: ChatGLMTokenizer._pad() got an unexpected keyword argument 'padding_side'
2025-12-16 21:50:57,099 - src.inference - ERROR - inference.py:202 - Generation failed: ChatGLMTokenizer._pad() got an unexpected keyword argument 'padding_side'
2025-12-16 21:50:57,100 - src.inference - ERROR - inference.py:202 - Generation failed: ChatGLMTokenizer._pad() got an unexpected keyword argument 'padding_side'
2025-12-16 21:50:57,100 - src.inference - ERROR - inference.py:202 - Generation failed: ChatGLMTokenizer._pad() got an unexpected keyword argument 'padding_side'
2025-12-16 21:50:57,100 - src.inference - ERROR - inference.py:202 - Generation failed: ChatGLMTokenizer._pad() got an unexpected keyword argument 'padding_side'
2025-12-16 21:50:57,101 - src.inference - ERROR - inference.py:202 - Generation failed: ChatGLMTokenizer._pad() got an unexpected keyword argument 'padding_side'
2025-12-16 21:50:57,101 - src.inference - ERROR - inference.py:202 - Generation failed: ChatGLMTokenizer._pad() got an unexpected keyword argument 'padding_side'
2025-12-16 21:50:57,102 - src.inference - ERROR - inference.py:202 - Generation failed: ChatGLMTokenizer._pad() got an unexpected keyword argument 'padding_side'
2025-12-16 21:50:57,102 - src.inference - ERROR - inference.py:202 - Generation failed: ChatGLMTokenizer._pad() got an unexpected keyword argument 'padding_side'
2025-12-16 21:50:57,102 - src.inference - ERROR - inference.py:202 - Generation failed: ChatGLMTokenizer._pad() got an unexpected keyword argument 'padding_side'
2025-12-16 21:50:57,103 - src.inference - ERROR - inference.py:202 - Generation failed: ChatGLMTokenizer._pad() got an unexpected keyword argument 'padding_side'
2025-12-16 21:50:57,103 - src.inference - ERROR - inference.py:202 - Generation failed: ChatGLMTokenizer._pad() got an unexpected keyword argument 'padding_side'
2025-12-16 21:50:57,104 - src.inference - ERROR - inference.py:202 - Generation failed: ChatGLMTokenizer._pad() got an unexpected keyword argument 'padding_side'
2025-12-16 21:50:57,104 - src.inference - ERROR - inference.py:202 - Generation failed: ChatGLMTokenizer._pad() got an unexpected keyword argument 'padding_side'
2025-12-16 21:50:57,104 - src.inference - ERROR - inference.py:202 - Generation failed: ChatGLMTokenizer._pad() got an unexpected keyword argument 'padding_side'
2025-12-16 21:50:57,105 - src.inference - ERROR - inference.py:202 - Generation failed: ChatGLMTokenizer._pad() got an unexpected keyword argument 'padding_side'
2025-12-16 21:50:57,105 - src.inference - ERROR - inference.py:202 - Generation failed: ChatGLMTokenizer._pad() got an unexpected keyword argument 'padding_side'
2025-12-16 21:50:57,105 - src.inference - ERROR - inference.py:202 - Generation failed: ChatGLMTokenizer._pad() got an unexpected keyword argument 'padding_side'
2025-12-16 21:50:57,106 - src.inference - ERROR - inference.py:202 - Generation failed: ChatGLMTokenizer._pad() got an unexpected keyword argument 'padding_side'
2025-12-16 21:50:57,106 - src.inference - ERROR - inference.py:202 - Generation failed: ChatGLMTokenizer._pad() got an unexpected keyword argument 'padding_side'
2025-12-16 21:50:57,106 - src.inference - ERROR - inference.py:202 - Generation failed: ChatGLMTokenizer._pad() got an unexpected keyword argument 'padding_side'
2025-12-16 21:50:57,107 - src.inference - ERROR - inference.py:202 - Generation failed: ChatGLMTokenizer._pad() got an unexpected keyword argument 'padding_side'
2025-12-16 21:50:57,107 - src.inference - ERROR - inference.py:202 - Generation failed: ChatGLMTokenizer._pad() got an unexpected keyword argument 'padding_side'
2025-12-16 21:50:57,108 - src.inference - ERROR - inference.py:202 - Generation failed: ChatGLMTokenizer._pad() got an unexpected keyword argument 'padding_side'
2025-12-16 21:50:57,108 - src.inference - ERROR - inference.py:202 - Generation failed: ChatGLMTokenizer._pad() got an unexpected keyword argument 'padding_side'
2025-12-16 21:50:57,108 - src.inference - ERROR - inference.py:202 - Generation failed: ChatGLMTokenizer._pad() got an unexpected keyword argument 'padding_side'
2025-12-16 21:50:57,109 - src.inference - ERROR - inference.py:202 - Generation failed: ChatGLMTokenizer._pad() got an unexpected keyword argument 'padding_side'
2025-12-16 21:50:57,109 - src.inference - ERROR - inference.py:202 - Generation failed: ChatGLMTokenizer._pad() got an unexpected keyword argument 'padding_side'
2025-12-16 21:50:57,109 - src.inference - ERROR - inference.py:202 - Generation failed: ChatGLMTokenizer._pad() got an unexpected keyword argument 'padding_side'
2025-12-16 21:50:57,110 - src.inference - ERROR - inference.py:202 - Generation failed: ChatGLMTokenizer._pad() got an unexpected keyword argument 'padding_side'
2025-12-16 21:50:57,110 - src.inference - ERROR - inference.py:202 - Generation failed: ChatGLMTokenizer._pad() got an unexpected keyword argument 'padding_side'
2025-12-16 21:50:57,111 - src.inference - ERROR - inference.py:202 - Generation failed: ChatGLMTokenizer._pad() got an unexpected keyword argument 'padding_side'
2025-12-16 21:50:57,111 - src.inference - ERROR - inference.py:202 - Generation failed: ChatGLMTokenizer._pad() got an unexpected keyword argument 'padding_side'
2025-12-16 21:50:57,111 - src.inference - ERROR - inference.py:202 - Generation failed: ChatGLMTokenizer._pad() got an unexpected keyword argument 'padding_side'
2025-12-16 21:50:57,112 - src.inference - ERROR - inference.py:202 - Generation failed: ChatGLMTokenizer._pad() got an unexpected keyword argument 'padding_side'
2025-12-16 21:50:57,112 - src.inference - ERROR - inference.py:202 - Generation failed: ChatGLMTokenizer._pad() got an unexpected keyword argument 'padding_side'
2025-12-16 21:50:57,112 - src.inference - ERROR - inference.py:202 - Generation failed: ChatGLMTokenizer._pad() got an unexpected keyword argument 'padding_side'
2025-12-16 21:50:57,113 - src.inference - ERROR - inference.py:202 - Generation failed: ChatGLMTokenizer._pad() got an unexpected keyword argument 'padding_side'
2025-12-16 21:50:57,113 - src.inference - ERROR - inference.py:202 - Generation failed: ChatGLMTokenizer._pad() got an unexpected keyword argument 'padding_side'
2025-12-16 21:50:57,113 - src.inference - ERROR - inference.py:202 - Generation failed: ChatGLMTokenizer._pad() got an unexpected keyword argument 'padding_side'
2025-12-16 21:50:57,114 - src.inference - ERROR - inference.py:202 - Generation failed: ChatGLMTokenizer._pad() got an unexpected keyword argument 'padding_side'
2025-12-16 21:50:57,114 - src.inference - ERROR - inference.py:202 - Generation failed: ChatGLMTokenizer._pad() got an unexpected keyword argument 'padding_side'
2025-12-16 21:50:57,115 - src.inference - ERROR - inference.py:202 - Generation failed: ChatGLMTokenizer._pad() got an unexpected keyword argument 'padding_side'
2025-12-16 21:50:57,115 - src.inference - ERROR - inference.py:202 - Generation failed: ChatGLMTokenizer._pad() got an unexpected keyword argument 'padding_side'
2025-12-16 21:50:57,115 - src.inference - ERROR - inference.py:202 - Generation failed: ChatGLMTokenizer._pad() got an unexpected keyword argument 'padding_side'
2025-12-16 21:50:57,116 - src.inference - ERROR - inference.py:202 - Generation failed: ChatGLMTokenizer._pad() got an unexpected keyword argument 'padding_side'
2025-12-16 21:50:57,116 - src.inference - ERROR - inference.py:202 - Generation failed: ChatGLMTokenizer._pad() got an unexpected keyword argument 'padding_side'
2025-12-16 21:50:57,116 - src.inference - ERROR - inference.py:202 - Generation failed: ChatGLMTokenizer._pad() got an unexpected keyword argument 'padding_side'
2025-12-16 21:50:57,117 - src.inference - ERROR - inference.py:202 - Generation failed: ChatGLMTokenizer._pad() got an unexpected keyword argument 'padding_side'
2025-12-16 21:50:57,117 - src.inference - ERROR - inference.py:202 - Generation failed: ChatGLMTokenizer._pad() got an unexpected keyword argument 'padding_side'
2025-12-16 21:50:57,118 - src.inference - ERROR - inference.py:202 - Generation failed: ChatGLMTokenizer._pad() got an unexpected keyword argument 'padding_side'
2025-12-16 21:50:57,118 - src.inference - ERROR - inference.py:202 - Generation failed: ChatGLMTokenizer._pad() got an unexpected keyword argument 'padding_side'
2025-12-16 21:50:57,118 - src.inference - ERROR - inference.py:202 - Generation failed: ChatGLMTokenizer._pad() got an unexpected keyword argument 'padding_side'
2025-12-16 21:50:57,119 - src.inference - ERROR - inference.py:202 - Generation failed: ChatGLMTokenizer._pad() got an unexpected keyword argument 'padding_side'
2025-12-16 21:50:57,119 - src.inference - ERROR - inference.py:202 - Generation failed: ChatGLMTokenizer._pad() got an unexpected keyword argument 'padding_side'
2025-12-16 21:50:57,119 - src.inference - ERROR - inference.py:202 - Generation failed: ChatGLMTokenizer._pad() got an unexpected keyword argument 'padding_side'
2025-12-16 21:50:57,120 - src.inference - ERROR - inference.py:202 - Generation failed: ChatGLMTokenizer._pad() got an unexpected keyword argument 'padding_side'
2025-12-16 21:50:57,120 - src.inference - ERROR - inference.py:202 - Generation failed: ChatGLMTokenizer._pad() got an unexpected keyword argument 'padding_side'
2025-12-16 21:50:57,121 - src.inference - ERROR - inference.py:202 - Generation failed: ChatGLMTokenizer._pad() got an unexpected keyword argument 'padding_side'
2025-12-16 21:50:57,121 - src.inference - ERROR - inference.py:202 - Generation failed: ChatGLMTokenizer._pad() got an unexpected keyword argument 'padding_side'
2025-12-16 21:50:57,121 - src.inference - ERROR - inference.py:202 - Generation failed: ChatGLMTokenizer._pad() got an unexpected keyword argument 'padding_side'
2025-12-16 21:50:57,122 - src.inference - ERROR - inference.py:202 - Generation failed: ChatGLMTokenizer._pad() got an unexpected keyword argument 'padding_side'
2025-12-16 21:50:57,122 - src.inference - ERROR - inference.py:202 - Generation failed: ChatGLMTokenizer._pad() got an unexpected keyword argument 'padding_side'
2025-12-16 21:50:57,122 - src.inference - ERROR - inference.py:202 - Generation failed: ChatGLMTokenizer._pad() got an unexpected keyword argument 'padding_side'
2025-12-16 21:50:57,123 - src.inference - ERROR - inference.py:202 - Generation failed: ChatGLMTokenizer._pad() got an unexpected keyword argument 'padding_side'
2025-12-16 21:50:57,123 - src.inference - ERROR - inference.py:202 - Generation failed: ChatGLMTokenizer._pad() got an unexpected keyword argument 'padding_side'
2025-12-16 21:50:57,124 - src.inference - ERROR - inference.py:202 - Generation failed: ChatGLMTokenizer._pad() got an unexpected keyword argument 'padding_side'
2025-12-16 21:50:57,124 - src.inference - ERROR - inference.py:202 - Generation failed: ChatGLMTokenizer._pad() got an unexpected keyword argument 'padding_side'
2025-12-16 21:50:57,124 - src.inference - ERROR - inference.py:202 - Generation failed: ChatGLMTokenizer._pad() got an unexpected keyword argument 'padding_side'
2025-12-16 21:50:57,125 - src.inference - ERROR - inference.py:202 - Generation failed: ChatGLMTokenizer._pad() got an unexpected keyword argument 'padding_side'
2025-12-16 21:50:57,125 - src.inference - ERROR - inference.py:202 - Generation failed: ChatGLMTokenizer._pad() got an unexpected keyword argument 'padding_side'
2025-12-16 21:50:57,125 - src.inference - ERROR - inference.py:202 - Generation failed: ChatGLMTokenizer._pad() got an unexpected keyword argument 'padding_side'
2025-12-16 21:50:57,126 - src.inference - ERROR - inference.py:202 - Generation failed: ChatGLMTokenizer._pad() got an unexpected keyword argument 'padding_side'
2025-12-16 21:50:57,126 - src.inference - ERROR - inference.py:202 - Generation failed: ChatGLMTokenizer._pad() got an unexpected keyword argument 'padding_side'
2025-12-16 21:50:57,126 - src.inference - ERROR - inference.py:202 - Generation failed: ChatGLMTokenizer._pad() got an unexpected keyword argument 'padding_side'
2025-12-16 21:50:57,127 - src.inference - ERROR - inference.py:202 - Generation failed: ChatGLMTokenizer._pad() got an unexpected keyword argument 'padding_side'
2025-12-16 21:50:57,127 - src.inference - ERROR - inference.py:202 - Generation failed: ChatGLMTokenizer._pad() got an unexpected keyword argument 'padding_side'
2025-12-16 21:50:57,128 - src.inference - ERROR - inference.py:202 - Generation failed: ChatGLMTokenizer._pad() got an unexpected keyword argument 'padding_side'
2025-12-16 21:50:57,128 - src.inference - ERROR - inference.py:202 - Generation failed: ChatGLMTokenizer._pad() got an unexpected keyword argument 'padding_side'
2025-12-16 21:50:57,128 - src.inference - ERROR - inference.py:202 - Generation failed: ChatGLMTokenizer._pad() got an unexpected keyword argument 'padding_side'
2025-12-16 21:50:57,129 - src.inference - ERROR - inference.py:202 - Generation failed: ChatGLMTokenizer._pad() got an unexpected keyword argument 'padding_side'
2025-12-16 21:50:57,129 - src.inference - ERROR - inference.py:202 - Generation failed: ChatGLMTokenizer._pad() got an unexpected keyword argument 'padding_side'
2025-12-16 21:50:57,129 - src.inference - ERROR - inference.py:202 - Generation failed: ChatGLMTokenizer._pad() got an unexpected keyword argument 'padding_side'
2025-12-16 21:50:57,130 - src.inference - ERROR - inference.py:202 - Generation failed: ChatGLMTokenizer._pad() got an unexpected keyword argument 'padding_side'
2025-12-16 21:50:57,130 - src.inference - ERROR - inference.py:202 - Generation failed: ChatGLMTokenizer._pad() got an unexpected keyword argument 'padding_side'
2025-12-16 21:50:57,130 - src.inference - ERROR - inference.py:202 - Generation failed: ChatGLMTokenizer._pad() got an unexpected keyword argument 'padding_side'
2025-12-16 21:50:57,131 - src.inference - ERROR - inference.py:202 - Generation failed: ChatGLMTokenizer._pad() got an unexpected keyword argument 'padding_side'
2025-12-16 21:50:57,131 - src.inference - ERROR - inference.py:202 - Generation failed: ChatGLMTokenizer._pad() got an unexpected keyword argument 'padding_side'
2025-12-16 21:50:57,132 - src.inference - ERROR - inference.py:202 - Generation failed: ChatGLMTokenizer._pad() got an unexpected keyword argument 'padding_side'
2025-12-16 21:50:57,132 - src.inference - ERROR - inference.py:202 - Generation failed: ChatGLMTokenizer._pad() got an unexpected keyword argument 'padding_side'
2025-12-16 21:50:57,132 - src.inference - ERROR - inference.py:202 - Generation failed: ChatGLMTokenizer._pad() got an unexpected keyword argument 'padding_side'
2025-12-16 21:50:57,133 - src.inference - ERROR - inference.py:202 - Generation failed: ChatGLMTokenizer._pad() got an unexpected keyword argument 'padding_side'
2025-12-16 21:50:57,133 - src.inference - ERROR - inference.py:202 - Generation failed: ChatGLMTokenizer._pad() got an unexpected keyword argument 'padding_side'
2025-12-16 21:50:57,133 - src.inference - ERROR - inference.py:202 - Generation failed: ChatGLMTokenizer._pad() got an unexpected keyword argument 'padding_side'
2025-12-16 21:50:57,134 - src.inference - ERROR - inference.py:202 - Generation failed: ChatGLMTokenizer._pad() got an unexpected keyword argument 'padding_side'
2025-12-16 21:50:57,134 - src.inference - ERROR - inference.py:202 - Generation failed: ChatGLMTokenizer._pad() got an unexpected keyword argument 'padding_side'
2025-12-16 21:50:57,134 - src.inference - ERROR - inference.py:202 - Generation failed: ChatGLMTokenizer._pad() got an unexpected keyword argument 'padding_side'
2025-12-16 21:50:57,135 - src.inference - ERROR - inference.py:202 - Generation failed: ChatGLMTokenizer._pad() got an unexpected keyword argument 'padding_side'
2025-12-16 21:50:57,135 - src.inference - ERROR - inference.py:202 - Generation failed: ChatGLMTokenizer._pad() got an unexpected keyword argument 'padding_side'
2025-12-16 21:50:57,135 - src.inference - ERROR - inference.py:202 - Generation failed: ChatGLMTokenizer._pad() got an unexpected keyword argument 'padding_side'
2025-12-16 21:50:57,136 - src.inference - ERROR - inference.py:202 - Generation failed: ChatGLMTokenizer._pad() got an unexpected keyword argument 'padding_side'
2025-12-16 21:50:57,136 - src.inference - ERROR - inference.py:202 - Generation failed: ChatGLMTokenizer._pad() got an unexpected keyword argument 'padding_side'
2025-12-16 21:50:57,137 - src.inference - ERROR - inference.py:202 - Generation failed: ChatGLMTokenizer._pad() got an unexpected keyword argument 'padding_side'
2025-12-16 21:50:57,137 - src.inference - ERROR - inference.py:202 - Generation failed: ChatGLMTokenizer._pad() got an unexpected keyword argument 'padding_side'
2025-12-16 21:50:57,137 - src.inference - ERROR - inference.py:202 - Generation failed: ChatGLMTokenizer._pad() got an unexpected keyword argument 'padding_side'
2025-12-16 21:50:57,138 - src.inference - ERROR - inference.py:202 - Generation failed: ChatGLMTokenizer._pad() got an unexpected keyword argument 'padding_side'
2025-12-16 21:50:57,138 - src.inference - ERROR - inference.py:202 - Generation failed: ChatGLMTokenizer._pad() got an unexpected keyword argument 'padding_side'
2025-12-16 21:50:57,138 - src.inference - ERROR - inference.py:202 - Generation failed: ChatGLMTokenizer._pad() got an unexpected keyword argument 'padding_side'
2025-12-16 21:50:57,139 - src.inference - ERROR - inference.py:202 - Generation failed: ChatGLMTokenizer._pad() got an unexpected keyword argument 'padding_side'
2025-12-16 21:50:57,139 - src.inference - ERROR - inference.py:202 - Generation failed: ChatGLMTokenizer._pad() got an unexpected keyword argument 'padding_side'
2025-12-16 21:50:57,140 - src.inference - ERROR - inference.py:202 - Generation failed: ChatGLMTokenizer._pad() got an unexpected keyword argument 'padding_side'
2025-12-16 21:50:57,140 - src.inference - ERROR - inference.py:202 - Generation failed: ChatGLMTokenizer._pad() got an unexpected keyword argument 'padding_side'
2025-12-16 21:50:57,140 - src.inference - ERROR - inference.py:202 - Generation failed: ChatGLMTokenizer._pad() got an unexpected keyword argument 'padding_side'
2025-12-16 21:50:57,141 - src.inference - ERROR - inference.py:202 - Generation failed: ChatGLMTokenizer._pad() got an unexpected keyword argument 'padding_side'
2025-12-16 21:50:57,141 - src.inference - ERROR - inference.py:202 - Generation failed: ChatGLMTokenizer._pad() got an unexpected keyword argument 'padding_side'
2025-12-16 21:50:57,142 - src.inference - ERROR - inference.py:202 - Generation failed: ChatGLMTokenizer._pad() got an unexpected keyword argument 'padding_side'
2025-12-16 21:50:57,142 - src.inference - ERROR - inference.py:202 - Generation failed: ChatGLMTokenizer._pad() got an unexpected keyword argument 'padding_side'
2025-12-16 21:50:57,143 - src.inference - ERROR - inference.py:202 - Generation failed: ChatGLMTokenizer._pad() got an unexpected keyword argument 'padding_side'
2025-12-16 21:50:57,143 - src.inference - ERROR - inference.py:202 - Generation failed: ChatGLMTokenizer._pad() got an unexpected keyword argument 'padding_side'
2025-12-16 21:50:57,143 - src.inference - ERROR - inference.py:202 - Generation failed: ChatGLMTokenizer._pad() got an unexpected keyword argument 'padding_side'
2025-12-16 21:50:57,144 - src.inference - ERROR - inference.py:202 - Generation failed: ChatGLMTokenizer._pad() got an unexpected keyword argument 'padding_side'
2025-12-16 21:50:57,144 - src.inference - ERROR - inference.py:202 - Generation failed: ChatGLMTokenizer._pad() got an unexpected keyword argument 'padding_side'
2025-12-16 21:50:57,144 - src.inference - ERROR - inference.py:202 - Generation failed: ChatGLMTokenizer._pad() got an unexpected keyword argument 'padding_side'
2025-12-16 21:50:57,145 - src.inference - ERROR - inference.py:202 - Generation failed: ChatGLMTokenizer._pad() got an unexpected keyword argument 'padding_side'
2025-12-16 21:50:57,145 - src.inference - ERROR - inference.py:202 - Generation failed: ChatGLMTokenizer._pad() got an unexpected keyword argument 'padding_side'
2025-12-16 21:50:57,146 - src.inference - ERROR - inference.py:202 - Generation failed: ChatGLMTokenizer._pad() got an unexpected keyword argument 'padding_side'
2025-12-16 21:50:57,146 - src.inference - ERROR - inference.py:202 - Generation failed: ChatGLMTokenizer._pad() got an unexpected keyword argument 'padding_side'
2025-12-16 21:50:57,146 - src.inference - ERROR - inference.py:202 - Generation failed: ChatGLMTokenizer._pad() got an unexpected keyword argument 'padding_side'
2025-12-16 21:50:57,147 - src.inference - ERROR - inference.py:202 - Generation failed: ChatGLMTokenizer._pad() got an unexpected keyword argument 'padding_side'
2025-12-16 21:50:57,147 - src.inference - ERROR - inference.py:202 - Generation failed: ChatGLMTokenizer._pad() got an unexpected keyword argument 'padding_side'
2025-12-16 21:50:57,148 - src.inference - ERROR - inference.py:202 - Generation failed: ChatGLMTokenizer._pad() got an unexpected keyword argument 'padding_side'
2025-12-16 21:50:57,148 - src.inference - ERROR - inference.py:202 - Generation failed: ChatGLMTokenizer._pad() got an unexpected keyword argument 'padding_side'
2025-12-16 21:50:57,148 - src.inference - ERROR - inference.py:202 - Generation failed: ChatGLMTokenizer._pad() got an unexpected keyword argument 'padding_side'
2025-12-16 21:50:57,149 - src.inference - ERROR - inference.py:202 - Generation failed: ChatGLMTokenizer._pad() got an unexpected keyword argument 'padding_side'
2025-12-16 21:50:57,149 - src.inference - ERROR - inference.py:202 - Generation failed: ChatGLMTokenizer._pad() got an unexpected keyword argument 'padding_side'
2025-12-16 21:50:57,149 - src.inference - ERROR - inference.py:202 - Generation failed: ChatGLMTokenizer._pad() got an unexpected keyword argument 'padding_side'
2025-12-16 21:50:57,150 - src.inference - ERROR - inference.py:202 - Generation failed: ChatGLMTokenizer._pad() got an unexpected keyword argument 'padding_side'
2025-12-16 21:50:57,150 - src.inference - ERROR - inference.py:202 - Generation failed: ChatGLMTokenizer._pad() got an unexpected keyword argument 'padding_side'
2025-12-16 21:50:57,151 - src.inference - ERROR - inference.py:202 - Generation failed: ChatGLMTokenizer._pad() got an unexpected keyword argument 'padding_side'
2025-12-16 21:50:57,151 - src.inference - ERROR - inference.py:202 - Generation failed: ChatGLMTokenizer._pad() got an unexpected keyword argument 'padding_side'
2025-12-16 21:50:57,152 - src.inference - ERROR - inference.py:202 - Generation failed: ChatGLMTokenizer._pad() got an unexpected keyword argument 'padding_side'
2025-12-16 21:50:57,152 - src.inference - ERROR - inference.py:202 - Generation failed: ChatGLMTokenizer._pad() got an unexpected keyword argument 'padding_side'
2025-12-16 21:50:57,152 - src.inference - ERROR - inference.py:202 - Generation failed: ChatGLMTokenizer._pad() got an unexpected keyword argument 'padding_side'
2025-12-16 21:50:57,153 - src.inference - ERROR - inference.py:202 - Generation failed: ChatGLMTokenizer._pad() got an unexpected keyword argument 'padding_side'
2025-12-16 21:50:57,153 - src.inference - ERROR - inference.py:202 - Generation failed: ChatGLMTokenizer._pad() got an unexpected keyword argument 'padding_side'
2025-12-16 21:50:57,154 - src.inference - ERROR - inference.py:202 - Generation failed: ChatGLMTokenizer._pad() got an unexpected keyword argument 'padding_side'
2025-12-16 21:50:57,154 - src.inference - ERROR - inference.py:202 - Generation failed: ChatGLMTokenizer._pad() got an unexpected keyword argument 'padding_side'
2025-12-16 21:50:57,154 - src.inference - ERROR - inference.py:202 - Generation failed: ChatGLMTokenizer._pad() got an unexpected keyword argument 'padding_side'
2025-12-16 21:50:57,155 - src.inference - ERROR - inference.py:202 - Generation failed: ChatGLMTokenizer._pad() got an unexpected keyword argument 'padding_side'
2025-12-16 21:50:57,155 - src.inference - ERROR - inference.py:202 - Generation failed: ChatGLMTokenizer._pad() got an unexpected keyword argument 'padding_side'
2025-12-16 21:50:57,155 - src.inference - ERROR - inference.py:202 - Generation failed: ChatGLMTokenizer._pad() got an unexpected keyword argument 'padding_side'
2025-12-16 21:50:57,156 - src.inference - ERROR - inference.py:202 - Generation failed: ChatGLMTokenizer._pad() got an unexpected keyword argument 'padding_side'
2025-12-16 21:50:57,156 - src.inference - ERROR - inference.py:202 - Generation failed: ChatGLMTokenizer._pad() got an unexpected keyword argument 'padding_side'
2025-12-16 21:50:57,157 - src.inference - ERROR - inference.py:202 - Generation failed: ChatGLMTokenizer._pad() got an unexpected keyword argument 'padding_side'
2025-12-16 21:50:57,157 - src.inference - ERROR - inference.py:202 - Generation failed: ChatGLMTokenizer._pad() got an unexpected keyword argument 'padding_side'
2025-12-16 21:50:57,157 - src.inference - ERROR - inference.py:202 - Generation failed: ChatGLMTokenizer._pad() got an unexpected keyword argument 'padding_side'
2025-12-16 21:50:57,158 - src.inference - ERROR - inference.py:202 - Generation failed: ChatGLMTokenizer._pad() got an unexpected keyword argument 'padding_side'
2025-12-16 21:50:57,158 - src.inference - ERROR - inference.py:202 - Generation failed: ChatGLMTokenizer._pad() got an unexpected keyword argument 'padding_side'
2025-12-16 21:50:57,159 - src.inference - ERROR - inference.py:202 - Generation failed: ChatGLMTokenizer._pad() got an unexpected keyword argument 'padding_side'
2025-12-16 21:50:57,159 - src.inference - ERROR - inference.py:202 - Generation failed: ChatGLMTokenizer._pad() got an unexpected keyword argument 'padding_side'
2025-12-16 21:50:57,159 - src.inference - ERROR - inference.py:202 - Generation failed: ChatGLMTokenizer._pad() got an unexpected keyword argument 'padding_side'
2025-12-16 21:50:57,160 - src.inference - ERROR - inference.py:202 - Generation failed: ChatGLMTokenizer._pad() got an unexpected keyword argument 'padding_side'
2025-12-16 21:50:57,160 - src.inference - ERROR - inference.py:202 - Generation failed: ChatGLMTokenizer._pad() got an unexpected keyword argument 'padding_side'
2025-12-16 21:50:57,161 - src.inference - ERROR - inference.py:202 - Generation failed: ChatGLMTokenizer._pad() got an unexpected keyword argument 'padding_side'
2025-12-16 21:50:57,161 - src.inference - ERROR - inference.py:202 - Generation failed: ChatGLMTokenizer._pad() got an unexpected keyword argument 'padding_side'
2025-12-16 21:50:57,161 - src.inference - ERROR - inference.py:202 - Generation failed: ChatGLMTokenizer._pad() got an unexpected keyword argument 'padding_side'
2025-12-16 21:50:57,162 - src.inference - ERROR - inference.py:202 - Generation failed: ChatGLMTokenizer._pad() got an unexpected keyword argument 'padding_side'
2025-12-16 21:50:57,162 - src.inference - ERROR - inference.py:202 - Generation failed: ChatGLMTokenizer._pad() got an unexpected keyword argument 'padding_side'
2025-12-16 21:50:57,163 - src.inference - ERROR - inference.py:202 - Generation failed: ChatGLMTokenizer._pad() got an unexpected keyword argument 'padding_side'
2025-12-16 21:50:57,163 - src.inference - ERROR - inference.py:202 - Generation failed: ChatGLMTokenizer._pad() got an unexpected keyword argument 'padding_side'
2025-12-16 21:50:57,163 - src.inference - ERROR - inference.py:202 - Generation failed: ChatGLMTokenizer._pad() got an unexpected keyword argument 'padding_side'
2025-12-16 21:50:57,164 - src.inference - ERROR - inference.py:202 - Generation failed: ChatGLMTokenizer._pad() got an unexpected keyword argument 'padding_side'
2025-12-16 21:50:57,164 - src.inference - ERROR - inference.py:202 - Generation failed: ChatGLMTokenizer._pad() got an unexpected keyword argument 'padding_side'
2025-12-16 21:50:57,164 - src.inference - ERROR - inference.py:202 - Generation failed: ChatGLMTokenizer._pad() got an unexpected keyword argument 'padding_side'
2025-12-16 21:50:57,165 - src.inference - ERROR - inference.py:202 - Generation failed: ChatGLMTokenizer._pad() got an unexpected keyword argument 'padding_side'
2025-12-16 21:50:57,165 - src.inference - ERROR - inference.py:202 - Generation failed: ChatGLMTokenizer._pad() got an unexpected keyword argument 'padding_side'
2025-12-16 21:50:57,166 - src.inference - ERROR - inference.py:202 - Generation failed: ChatGLMTokenizer._pad() got an unexpected keyword argument 'padding_side'
2025-12-16 21:50:57,166 - src.inference - ERROR - inference.py:202 - Generation failed: ChatGLMTokenizer._pad() got an unexpected keyword argument 'padding_side'
2025-12-16 21:50:57,166 - src.inference - ERROR - inference.py:202 - Generation failed: ChatGLMTokenizer._pad() got an unexpected keyword argument 'padding_side'
2025-12-16 21:50:57,167 - src.inference - ERROR - inference.py:202 - Generation failed: ChatGLMTokenizer._pad() got an unexpected keyword argument 'padding_side'
2025-12-16 21:50:57,167 - src.inference - ERROR - inference.py:202 - Generation failed: ChatGLMTokenizer._pad() got an unexpected keyword argument 'padding_side'
2025-12-16 21:50:57,168 - src.inference - ERROR - inference.py:202 - Generation failed: ChatGLMTokenizer._pad() got an unexpected keyword argument 'padding_side'
2025-12-16 21:50:57,168 - src.inference - ERROR - inference.py:202 - Generation failed: ChatGLMTokenizer._pad() got an unexpected keyword argument 'padding_side'
2025-12-16 21:50:57,168 - src.inference - ERROR - inference.py:202 - Generation failed: ChatGLMTokenizer._pad() got an unexpected keyword argument 'padding_side'
2025-12-16 21:50:57,169 - src.inference - ERROR - inference.py:202 - Generation failed: ChatGLMTokenizer._pad() got an unexpected keyword argument 'padding_side'
2025-12-16 21:50:57,169 - src.inference - ERROR - inference.py:202 - Generation failed: ChatGLMTokenizer._pad() got an unexpected keyword argument 'padding_side'
2025-12-16 21:50:57,169 - src.inference - ERROR - inference.py:202 - Generation failed: ChatGLMTokenizer._pad() got an unexpected keyword argument 'padding_side'
2025-12-16 21:50:57,170 - src.inference - ERROR - inference.py:202 - Generation failed: ChatGLMTokenizer._pad() got an unexpected keyword argument 'padding_side'
2025-12-16 21:50:57,170 - src.inference - ERROR - inference.py:202 - Generation failed: ChatGLMTokenizer._pad() got an unexpected keyword argument 'padding_side'
2025-12-16 21:50:57,171 - src.inference - ERROR - inference.py:202 - Generation failed: ChatGLMTokenizer._pad() got an unexpected keyword argument 'padding_side'
2025-12-16 21:50:57,171 - src.inference - ERROR - inference.py:202 - Generation failed: ChatGLMTokenizer._pad() got an unexpected keyword argument 'padding_side'
2025-12-16 21:50:57,172 - src.inference - ERROR - inference.py:202 - Generation failed: ChatGLMTokenizer._pad() got an unexpected keyword argument 'padding_side'
2025-12-16 21:50:57,172 - src.inference - ERROR - inference.py:202 - Generation failed: ChatGLMTokenizer._pad() got an unexpected keyword argument 'padding_side'
2025-12-16 21:50:57,172 - src.inference - ERROR - inference.py:202 - Generation failed: ChatGLMTokenizer._pad() got an unexpected keyword argument 'padding_side'
2025-12-16 21:50:57,173 - src.inference - ERROR - inference.py:202 - Generation failed: ChatGLMTokenizer._pad() got an unexpected keyword argument 'padding_side'
2025-12-16 21:50:57,173 - src.inference - ERROR - inference.py:202 - Generation failed: ChatGLMTokenizer._pad() got an unexpected keyword argument 'padding_side'
2025-12-16 21:50:57,174 - src.inference - ERROR - inference.py:202 - Generation failed: ChatGLMTokenizer._pad() got an unexpected keyword argument 'padding_side'
2025-12-16 21:50:57,174 - src.inference - ERROR - inference.py:202 - Generation failed: ChatGLMTokenizer._pad() got an unexpected keyword argument 'padding_side'
2025-12-16 21:50:57,174 - src.inference - ERROR - inference.py:202 - Generation failed: ChatGLMTokenizer._pad() got an unexpected keyword argument 'padding_side'
2025-12-16 21:50:57,175 - src.inference - ERROR - inference.py:202 - Generation failed: ChatGLMTokenizer._pad() got an unexpected keyword argument 'padding_side'
2025-12-16 21:50:57,175 - src.inference - ERROR - inference.py:202 - Generation failed: ChatGLMTokenizer._pad() got an unexpected keyword argument 'padding_side'
2025-12-16 21:50:57,175 - src.inference - ERROR - inference.py:202 - Generation failed: ChatGLMTokenizer._pad() got an unexpected keyword argument 'padding_side'
2025-12-16 21:50:57,176 - src.inference - ERROR - inference.py:202 - Generation failed: ChatGLMTokenizer._pad() got an unexpected keyword argument 'padding_side'
2025-12-16 21:50:57,176 - src.inference - ERROR - inference.py:202 - Generation failed: ChatGLMTokenizer._pad() got an unexpected keyword argument 'padding_side'
2025-12-16 21:50:57,177 - src.inference - ERROR - inference.py:202 - Generation failed: ChatGLMTokenizer._pad() got an unexpected keyword argument 'padding_side'
2025-12-16 21:50:57,177 - src.inference - ERROR - inference.py:202 - Generation failed: ChatGLMTokenizer._pad() got an unexpected keyword argument 'padding_side'
2025-12-16 21:50:57,177 - src.inference - ERROR - inference.py:202 - Generation failed: ChatGLMTokenizer._pad() got an unexpected keyword argument 'padding_side'
2025-12-16 21:50:57,178 - src.inference - ERROR - inference.py:202 - Generation failed: ChatGLMTokenizer._pad() got an unexpected keyword argument 'padding_side'
2025-12-16 21:50:57,178 - src.inference - ERROR - inference.py:202 - Generation failed: ChatGLMTokenizer._pad() got an unexpected keyword argument 'padding_side'
2025-12-16 21:50:57,178 - src.inference - ERROR - inference.py:202 - Generation failed: ChatGLMTokenizer._pad() got an unexpected keyword argument 'padding_side'
2025-12-16 21:50:57,179 - src.inference - ERROR - inference.py:202 - Generation failed: ChatGLMTokenizer._pad() got an unexpected keyword argument 'padding_side'
2025-12-16 21:50:57,179 - src.inference - ERROR - inference.py:202 - Generation failed: ChatGLMTokenizer._pad() got an unexpected keyword argument 'padding_side'
2025-12-16 21:50:57,180 - src.inference - ERROR - inference.py:202 - Generation failed: ChatGLMTokenizer._pad() got an unexpected keyword argument 'padding_side'
2025-12-16 21:50:57,180 - src.inference - ERROR - inference.py:202 - Generation failed: ChatGLMTokenizer._pad() got an unexpected keyword argument 'padding_side'
2025-12-16 21:50:57,180 - src.inference - ERROR - inference.py:202 - Generation failed: ChatGLMTokenizer._pad() got an unexpected keyword argument 'padding_side'
2025-12-16 21:50:57,181 - src.inference - ERROR - inference.py:202 - Generation failed: ChatGLMTokenizer._pad() got an unexpected keyword argument 'padding_side'
2025-12-16 21:50:57,181 - src.inference - ERROR - inference.py:202 - Generation failed: ChatGLMTokenizer._pad() got an unexpected keyword argument 'padding_side'
2025-12-16 21:50:57,182 - src.inference - ERROR - inference.py:202 - Generation failed: ChatGLMTokenizer._pad() got an unexpected keyword argument 'padding_side'
2025-12-16 21:50:57,182 - src.inference - ERROR - inference.py:202 - Generation failed: ChatGLMTokenizer._pad() got an unexpected keyword argument 'padding_side'
2025-12-16 21:50:57,182 - src.inference - ERROR - inference.py:202 - Generation failed: ChatGLMTokenizer._pad() got an unexpected keyword argument 'padding_side'
2025-12-16 21:50:57,183 - src.inference - ERROR - inference.py:202 - Generation failed: ChatGLMTokenizer._pad() got an unexpected keyword argument 'padding_side'
2025-12-16 21:50:57,183 - src.inference - ERROR - inference.py:202 - Generation failed: ChatGLMTokenizer._pad() got an unexpected keyword argument 'padding_side'
2025-12-16 21:50:57,183 - src.inference - ERROR - inference.py:202 - Generation failed: ChatGLMTokenizer._pad() got an unexpected keyword argument 'padding_side'
2025-12-16 21:50:57,184 - src.inference - ERROR - inference.py:202 - Generation failed: ChatGLMTokenizer._pad() got an unexpected keyword argument 'padding_side'
2025-12-16 21:50:57,184 - src.inference - ERROR - inference.py:202 - Generation failed: ChatGLMTokenizer._pad() got an unexpected keyword argument 'padding_side'
2025-12-16 21:50:57,185 - src.inference - ERROR - inference.py:202 - Generation failed: ChatGLMTokenizer._pad() got an unexpected keyword argument 'padding_side'
2025-12-16 21:50:57,185 - src.inference - ERROR - inference.py:202 - Generation failed: ChatGLMTokenizer._pad() got an unexpected keyword argument 'padding_side'
2025-12-16 21:50:57,185 - src.inference - ERROR - inference.py:202 - Generation failed: ChatGLMTokenizer._pad() got an unexpected keyword argument 'padding_side'
2025-12-16 21:50:57,186 - src.inference - ERROR - inference.py:202 - Generation failed: ChatGLMTokenizer._pad() got an unexpected keyword argument 'padding_side'
2025-12-16 21:50:57,186 - src.inference - ERROR - inference.py:202 - Generation failed: ChatGLMTokenizer._pad() got an unexpected keyword argument 'padding_side'
2025-12-16 21:50:57,187 - src.inference - ERROR - inference.py:202 - Generation failed: ChatGLMTokenizer._pad() got an unexpected keyword argument 'padding_side'
2025-12-16 21:50:57,187 - src.inference - ERROR - inference.py:202 - Generation failed: ChatGLMTokenizer._pad() got an unexpected keyword argument 'padding_side'
2025-12-16 21:50:57,187 - src.inference - ERROR - inference.py:202 - Generation failed: ChatGLMTokenizer._pad() got an unexpected keyword argument 'padding_side'
2025-12-16 21:50:57,188 - src.inference - ERROR - inference.py:202 - Generation failed: ChatGLMTokenizer._pad() got an unexpected keyword argument 'padding_side'
2025-12-16 21:50:57,188 - src.inference - ERROR - inference.py:202 - Generation failed: ChatGLMTokenizer._pad() got an unexpected keyword argument 'padding_side'
2025-12-16 21:50:57,189 - src.inference - ERROR - inference.py:202 - Generation failed: ChatGLMTokenizer._pad() got an unexpected keyword argument 'padding_side'
2025-12-16 21:50:57,189 - src.inference - ERROR - inference.py:202 - Generation failed: ChatGLMTokenizer._pad() got an unexpected keyword argument 'padding_side'
2025-12-16 21:50:57,189 - src.inference - ERROR - inference.py:202 - Generation failed: ChatGLMTokenizer._pad() got an unexpected keyword argument 'padding_side'
2025-12-16 21:50:57,190 - src.inference - ERROR - inference.py:202 - Generation failed: ChatGLMTokenizer._pad() got an unexpected keyword argument 'padding_side'
2025-12-16 21:50:57,190 - src.inference - ERROR - inference.py:202 - Generation failed: ChatGLMTokenizer._pad() got an unexpected keyword argument 'padding_side'
2025-12-16 21:50:57,191 - src.inference - ERROR - inference.py:202 - Generation failed: ChatGLMTokenizer._pad() got an unexpected keyword argument 'padding_side'
2025-12-16 21:50:57,191 - src.inference - ERROR - inference.py:202 - Generation failed: ChatGLMTokenizer._pad() got an unexpected keyword argument 'padding_side'
2025-12-16 21:50:57,191 - src.inference - ERROR - inference.py:202 - Generation failed: ChatGLMTokenizer._pad() got an unexpected keyword argument 'padding_side'
2025-12-16 21:50:57,192 - src.inference - ERROR - inference.py:202 - Generation failed: ChatGLMTokenizer._pad() got an unexpected keyword argument 'padding_side'
2025-12-16 21:50:57,192 - src.inference - ERROR - inference.py:202 - Generation failed: ChatGLMTokenizer._pad() got an unexpected keyword argument 'padding_side'
2025-12-16 21:50:57,192 - src.inference - ERROR - inference.py:202 - Generation failed: ChatGLMTokenizer._pad() got an unexpected keyword argument 'padding_side'
2025-12-16 21:50:57,193 - src.inference - ERROR - inference.py:202 - Generation failed: ChatGLMTokenizer._pad() got an unexpected keyword argument 'padding_side'
2025-12-16 21:50:57,193 - src.inference - ERROR - inference.py:202 - Generation failed: ChatGLMTokenizer._pad() got an unexpected keyword argument 'padding_side'
2025-12-16 21:50:57,194 - src.inference - ERROR - inference.py:202 - Generation failed: ChatGLMTokenizer._pad() got an unexpected keyword argument 'padding_side'
2025-12-16 21:50:57,194 - src.inference - ERROR - inference.py:202 - Generation failed: ChatGLMTokenizer._pad() got an unexpected keyword argument 'padding_side'
2025-12-16 21:50:57,194 - src.inference - ERROR - inference.py:202 - Generation failed: ChatGLMTokenizer._pad() got an unexpected keyword argument 'padding_side'
2025-12-16 21:50:57,195 - src.inference - ERROR - inference.py:202 - Generation failed: ChatGLMTokenizer._pad() got an unexpected keyword argument 'padding_side'
2025-12-16 21:50:57,195 - src.inference - ERROR - inference.py:202 - Generation failed: ChatGLMTokenizer._pad() got an unexpected keyword argument 'padding_side'
2025-12-16 21:50:57,195 - src.inference - ERROR - inference.py:202 - Generation failed: ChatGLMTokenizer._pad() got an unexpected keyword argument 'padding_side'
2025-12-16 21:50:57,196 - src.inference - ERROR - inference.py:202 - Generation failed: ChatGLMTokenizer._pad() got an unexpected keyword argument 'padding_side'
2025-12-16 21:50:57,196 - src.inference - ERROR - inference.py:202 - Generation failed: ChatGLMTokenizer._pad() got an unexpected keyword argument 'padding_side'
2025-12-16 21:50:57,197 - src.inference - ERROR - inference.py:202 - Generation failed: ChatGLMTokenizer._pad() got an unexpected keyword argument 'padding_side'
2025-12-16 21:50:57,197 - src.inference - ERROR - inference.py:202 - Generation failed: ChatGLMTokenizer._pad() got an unexpected keyword argument 'padding_side'
2025-12-16 21:50:57,197 - src.inference - ERROR - inference.py:202 - Generation failed: ChatGLMTokenizer._pad() got an unexpected keyword argument 'padding_side'
2025-12-16 21:50:57,198 - src.inference - ERROR - inference.py:202 - Generation failed: ChatGLMTokenizer._pad() got an unexpected keyword argument 'padding_side'
2025-12-16 21:50:57,198 - src.inference - ERROR - inference.py:202 - Generation failed: ChatGLMTokenizer._pad() got an unexpected keyword argument 'padding_side'
2025-12-16 21:50:57,198 - src.inference - ERROR - inference.py:202 - Generation failed: ChatGLMTokenizer._pad() got an unexpected keyword argument 'padding_side'
2025-12-16 21:50:57,199 - src.inference - ERROR - inference.py:202 - Generation failed: ChatGLMTokenizer._pad() got an unexpected keyword argument 'padding_side'
2025-12-16 21:50:57,199 - src.inference - ERROR - inference.py:202 - Generation failed: ChatGLMTokenizer._pad() got an unexpected keyword argument 'padding_side'
2025-12-16 21:50:57,200 - src.inference - ERROR - inference.py:202 - Generation failed: ChatGLMTokenizer._pad() got an unexpected keyword argument 'padding_side'
2025-12-16 21:50:57,200 - src.inference - ERROR - inference.py:202 - Generation failed: ChatGLMTokenizer._pad() got an unexpected keyword argument 'padding_side'
2025-12-16 21:50:57,201 - src.inference - ERROR - inference.py:202 - Generation failed: ChatGLMTokenizer._pad() got an unexpected keyword argument 'padding_side'
2025-12-16 21:50:57,201 - src.inference - ERROR - inference.py:202 - Generation failed: ChatGLMTokenizer._pad() got an unexpected keyword argument 'padding_side'
2025-12-16 21:50:57,202 - src.inference - ERROR - inference.py:202 - Generation failed: ChatGLMTokenizer._pad() got an unexpected keyword argument 'padding_side'
2025-12-16 21:50:57,202 - src.inference - ERROR - inference.py:202 - Generation failed: ChatGLMTokenizer._pad() got an unexpected keyword argument 'padding_side'
2025-12-16 21:50:57,202 - src.inference - ERROR - inference.py:202 - Generation failed: ChatGLMTokenizer._pad() got an unexpected keyword argument 'padding_side'
2025-12-16 21:50:57,203 - src.inference - ERROR - inference.py:202 - Generation failed: ChatGLMTokenizer._pad() got an unexpected keyword argument 'padding_side'
2025-12-16 21:50:57,203 - src.inference - ERROR - inference.py:202 - Generation failed: ChatGLMTokenizer._pad() got an unexpected keyword argument 'padding_side'
2025-12-16 21:50:57,204 - src.inference - ERROR - inference.py:202 - Generation failed: ChatGLMTokenizer._pad() got an unexpected keyword argument 'padding_side'
2025-12-16 21:50:57,204 - src.inference - ERROR - inference.py:202 - Generation failed: ChatGLMTokenizer._pad() got an unexpected keyword argument 'padding_side'
2025-12-16 21:50:57,204 - src.inference - ERROR - inference.py:202 - Generation failed: ChatGLMTokenizer._pad() got an unexpected keyword argument 'padding_side'
2025-12-16 21:50:57,205 - src.inference - ERROR - inference.py:202 - Generation failed: ChatGLMTokenizer._pad() got an unexpected keyword argument 'padding_side'
2025-12-16 21:50:57,205 - src.inference - ERROR - inference.py:202 - Generation failed: ChatGLMTokenizer._pad() got an unexpected keyword argument 'padding_side'
2025-12-16 21:50:57,205 - src.inference - ERROR - inference.py:202 - Generation failed: ChatGLMTokenizer._pad() got an unexpected keyword argument 'padding_side'
2025-12-16 21:50:57,206 - src.inference - ERROR - inference.py:202 - Generation failed: ChatGLMTokenizer._pad() got an unexpected keyword argument 'padding_side'
2025-12-16 21:50:57,206 - src.inference - ERROR - inference.py:202 - Generation failed: ChatGLMTokenizer._pad() got an unexpected keyword argument 'padding_side'
2025-12-16 21:50:57,206 - src.inference - ERROR - inference.py:202 - Generation failed: ChatGLMTokenizer._pad() got an unexpected keyword argument 'padding_side'
2025-12-16 21:50:57,207 - src.inference - ERROR - inference.py:202 - Generation failed: ChatGLMTokenizer._pad() got an unexpected keyword argument 'padding_side'
2025-12-16 21:50:57,207 - src.inference - ERROR - inference.py:202 - Generation failed: ChatGLMTokenizer._pad() got an unexpected keyword argument 'padding_side'
2025-12-16 21:50:57,208 - src.inference - ERROR - inference.py:202 - Generation failed: ChatGLMTokenizer._pad() got an unexpected keyword argument 'padding_side'
2025-12-16 21:50:57,208 - src.inference - ERROR - inference.py:202 - Generation failed: ChatGLMTokenizer._pad() got an unexpected keyword argument 'padding_side'
2025-12-16 21:50:57,208 - src.inference - ERROR - inference.py:202 - Generation failed: ChatGLMTokenizer._pad() got an unexpected keyword argument 'padding_side'
2025-12-16 21:50:57,209 - src.inference - ERROR - inference.py:202 - Generation failed: ChatGLMTokenizer._pad() got an unexpected keyword argument 'padding_side'
2025-12-16 21:50:57,209 - src.inference - ERROR - inference.py:202 - Generation failed: ChatGLMTokenizer._pad() got an unexpected keyword argument 'padding_side'
2025-12-16 21:50:57,209 - src.inference - ERROR - inference.py:202 - Generation failed: ChatGLMTokenizer._pad() got an unexpected keyword argument 'padding_side'
2025-12-16 21:50:57,210 - src.inference - ERROR - inference.py:202 - Generation failed: ChatGLMTokenizer._pad() got an unexpected keyword argument 'padding_side'
2025-12-16 21:50:57,210 - src.inference - ERROR - inference.py:202 - Generation failed: ChatGLMTokenizer._pad() got an unexpected keyword argument 'padding_side'
2025-12-16 21:50:57,211 - src.inference - ERROR - inference.py:202 - Generation failed: ChatGLMTokenizer._pad() got an unexpected keyword argument 'padding_side'
2025-12-16 21:50:57,211 - src.inference - ERROR - inference.py:202 - Generation failed: ChatGLMTokenizer._pad() got an unexpected keyword argument 'padding_side'
2025-12-16 21:50:57,211 - src.inference - ERROR - inference.py:202 - Generation failed: ChatGLMTokenizer._pad() got an unexpected keyword argument 'padding_side'
2025-12-16 21:50:57,212 - src.inference - ERROR - inference.py:202 - Generation failed: ChatGLMTokenizer._pad() got an unexpected keyword argument 'padding_side'
2025-12-16 21:50:57,212 - src.inference - ERROR - inference.py:202 - Generation failed: ChatGLMTokenizer._pad() got an unexpected keyword argument 'padding_side'
2025-12-16 21:50:57,213 - src.inference - ERROR - inference.py:202 - Generation failed: ChatGLMTokenizer._pad() got an unexpected keyword argument 'padding_side'
2025-12-16 21:50:57,213 - src.inference - ERROR - inference.py:202 - Generation failed: ChatGLMTokenizer._pad() got an unexpected keyword argument 'padding_side'
2025-12-16 21:50:57,214 - src.inference - ERROR - inference.py:202 - Generation failed: ChatGLMTokenizer._pad() got an unexpected keyword argument 'padding_side'
2025-12-16 21:50:57,214 - src.inference - ERROR - inference.py:202 - Generation failed: ChatGLMTokenizer._pad() got an unexpected keyword argument 'padding_side'
2025-12-16 21:50:57,214 - src.inference - ERROR - inference.py:202 - Generation failed: ChatGLMTokenizer._pad() got an unexpected keyword argument 'padding_side'
2025-12-16 21:50:57,215 - src.inference - ERROR - inference.py:202 - Generation failed: ChatGLMTokenizer._pad() got an unexpected keyword argument 'padding_side'
2025-12-16 21:50:57,215 - src.inference - ERROR - inference.py:202 - Generation failed: ChatGLMTokenizer._pad() got an unexpected keyword argument 'padding_side'
2025-12-16 21:50:57,216 - src.inference - ERROR - inference.py:202 - Generation failed: ChatGLMTokenizer._pad() got an unexpected keyword argument 'padding_side'
2025-12-16 21:50:57,216 - src.inference - ERROR - inference.py:202 - Generation failed: ChatGLMTokenizer._pad() got an unexpected keyword argument 'padding_side'
2025-12-16 21:50:57,216 - src.inference - ERROR - inference.py:202 - Generation failed: ChatGLMTokenizer._pad() got an unexpected keyword argument 'padding_side'
2025-12-16 21:50:57,217 - src.inference - ERROR - inference.py:202 - Generation failed: ChatGLMTokenizer._pad() got an unexpected keyword argument 'padding_side'
2025-12-16 21:50:57,217 - src.inference - ERROR - inference.py:202 - Generation failed: ChatGLMTokenizer._pad() got an unexpected keyword argument 'padding_side'
2025-12-16 21:50:57,218 - src.inference - ERROR - inference.py:202 - Generation failed: ChatGLMTokenizer._pad() got an unexpected keyword argument 'padding_side'
2025-12-16 21:50:57,218 - src.inference - ERROR - inference.py:202 - Generation failed: ChatGLMTokenizer._pad() got an unexpected keyword argument 'padding_side'
2025-12-16 21:50:57,218 - src.inference - ERROR - inference.py:202 - Generation failed: ChatGLMTokenizer._pad() got an unexpected keyword argument 'padding_side'
2025-12-16 21:50:57,219 - src.inference - ERROR - inference.py:202 - Generation failed: ChatGLMTokenizer._pad() got an unexpected keyword argument 'padding_side'
2025-12-16 21:50:57,219 - src.inference - ERROR - inference.py:202 - Generation failed: ChatGLMTokenizer._pad() got an unexpected keyword argument 'padding_side'
2025-12-16 21:50:57,220 - src.inference - ERROR - inference.py:202 - Generation failed: ChatGLMTokenizer._pad() got an unexpected keyword argument 'padding_side'
2025-12-16 21:50:57,220 - src.inference - ERROR - inference.py:202 - Generation failed: ChatGLMTokenizer._pad() got an unexpected keyword argument 'padding_side'
2025-12-16 21:50:57,220 - src.inference - ERROR - inference.py:202 - Generation failed: ChatGLMTokenizer._pad() got an unexpected keyword argument 'padding_side'
2025-12-16 21:50:57,221 - src.inference - ERROR - inference.py:202 - Generation failed: ChatGLMTokenizer._pad() got an unexpected keyword argument 'padding_side'
2025-12-16 21:50:57,221 - src.inference - ERROR - inference.py:202 - Generation failed: ChatGLMTokenizer._pad() got an unexpected keyword argument 'padding_side'
2025-12-16 21:50:57,221 - src.inference - ERROR - inference.py:202 - Generation failed: ChatGLMTokenizer._pad() got an unexpected keyword argument 'padding_side'
2025-12-16 21:50:57,222 - src.inference - ERROR - inference.py:202 - Generation failed: ChatGLMTokenizer._pad() got an unexpected keyword argument 'padding_side'
2025-12-16 21:50:57,222 - src.inference - ERROR - inference.py:202 - Generation failed: ChatGLMTokenizer._pad() got an unexpected keyword argument 'padding_side'
2025-12-16 21:50:57,222 - src.inference - ERROR - inference.py:202 - Generation failed: ChatGLMTokenizer._pad() got an unexpected keyword argument 'padding_side'
2025-12-16 21:50:57,223 - src.inference - ERROR - inference.py:202 - Generation failed: ChatGLMTokenizer._pad() got an unexpected keyword argument 'padding_side'
2025-12-16 21:50:57,223 - src.inference - ERROR - inference.py:202 - Generation failed: ChatGLMTokenizer._pad() got an unexpected keyword argument 'padding_side'
2025-12-16 21:50:57,224 - src.inference - ERROR - inference.py:202 - Generation failed: ChatGLMTokenizer._pad() got an unexpected keyword argument 'padding_side'
2025-12-16 21:50:57,224 - src.inference - ERROR - inference.py:202 - Generation failed: ChatGLMTokenizer._pad() got an unexpected keyword argument 'padding_side'
2025-12-16 21:50:57,224 - src.inference - ERROR - inference.py:202 - Generation failed: ChatGLMTokenizer._pad() got an unexpected keyword argument 'padding_side'
2025-12-16 21:50:57,225 - src.inference - ERROR - inference.py:202 - Generation failed: ChatGLMTokenizer._pad() got an unexpected keyword argument 'padding_side'
2025-12-16 21:50:57,225 - src.inference - ERROR - inference.py:202 - Generation failed: ChatGLMTokenizer._pad() got an unexpected keyword argument 'padding_side'
2025-12-16 21:50:57,225 - src.inference - ERROR - inference.py:202 - Generation failed: ChatGLMTokenizer._pad() got an unexpected keyword argument 'padding_side'
2025-12-16 21:50:57,226 - src.inference - ERROR - inference.py:202 - Generation failed: ChatGLMTokenizer._pad() got an unexpected keyword argument 'padding_side'
2025-12-16 21:50:57,226 - src.inference - ERROR - inference.py:202 - Generation failed: ChatGLMTokenizer._pad() got an unexpected keyword argument 'padding_side'
2025-12-16 21:50:57,227 - src.inference - ERROR - inference.py:202 - Generation failed: ChatGLMTokenizer._pad() got an unexpected keyword argument 'padding_side'
2025-12-16 21:50:57,227 - src.inference - ERROR - inference.py:202 - Generation failed: ChatGLMTokenizer._pad() got an unexpected keyword argument 'padding_side'
2025-12-16 21:50:57,227 - src.inference - ERROR - inference.py:202 - Generation failed: ChatGLMTokenizer._pad() got an unexpected keyword argument 'padding_side'
2025-12-16 21:50:57,228 - src.inference - ERROR - inference.py:202 - Generation failed: ChatGLMTokenizer._pad() got an unexpected keyword argument 'padding_side'
2025-12-16 21:50:57,228 - src.inference - ERROR - inference.py:202 - Generation failed: ChatGLMTokenizer._pad() got an unexpected keyword argument 'padding_side'
2025-12-16 21:50:57,229 - src.inference - ERROR - inference.py:202 - Generation failed: ChatGLMTokenizer._pad() got an unexpected keyword argument 'padding_side'
2025-12-16 21:50:57,229 - src.inference - ERROR - inference.py:202 - Generation failed: ChatGLMTokenizer._pad() got an unexpected keyword argument 'padding_side'
2025-12-16 21:50:57,229 - src.inference - ERROR - inference.py:202 - Generation failed: ChatGLMTokenizer._pad() got an unexpected keyword argument 'padding_side'
2025-12-16 21:50:57,230 - src.inference - ERROR - inference.py:202 - Generation failed: ChatGLMTokenizer._pad() got an unexpected keyword argument 'padding_side'
2025-12-16 21:50:57,230 - src.inference - ERROR - inference.py:202 - Generation failed: ChatGLMTokenizer._pad() got an unexpected keyword argument 'padding_side'
2025-12-16 21:50:57,231 - src.inference - ERROR - inference.py:202 - Generation failed: ChatGLMTokenizer._pad() got an unexpected keyword argument 'padding_side'
2025-12-16 21:50:57,231 - src.inference - ERROR - inference.py:202 - Generation failed: ChatGLMTokenizer._pad() got an unexpected keyword argument 'padding_side'
2025-12-16 21:50:57,231 - src.inference - ERROR - inference.py:202 - Generation failed: ChatGLMTokenizer._pad() got an unexpected keyword argument 'padding_side'
2025-12-16 21:50:57,232 - src.inference - ERROR - inference.py:202 - Generation failed: ChatGLMTokenizer._pad() got an unexpected keyword argument 'padding_side'
2025-12-16 21:50:57,232 - src.inference - ERROR - inference.py:202 - Generation failed: ChatGLMTokenizer._pad() got an unexpected keyword argument 'padding_side'
2025-12-16 21:50:57,233 - src.inference - ERROR - inference.py:202 - Generation failed: ChatGLMTokenizer._pad() got an unexpected keyword argument 'padding_side'
2025-12-16 21:50:57,233 - src.inference - ERROR - inference.py:202 - Generation failed: ChatGLMTokenizer._pad() got an unexpected keyword argument 'padding_side'
2025-12-16 21:50:57,234 - src.inference - ERROR - inference.py:202 - Generation failed: ChatGLMTokenizer._pad() got an unexpected keyword argument 'padding_side'
2025-12-16 21:50:57,234 - src.inference - ERROR - inference.py:202 - Generation failed: ChatGLMTokenizer._pad() got an unexpected keyword argument 'padding_side'
2025-12-16 21:50:57,234 - src.inference - ERROR - inference.py:202 - Generation failed: ChatGLMTokenizer._pad() got an unexpected keyword argument 'padding_side'
2025-12-16 21:50:57,235 - src.inference - ERROR - inference.py:202 - Generation failed: ChatGLMTokenizer._pad() got an unexpected keyword argument 'padding_side'
2025-12-16 21:50:57,235 - src.inference - ERROR - inference.py:202 - Generation failed: ChatGLMTokenizer._pad() got an unexpected keyword argument 'padding_side'
2025-12-16 21:50:57,235 - src.inference - ERROR - inference.py:202 - Generation failed: ChatGLMTokenizer._pad() got an unexpected keyword argument 'padding_side'
2025-12-16 21:50:57,236 - src.inference - ERROR - inference.py:202 - Generation failed: ChatGLMTokenizer._pad() got an unexpected keyword argument 'padding_side'
2025-12-16 21:50:57,236 - src.inference - ERROR - inference.py:202 - Generation failed: ChatGLMTokenizer._pad() got an unexpected keyword argument 'padding_side'
2025-12-16 21:50:57,237 - src.inference - ERROR - inference.py:202 - Generation failed: ChatGLMTokenizer._pad() got an unexpected keyword argument 'padding_side'
2025-12-16 21:50:57,237 - src.inference - ERROR - inference.py:202 - Generation failed: ChatGLMTokenizer._pad() got an unexpected keyword argument 'padding_side'
2025-12-16 21:50:57,237 - src.inference - ERROR - inference.py:202 - Generation failed: ChatGLMTokenizer._pad() got an unexpected keyword argument 'padding_side'
2025-12-16 21:50:57,238 - src.inference - ERROR - inference.py:202 - Generation failed: ChatGLMTokenizer._pad() got an unexpected keyword argument 'padding_side'
2025-12-16 21:50:57,238 - src.inference - ERROR - inference.py:202 - Generation failed: ChatGLMTokenizer._pad() got an unexpected keyword argument 'padding_side'
2025-12-16 21:50:57,238 - src.inference - ERROR - inference.py:202 - Generation failed: ChatGLMTokenizer._pad() got an unexpected keyword argument 'padding_side'
2025-12-16 21:50:57,239 - src.inference - ERROR - inference.py:202 - Generation failed: ChatGLMTokenizer._pad() got an unexpected keyword argument 'padding_side'
2025-12-16 21:50:57,239 - src.inference - ERROR - inference.py:202 - Generation failed: ChatGLMTokenizer._pad() got an unexpected keyword argument 'padding_side'
2025-12-16 21:50:57,239 - src.inference - ERROR - inference.py:202 - Generation failed: ChatGLMTokenizer._pad() got an unexpected keyword argument 'padding_side'
2025-12-16 21:50:57,240 - src.inference - ERROR - inference.py:202 - Generation failed: ChatGLMTokenizer._pad() got an unexpected keyword argument 'padding_side'
2025-12-16 21:50:57,240 - src.inference - ERROR - inference.py:202 - Generation failed: ChatGLMTokenizer._pad() got an unexpected keyword argument 'padding_side'
2025-12-16 21:50:57,241 - src.inference - ERROR - inference.py:202 - Generation failed: ChatGLMTokenizer._pad() got an unexpected keyword argument 'padding_side'
2025-12-16 21:50:57,241 - src.inference - ERROR - inference.py:202 - Generation failed: ChatGLMTokenizer._pad() got an unexpected keyword argument 'padding_side'
2025-12-16 21:50:57,241 - src.inference - ERROR - inference.py:202 - Generation failed: ChatGLMTokenizer._pad() got an unexpected keyword argument 'padding_side'
2025-12-16 21:50:57,242 - src.inference - ERROR - inference.py:202 - Generation failed: ChatGLMTokenizer._pad() got an unexpected keyword argument 'padding_side'
2025-12-16 21:50:57,242 - src.inference - ERROR - inference.py:202 - Generation failed: ChatGLMTokenizer._pad() got an unexpected keyword argument 'padding_side'
2025-12-16 21:50:57,242 - src.inference - ERROR - inference.py:202 - Generation failed: ChatGLMTokenizer._pad() got an unexpected keyword argument 'padding_side'
2025-12-16 21:50:57,243 - src.inference - ERROR - inference.py:202 - Generation failed: ChatGLMTokenizer._pad() got an unexpected keyword argument 'padding_side'
2025-12-16 21:50:57,243 - src.inference - ERROR - inference.py:202 - Generation failed: ChatGLMTokenizer._pad() got an unexpected keyword argument 'padding_side'
2025-12-16 21:50:57,244 - src.inference - ERROR - inference.py:202 - Generation failed: ChatGLMTokenizer._pad() got an unexpected keyword argument 'padding_side'
2025-12-16 21:50:57,244 - src.inference - ERROR - inference.py:202 - Generation failed: ChatGLMTokenizer._pad() got an unexpected keyword argument 'padding_side'
2025-12-16 21:50:57,244 - src.inference - ERROR - inference.py:202 - Generation failed: ChatGLMTokenizer._pad() got an unexpected keyword argument 'padding_side'
2025-12-16 21:50:57,245 - src.inference - ERROR - inference.py:202 - Generation failed: ChatGLMTokenizer._pad() got an unexpected keyword argument 'padding_side'
2025-12-16 21:50:57,245 - src.inference - ERROR - inference.py:202 - Generation failed: ChatGLMTokenizer._pad() got an unexpected keyword argument 'padding_side'
2025-12-16 21:50:57,245 - src.inference - ERROR - inference.py:202 - Generation failed: ChatGLMTokenizer._pad() got an unexpected keyword argument 'padding_side'
2025-12-16 21:50:57,246 - src.inference - ERROR - inference.py:202 - Generation failed: ChatGLMTokenizer._pad() got an unexpected keyword argument 'padding_side'
2025-12-16 21:50:57,246 - src.inference - ERROR - inference.py:202 - Generation failed: ChatGLMTokenizer._pad() got an unexpected keyword argument 'padding_side'
2025-12-16 21:50:57,247 - src.inference - ERROR - inference.py:202 - Generation failed: ChatGLMTokenizer._pad() got an unexpected keyword argument 'padding_side'
2025-12-16 21:50:57,247 - src.inference - ERROR - inference.py:202 - Generation failed: ChatGLMTokenizer._pad() got an unexpected keyword argument 'padding_side'
2025-12-16 21:50:57,247 - src.inference - ERROR - inference.py:202 - Generation failed: ChatGLMTokenizer._pad() got an unexpected keyword argument 'padding_side'
2025-12-16 21:50:57,248 - src.inference - ERROR - inference.py:202 - Generation failed: ChatGLMTokenizer._pad() got an unexpected keyword argument 'padding_side'
2025-12-16 21:50:57,248 - src.inference - ERROR - inference.py:202 - Generation failed: ChatGLMTokenizer._pad() got an unexpected keyword argument 'padding_side'
2025-12-16 21:50:57,248 - src.inference - ERROR - inference.py:202 - Generation failed: ChatGLMTokenizer._pad() got an unexpected keyword argument 'padding_side'
2025-12-16 21:50:57,249 - src.inference - ERROR - inference.py:202 - Generation failed: ChatGLMTokenizer._pad() got an unexpected keyword argument 'padding_side'
2025-12-16 21:50:57,249 - src.inference - ERROR - inference.py:202 - Generation failed: ChatGLMTokenizer._pad() got an unexpected keyword argument 'padding_side'
2025-12-16 21:50:57,249 - src.inference - ERROR - inference.py:202 - Generation failed: ChatGLMTokenizer._pad() got an unexpected keyword argument 'padding_side'
2025-12-16 21:50:57,250 - src.inference - ERROR - inference.py:202 - Generation failed: ChatGLMTokenizer._pad() got an unexpected keyword argument 'padding_side'
2025-12-16 21:50:57,250 - src.inference - ERROR - inference.py:202 - Generation failed: ChatGLMTokenizer._pad() got an unexpected keyword argument 'padding_side'
2025-12-16 21:50:57,251 - src.inference - ERROR - inference.py:202 - Generation failed: ChatGLMTokenizer._pad() got an unexpected keyword argument 'padding_side'
2025-12-16 21:50:57,251 - src.inference - ERROR - inference.py:202 - Generation failed: ChatGLMTokenizer._pad() got an unexpected keyword argument 'padding_side'
2025-12-16 21:50:57,251 - src.inference - ERROR - inference.py:202 - Generation failed: ChatGLMTokenizer._pad() got an unexpected keyword argument 'padding_side'
2025-12-16 21:50:57,252 - src.inference - ERROR - inference.py:202 - Generation failed: ChatGLMTokenizer._pad() got an unexpected keyword argument 'padding_side'
2025-12-16 21:50:57,252 - src.inference - ERROR - inference.py:202 - Generation failed: ChatGLMTokenizer._pad() got an unexpected keyword argument 'padding_side'
2025-12-16 21:50:57,253 - src.inference - ERROR - inference.py:202 - Generation failed: ChatGLMTokenizer._pad() got an unexpected keyword argument 'padding_side'
2025-12-16 21:50:57,253 - src.inference - ERROR - inference.py:202 - Generation failed: ChatGLMTokenizer._pad() got an unexpected keyword argument 'padding_side'
2025-12-16 21:50:57,253 - src.inference - ERROR - inference.py:202 - Generation failed: ChatGLMTokenizer._pad() got an unexpected keyword argument 'padding_side'
2025-12-16 21:50:57,254 - src.inference - ERROR - inference.py:202 - Generation failed: ChatGLMTokenizer._pad() got an unexpected keyword argument 'padding_side'
2025-12-16 21:50:57,254 - src.inference - ERROR - inference.py:202 - Generation failed: ChatGLMTokenizer._pad() got an unexpected keyword argument 'padding_side'
2025-12-16 21:50:57,254 - src.inference - ERROR - inference.py:202 - Generation failed: ChatGLMTokenizer._pad() got an unexpected keyword argument 'padding_side'
2025-12-16 21:50:57,255 - src.inference - ERROR - inference.py:202 - Generation failed: ChatGLMTokenizer._pad() got an unexpected keyword argument 'padding_side'
2025-12-16 21:50:57,255 - src.inference - ERROR - inference.py:202 - Generation failed: ChatGLMTokenizer._pad() got an unexpected keyword argument 'padding_side'
2025-12-16 21:50:57,256 - src.inference - ERROR - inference.py:202 - Generation failed: ChatGLMTokenizer._pad() got an unexpected keyword argument 'padding_side'
2025-12-16 21:50:57,256 - src.inference - ERROR - inference.py:202 - Generation failed: ChatGLMTokenizer._pad() got an unexpected keyword argument 'padding_side'
2025-12-16 21:50:57,256 - src.inference - ERROR - inference.py:202 - Generation failed: ChatGLMTokenizer._pad() got an unexpected keyword argument 'padding_side'
2025-12-16 21:50:57,257 - src.inference - ERROR - inference.py:202 - Generation failed: ChatGLMTokenizer._pad() got an unexpected keyword argument 'padding_side'
2025-12-16 21:50:57,257 - src.inference - ERROR - inference.py:202 - Generation failed: ChatGLMTokenizer._pad() got an unexpected keyword argument 'padding_side'
2025-12-16 21:50:57,257 - src.inference - ERROR - inference.py:202 - Generation failed: ChatGLMTokenizer._pad() got an unexpected keyword argument 'padding_side'
2025-12-16 21:50:57,258 - src.inference - ERROR - inference.py:202 - Generation failed: ChatGLMTokenizer._pad() got an unexpected keyword argument 'padding_side'
2025-12-16 21:50:57,258 - src.inference - ERROR - inference.py:202 - Generation failed: ChatGLMTokenizer._pad() got an unexpected keyword argument 'padding_side'
2025-12-16 21:50:57,259 - src.inference - ERROR - inference.py:202 - Generation failed: ChatGLMTokenizer._pad() got an unexpected keyword argument 'padding_side'
2025-12-16 21:50:57,259 - src.inference - ERROR - inference.py:202 - Generation failed: ChatGLMTokenizer._pad() got an unexpected keyword argument 'padding_side'
2025-12-16 21:50:57,259 - src.inference - ERROR - inference.py:202 - Generation failed: ChatGLMTokenizer._pad() got an unexpected keyword argument 'padding_side'
2025-12-16 21:50:57,260 - src.inference - ERROR - inference.py:202 - Generation failed: ChatGLMTokenizer._pad() got an unexpected keyword argument 'padding_side'
2025-12-16 21:50:57,260 - src.inference - ERROR - inference.py:202 - Generation failed: ChatGLMTokenizer._pad() got an unexpected keyword argument 'padding_side'
2025-12-16 21:50:57,260 - src.inference - ERROR - inference.py:202 - Generation failed: ChatGLMTokenizer._pad() got an unexpected keyword argument 'padding_side'
2025-12-16 21:50:57,261 - src.inference - ERROR - inference.py:202 - Generation failed: ChatGLMTokenizer._pad() got an unexpected keyword argument 'padding_side'
2025-12-16 21:50:57,261 - src.inference - ERROR - inference.py:202 - Generation failed: ChatGLMTokenizer._pad() got an unexpected keyword argument 'padding_side'
2025-12-16 21:50:57,262 - src.inference - ERROR - inference.py:202 - Generation failed: ChatGLMTokenizer._pad() got an unexpected keyword argument 'padding_side'
2025-12-16 21:50:57,262 - src.inference - ERROR - inference.py:202 - Generation failed: ChatGLMTokenizer._pad() got an unexpected keyword argument 'padding_side'
2025-12-16 21:50:57,262 - src.inference - ERROR - inference.py:202 - Generation failed: ChatGLMTokenizer._pad() got an unexpected keyword argument 'padding_side'
2025-12-16 21:50:57,263 - src.inference - ERROR - inference.py:202 - Generation failed: ChatGLMTokenizer._pad() got an unexpected keyword argument 'padding_side'
2025-12-16 21:50:57,263 - src.inference - ERROR - inference.py:202 - Generation failed: ChatGLMTokenizer._pad() got an unexpected keyword argument 'padding_side'
2025-12-16 21:50:57,263 - src.inference - ERROR - inference.py:202 - Generation failed: ChatGLMTokenizer._pad() got an unexpected keyword argument 'padding_side'
2025-12-16 21:50:57,264 - src.inference - ERROR - inference.py:202 - Generation failed: ChatGLMTokenizer._pad() got an unexpected keyword argument 'padding_side'
2025-12-16 21:50:57,264 - src.inference - ERROR - inference.py:202 - Generation failed: ChatGLMTokenizer._pad() got an unexpected keyword argument 'padding_side'
2025-12-16 21:50:57,265 - src.inference - ERROR - inference.py:202 - Generation failed: ChatGLMTokenizer._pad() got an unexpected keyword argument 'padding_side'
2025-12-16 21:50:57,265 - src.inference - ERROR - inference.py:202 - Generation failed: ChatGLMTokenizer._pad() got an unexpected keyword argument 'padding_side'
2025-12-16 21:50:57,265 - src.inference - ERROR - inference.py:202 - Generation failed: ChatGLMTokenizer._pad() got an unexpected keyword argument 'padding_side'
2025-12-16 21:50:57,266 - src.inference - ERROR - inference.py:202 - Generation failed: ChatGLMTokenizer._pad() got an unexpected keyword argument 'padding_side'
2025-12-16 21:50:57,266 - src.inference - ERROR - inference.py:202 - Generation failed: ChatGLMTokenizer._pad() got an unexpected keyword argument 'padding_side'
2025-12-16 21:50:57,266 - src.inference - ERROR - inference.py:202 - Generation failed: ChatGLMTokenizer._pad() got an unexpected keyword argument 'padding_side'
2025-12-16 21:50:57,267 - src.inference - ERROR - inference.py:202 - Generation failed: ChatGLMTokenizer._pad() got an unexpected keyword argument 'padding_side'
2025-12-16 21:50:57,267 - src.inference - ERROR - inference.py:202 - Generation failed: ChatGLMTokenizer._pad() got an unexpected keyword argument 'padding_side'
2025-12-16 21:50:57,268 - src.inference - ERROR - inference.py:202 - Generation failed: ChatGLMTokenizer._pad() got an unexpected keyword argument 'padding_side'
2025-12-16 21:50:57,268 - src.inference - ERROR - inference.py:202 - Generation failed: ChatGLMTokenizer._pad() got an unexpected keyword argument 'padding_side'
2025-12-16 21:50:57,268 - src.inference - ERROR - inference.py:202 - Generation failed: ChatGLMTokenizer._pad() got an unexpected keyword argument 'padding_side'
2025-12-16 21:50:57,269 - src.inference - ERROR - inference.py:202 - Generation failed: ChatGLMTokenizer._pad() got an unexpected keyword argument 'padding_side'
2025-12-16 21:50:57,269 - src.inference - ERROR - inference.py:202 - Generation failed: ChatGLMTokenizer._pad() got an unexpected keyword argument 'padding_side'
2025-12-16 21:50:57,269 - src.inference - ERROR - inference.py:202 - Generation failed: ChatGLMTokenizer._pad() got an unexpected keyword argument 'padding_side'
2025-12-16 21:50:57,270 - src.inference - ERROR - inference.py:202 - Generation failed: ChatGLMTokenizer._pad() got an unexpected keyword argument 'padding_side'
2025-12-16 21:50:57,270 - src.inference - ERROR - inference.py:202 - Generation failed: ChatGLMTokenizer._pad() got an unexpected keyword argument 'padding_side'
2025-12-16 21:50:57,271 - src.inference - ERROR - inference.py:202 - Generation failed: ChatGLMTokenizer._pad() got an unexpected keyword argument 'padding_side'
2025-12-16 21:50:57,271 - src.inference - ERROR - inference.py:202 - Generation failed: ChatGLMTokenizer._pad() got an unexpected keyword argument 'padding_side'
2025-12-16 21:50:57,271 - src.inference - ERROR - inference.py:202 - Generation failed: ChatGLMTokenizer._pad() got an unexpected keyword argument 'padding_side'
2025-12-16 21:50:57,272 - src.inference - ERROR - inference.py:202 - Generation failed: ChatGLMTokenizer._pad() got an unexpected keyword argument 'padding_side'
2025-12-16 21:50:57,272 - src.inference - ERROR - inference.py:202 - Generation failed: ChatGLMTokenizer._pad() got an unexpected keyword argument 'padding_side'
2025-12-16 21:50:57,272 - src.inference - ERROR - inference.py:202 - Generation failed: ChatGLMTokenizer._pad() got an unexpected keyword argument 'padding_side'
2025-12-16 21:50:57,273 - src.inference - ERROR - inference.py:202 - Generation failed: ChatGLMTokenizer._pad() got an unexpected keyword argument 'padding_side'
2025-12-16 21:50:57,273 - src.inference - ERROR - inference.py:202 - Generation failed: ChatGLMTokenizer._pad() got an unexpected keyword argument 'padding_side'
2025-12-16 21:50:57,274 - src.inference - ERROR - inference.py:202 - Generation failed: ChatGLMTokenizer._pad() got an unexpected keyword argument 'padding_side'
2025-12-16 21:50:57,274 - src.inference - ERROR - inference.py:202 - Generation failed: ChatGLMTokenizer._pad() got an unexpected keyword argument 'padding_side'
2025-12-16 21:50:57,274 - src.inference - ERROR - inference.py:202 - Generation failed: ChatGLMTokenizer._pad() got an unexpected keyword argument 'padding_side'
2025-12-16 21:50:57,275 - src.inference - ERROR - inference.py:202 - Generation failed: ChatGLMTokenizer._pad() got an unexpected keyword argument 'padding_side'
2025-12-16 21:50:57,275 - src.inference - ERROR - inference.py:202 - Generation failed: ChatGLMTokenizer._pad() got an unexpected keyword argument 'padding_side'
2025-12-16 21:50:57,275 - src.inference - ERROR - inference.py:202 - Generation failed: ChatGLMTokenizer._pad() got an unexpected keyword argument 'padding_side'
2025-12-16 21:50:57,276 - src.inference - ERROR - inference.py:202 - Generation failed: ChatGLMTokenizer._pad() got an unexpected keyword argument 'padding_side'
2025-12-16 21:50:57,276 - src.inference - ERROR - inference.py:202 - Generation failed: ChatGLMTokenizer._pad() got an unexpected keyword argument 'padding_side'
2025-12-16 21:50:57,277 - src.inference - ERROR - inference.py:202 - Generation failed: ChatGLMTokenizer._pad() got an unexpected keyword argument 'padding_side'
2025-12-16 21:50:57,277 - src.inference - ERROR - inference.py:202 - Generation failed: ChatGLMTokenizer._pad() got an unexpected keyword argument 'padding_side'
2025-12-16 21:50:57,277 - src.inference - ERROR - inference.py:202 - Generation failed: ChatGLMTokenizer._pad() got an unexpected keyword argument 'padding_side'
2025-12-16 21:50:57,278 - src.inference - ERROR - inference.py:202 - Generation failed: ChatGLMTokenizer._pad() got an unexpected keyword argument 'padding_side'
2025-12-16 21:50:57,278 - src.inference - ERROR - inference.py:202 - Generation failed: ChatGLMTokenizer._pad() got an unexpected keyword argument 'padding_side'
2025-12-16 21:50:57,278 - src.inference - ERROR - inference.py:202 - Generation failed: ChatGLMTokenizer._pad() got an unexpected keyword argument 'padding_side'
2025-12-16 21:50:57,279 - src.inference - ERROR - inference.py:202 - Generation failed: ChatGLMTokenizer._pad() got an unexpected keyword argument 'padding_side'
2025-12-16 21:50:57,279 - src.inference - ERROR - inference.py:202 - Generation failed: ChatGLMTokenizer._pad() got an unexpected keyword argument 'padding_side'
2025-12-16 21:50:57,279 - src.inference - ERROR - inference.py:202 - Generation failed: ChatGLMTokenizer._pad() got an unexpected keyword argument 'padding_side'
2025-12-16 21:50:57,280 - src.inference - ERROR - inference.py:202 - Generation failed: ChatGLMTokenizer._pad() got an unexpected keyword argument 'padding_side'
2025-12-16 21:50:57,280 - src.inference - ERROR - inference.py:202 - Generation failed: ChatGLMTokenizer._pad() got an unexpected keyword argument 'padding_side'
2025-12-16 21:50:57,281 - src.inference - ERROR - inference.py:202 - Generation failed: ChatGLMTokenizer._pad() got an unexpected keyword argument 'padding_side'
2025-12-16 21:50:57,281 - src.inference - ERROR - inference.py:202 - Generation failed: ChatGLMTokenizer._pad() got an unexpected keyword argument 'padding_side'
2025-12-16 21:50:57,281 - src.inference - ERROR - inference.py:202 - Generation failed: ChatGLMTokenizer._pad() got an unexpected keyword argument 'padding_side'
2025-12-16 21:50:57,282 - src.inference - ERROR - inference.py:202 - Generation failed: ChatGLMTokenizer._pad() got an unexpected keyword argument 'padding_side'
2025-12-16 21:50:57,282 - src.inference - ERROR - inference.py:202 - Generation failed: ChatGLMTokenizer._pad() got an unexpected keyword argument 'padding_side'
2025-12-16 21:50:57,283 - src.inference - ERROR - inference.py:202 - Generation failed: ChatGLMTokenizer._pad() got an unexpected keyword argument 'padding_side'
2025-12-16 21:50:57,283 - src.inference - ERROR - inference.py:202 - Generation failed: ChatGLMTokenizer._pad() got an unexpected keyword argument 'padding_side'
2025-12-16 21:50:57,283 - src.inference - ERROR - inference.py:202 - Generation failed: ChatGLMTokenizer._pad() got an unexpected keyword argument 'padding_side'
2025-12-16 21:50:57,284 - src.inference - ERROR - inference.py:202 - Generation failed: ChatGLMTokenizer._pad() got an unexpected keyword argument 'padding_side'
2025-12-16 21:50:57,284 - src.inference - ERROR - inference.py:202 - Generation failed: ChatGLMTokenizer._pad() got an unexpected keyword argument 'padding_side'
2025-12-16 21:50:57,284 - src.inference - ERROR - inference.py:202 - Generation failed: ChatGLMTokenizer._pad() got an unexpected keyword argument 'padding_side'
2025-12-16 21:50:57,285 - src.inference - ERROR - inference.py:202 - Generation failed: ChatGLMTokenizer._pad() got an unexpected keyword argument 'padding_side'
2025-12-16 21:50:57,285 - src.inference - ERROR - inference.py:202 - Generation failed: ChatGLMTokenizer._pad() got an unexpected keyword argument 'padding_side'
2025-12-16 21:50:57,286 - src.inference - ERROR - inference.py:202 - Generation failed: ChatGLMTokenizer._pad() got an unexpected keyword argument 'padding_side'
2025-12-16 21:50:57,286 - src.inference - ERROR - inference.py:202 - Generation failed: ChatGLMTokenizer._pad() got an unexpected keyword argument 'padding_side'
2025-12-16 21:50:57,286 - src.inference - ERROR - inference.py:202 - Generation failed: ChatGLMTokenizer._pad() got an unexpected keyword argument 'padding_side'
2025-12-16 21:50:57,287 - src.inference - ERROR - inference.py:202 - Generation failed: ChatGLMTokenizer._pad() got an unexpected keyword argument 'padding_side'
2025-12-16 21:50:57,287 - src.inference - ERROR - inference.py:202 - Generation failed: ChatGLMTokenizer._pad() got an unexpected keyword argument 'padding_side'
2025-12-16 21:50:57,287 - src.inference - ERROR - inference.py:202 - Generation failed: ChatGLMTokenizer._pad() got an unexpected keyword argument 'padding_side'
2025-12-16 21:50:57,288 - src.inference - ERROR - inference.py:202 - Generation failed: ChatGLMTokenizer._pad() got an unexpected keyword argument 'padding_side'
2025-12-16 21:50:57,288 - src.inference - ERROR - inference.py:202 - Generation failed: ChatGLMTokenizer._pad() got an unexpected keyword argument 'padding_side'
2025-12-16 21:50:57,288 - src.inference - ERROR - inference.py:202 - Generation failed: ChatGLMTokenizer._pad() got an unexpected keyword argument 'padding_side'
2025-12-16 21:50:57,289 - src.inference - ERROR - inference.py:202 - Generation failed: ChatGLMTokenizer._pad() got an unexpected keyword argument 'padding_side'
2025-12-16 21:50:57,289 - src.inference - ERROR - inference.py:202 - Generation failed: ChatGLMTokenizer._pad() got an unexpected keyword argument 'padding_side'
2025-12-16 21:50:57,290 - src.inference - ERROR - inference.py:202 - Generation failed: ChatGLMTokenizer._pad() got an unexpected keyword argument 'padding_side'
2025-12-16 21:50:57,290 - src.inference - ERROR - inference.py:202 - Generation failed: ChatGLMTokenizer._pad() got an unexpected keyword argument 'padding_side'
2025-12-16 21:50:57,290 - src.inference - ERROR - inference.py:202 - Generation failed: ChatGLMTokenizer._pad() got an unexpected keyword argument 'padding_side'
2025-12-16 21:50:57,291 - src.inference - ERROR - inference.py:202 - Generation failed: ChatGLMTokenizer._pad() got an unexpected keyword argument 'padding_side'
2025-12-16 21:50:57,291 - src.inference - ERROR - inference.py:202 - Generation failed: ChatGLMTokenizer._pad() got an unexpected keyword argument 'padding_side'
2025-12-16 21:50:57,291 - src.inference - ERROR - inference.py:202 - Generation failed: ChatGLMTokenizer._pad() got an unexpected keyword argument 'padding_side'
2025-12-16 21:50:57,292 - src.inference - ERROR - inference.py:202 - Generation failed: ChatGLMTokenizer._pad() got an unexpected keyword argument 'padding_side'
2025-12-16 21:50:57,292 - src.inference - ERROR - inference.py:202 - Generation failed: ChatGLMTokenizer._pad() got an unexpected keyword argument 'padding_side'
2025-12-16 21:50:57,293 - src.inference - ERROR - inference.py:202 - Generation failed: ChatGLMTokenizer._pad() got an unexpected keyword argument 'padding_side'
2025-12-16 21:50:57,293 - src.inference - ERROR - inference.py:202 - Generation failed: ChatGLMTokenizer._pad() got an unexpected keyword argument 'padding_side'
2025-12-16 21:50:57,293 - src.inference - ERROR - inference.py:202 - Generation failed: ChatGLMTokenizer._pad() got an unexpected keyword argument 'padding_side'
2025-12-16 21:50:57,294 - src.inference - ERROR - inference.py:202 - Generation failed: ChatGLMTokenizer._pad() got an unexpected keyword argument 'padding_side'
2025-12-16 21:50:57,294 - src.inference - ERROR - inference.py:202 - Generation failed: ChatGLMTokenizer._pad() got an unexpected keyword argument 'padding_side'
2025-12-16 21:50:57,294 - src.inference - ERROR - inference.py:202 - Generation failed: ChatGLMTokenizer._pad() got an unexpected keyword argument 'padding_side'
2025-12-16 21:50:57,295 - src.inference - ERROR - inference.py:202 - Generation failed: ChatGLMTokenizer._pad() got an unexpected keyword argument 'padding_side'
2025-12-16 21:50:57,295 - src.inference - ERROR - inference.py:202 - Generation failed: ChatGLMTokenizer._pad() got an unexpected keyword argument 'padding_side'
2025-12-16 21:50:57,296 - src.inference - ERROR - inference.py:202 - Generation failed: ChatGLMTokenizer._pad() got an unexpected keyword argument 'padding_side'
2025-12-16 21:50:57,296 - src.inference - ERROR - inference.py:202 - Generation failed: ChatGLMTokenizer._pad() got an unexpected keyword argument 'padding_side'
2025-12-16 21:50:57,296 - src.inference - ERROR - inference.py:202 - Generation failed: ChatGLMTokenizer._pad() got an unexpected keyword argument 'padding_side'
2025-12-16 21:50:57,297 - src.inference - ERROR - inference.py:202 - Generation failed: ChatGLMTokenizer._pad() got an unexpected keyword argument 'padding_side'
2025-12-16 21:50:57,297 - src.inference - ERROR - inference.py:202 - Generation failed: ChatGLMTokenizer._pad() got an unexpected keyword argument 'padding_side'
2025-12-16 21:50:57,297 - src.inference - ERROR - inference.py:202 - Generation failed: ChatGLMTokenizer._pad() got an unexpected keyword argument 'padding_side'
2025-12-16 21:50:57,298 - src.inference - ERROR - inference.py:202 - Generation failed: ChatGLMTokenizer._pad() got an unexpected keyword argument 'padding_side'
2025-12-16 21:50:57,298 - src.inference - ERROR - inference.py:202 - Generation failed: ChatGLMTokenizer._pad() got an unexpected keyword argument 'padding_side'
2025-12-16 21:50:57,298 - src.inference - ERROR - inference.py:202 - Generation failed: ChatGLMTokenizer._pad() got an unexpected keyword argument 'padding_side'
2025-12-16 21:50:57,299 - src.inference - ERROR - inference.py:202 - Generation failed: ChatGLMTokenizer._pad() got an unexpected keyword argument 'padding_side'
2025-12-16 21:50:57,299 - src.inference - ERROR - inference.py:202 - Generation failed: ChatGLMTokenizer._pad() got an unexpected keyword argument 'padding_side'
2025-12-16 21:50:57,300 - src.inference - ERROR - inference.py:202 - Generation failed: ChatGLMTokenizer._pad() got an unexpected keyword argument 'padding_side'
2025-12-16 21:50:57,300 - src.inference - ERROR - inference.py:202 - Generation failed: ChatGLMTokenizer._pad() got an unexpected keyword argument 'padding_side'
2025-12-16 21:50:57,300 - src.inference - ERROR - inference.py:202 - Generation failed: ChatGLMTokenizer._pad() got an unexpected keyword argument 'padding_side'
2025-12-16 21:50:57,301 - src.inference - ERROR - inference.py:202 - Generation failed: ChatGLMTokenizer._pad() got an unexpected keyword argument 'padding_side'
2025-12-16 21:50:57,301 - src.inference - ERROR - inference.py:202 - Generation failed: ChatGLMTokenizer._pad() got an unexpected keyword argument 'padding_side'
2025-12-16 21:50:57,302 - src.inference - ERROR - inference.py:202 - Generation failed: ChatGLMTokenizer._pad() got an unexpected keyword argument 'padding_side'
2025-12-16 21:50:57,302 - src.inference - ERROR - inference.py:202 - Generation failed: ChatGLMTokenizer._pad() got an unexpected keyword argument 'padding_side'
2025-12-16 21:50:57,302 - src.inference - ERROR - inference.py:202 - Generation failed: ChatGLMTokenizer._pad() got an unexpected keyword argument 'padding_side'
2025-12-16 21:50:57,303 - src.inference - ERROR - inference.py:202 - Generation failed: ChatGLMTokenizer._pad() got an unexpected keyword argument 'padding_side'
2025-12-16 21:50:57,303 - src.inference - ERROR - inference.py:202 - Generation failed: ChatGLMTokenizer._pad() got an unexpected keyword argument 'padding_side'
2025-12-16 21:50:57,303 - src.inference - ERROR - inference.py:202 - Generation failed: ChatGLMTokenizer._pad() got an unexpected keyword argument 'padding_side'
2025-12-16 21:50:57,304 - src.inference - ERROR - inference.py:202 - Generation failed: ChatGLMTokenizer._pad() got an unexpected keyword argument 'padding_side'
2025-12-16 21:50:57,304 - src.inference - ERROR - inference.py:202 - Generation failed: ChatGLMTokenizer._pad() got an unexpected keyword argument 'padding_side'
2025-12-16 21:50:57,305 - src.inference - ERROR - inference.py:202 - Generation failed: ChatGLMTokenizer._pad() got an unexpected keyword argument 'padding_side'
2025-12-16 21:50:57,305 - src.inference - ERROR - inference.py:202 - Generation failed: ChatGLMTokenizer._pad() got an unexpected keyword argument 'padding_side'
2025-12-16 21:50:57,306 - src.inference - ERROR - inference.py:202 - Generation failed: ChatGLMTokenizer._pad() got an unexpected keyword argument 'padding_side'
2025-12-16 21:50:57,306 - src.inference - ERROR - inference.py:202 - Generation failed: ChatGLMTokenizer._pad() got an unexpected keyword argument 'padding_side'
2025-12-16 21:50:57,307 - src.inference - ERROR - inference.py:202 - Generation failed: ChatGLMTokenizer._pad() got an unexpected keyword argument 'padding_side'
2025-12-16 21:50:57,308 - src.inference - ERROR - inference.py:202 - Generation failed: ChatGLMTokenizer._pad() got an unexpected keyword argument 'padding_side'
2025-12-16 21:50:57,308 - src.inference - ERROR - inference.py:202 - Generation failed: ChatGLMTokenizer._pad() got an unexpected keyword argument 'padding_side'
2025-12-16 21:50:57,309 - src.inference - ERROR - inference.py:202 - Generation failed: ChatGLMTokenizer._pad() got an unexpected keyword argument 'padding_side'
2025-12-16 21:50:57,310 - src.inference - ERROR - inference.py:202 - Generation failed: ChatGLMTokenizer._pad() got an unexpected keyword argument 'padding_side'
2025-12-16 21:50:57,311 - src.inference - ERROR - inference.py:202 - Generation failed: ChatGLMTokenizer._pad() got an unexpected keyword argument 'padding_side'
2025-12-16 21:50:57,311 - src.inference - ERROR - inference.py:202 - Generation failed: ChatGLMTokenizer._pad() got an unexpected keyword argument 'padding_side'
2025-12-16 21:50:57,312 - src.inference - ERROR - inference.py:202 - Generation failed: ChatGLMTokenizer._pad() got an unexpected keyword argument 'padding_side'
2025-12-16 21:50:57,313 - src.inference - ERROR - inference.py:202 - Generation failed: ChatGLMTokenizer._pad() got an unexpected keyword argument 'padding_side'
2025-12-16 21:50:57,313 - src.inference - ERROR - inference.py:202 - Generation failed: ChatGLMTokenizer._pad() got an unexpected keyword argument 'padding_side'
2025-12-16 21:50:57,314 - src.inference - ERROR - inference.py:202 - Generation failed: ChatGLMTokenizer._pad() got an unexpected keyword argument 'padding_side'
2025-12-16 21:50:57,315 - src.inference - ERROR - inference.py:202 - Generation failed: ChatGLMTokenizer._pad() got an unexpected keyword argument 'padding_side'
2025-12-16 21:50:57,315 - src.inference - ERROR - inference.py:202 - Generation failed: ChatGLMTokenizer._pad() got an unexpected keyword argument 'padding_side'
2025-12-16 21:50:57,316 - src.inference - ERROR - inference.py:202 - Generation failed: ChatGLMTokenizer._pad() got an unexpected keyword argument 'padding_side'
2025-12-16 21:50:57,317 - src.inference - ERROR - inference.py:202 - Generation failed: ChatGLMTokenizer._pad() got an unexpected keyword argument 'padding_side'
2025-12-16 21:50:57,317 - src.inference - ERROR - inference.py:202 - Generation failed: ChatGLMTokenizer._pad() got an unexpected keyword argument 'padding_side'
2025-12-16 21:50:57,318 - src.inference - ERROR - inference.py:202 - Generation failed: ChatGLMTokenizer._pad() got an unexpected keyword argument 'padding_side'
2025-12-16 21:50:57,319 - src.inference - ERROR - inference.py:202 - Generation failed: ChatGLMTokenizer._pad() got an unexpected keyword argument 'padding_side'
2025-12-16 21:50:57,319 - src.inference - ERROR - inference.py:202 - Generation failed: ChatGLMTokenizer._pad() got an unexpected keyword argument 'padding_side'
2025-12-16 21:50:57,320 - src.inference - ERROR - inference.py:202 - Generation failed: ChatGLMTokenizer._pad() got an unexpected keyword argument 'padding_side'
2025-12-16 21:50:57,320 - src.inference - ERROR - inference.py:202 - Generation failed: ChatGLMTokenizer._pad() got an unexpected keyword argument 'padding_side'
2025-12-16 21:50:57,321 - src.inference - ERROR - inference.py:202 - Generation failed: ChatGLMTokenizer._pad() got an unexpected keyword argument 'padding_side'
2025-12-16 21:50:57,322 - src.inference - ERROR - inference.py:202 - Generation failed: ChatGLMTokenizer._pad() got an unexpected keyword argument 'padding_side'
2025-12-16 21:50:57,322 - src.inference - ERROR - inference.py:202 - Generation failed: ChatGLMTokenizer._pad() got an unexpected keyword argument 'padding_side'
2025-12-16 21:50:57,323 - src.inference - ERROR - inference.py:202 - Generation failed: ChatGLMTokenizer._pad() got an unexpected keyword argument 'padding_side'
2025-12-16 21:50:57,324 - src.inference - ERROR - inference.py:202 - Generation failed: ChatGLMTokenizer._pad() got an unexpected keyword argument 'padding_side'
2025-12-16 21:50:57,324 - src.inference - ERROR - inference.py:202 - Generation failed: ChatGLMTokenizer._pad() got an unexpected keyword argument 'padding_side'
2025-12-16 21:50:57,325 - src.inference - ERROR - inference.py:202 - Generation failed: ChatGLMTokenizer._pad() got an unexpected keyword argument 'padding_side'
2025-12-16 21:50:57,326 - src.inference - ERROR - inference.py:202 - Generation failed: ChatGLMTokenizer._pad() got an unexpected keyword argument 'padding_side'
2025-12-16 21:50:57,326 - src.inference - ERROR - inference.py:202 - Generation failed: ChatGLMTokenizer._pad() got an unexpected keyword argument 'padding_side'
2025-12-16 21:50:57,327 - src.inference - ERROR - inference.py:202 - Generation failed: ChatGLMTokenizer._pad() got an unexpected keyword argument 'padding_side'
2025-12-16 21:50:57,328 - src.inference - ERROR - inference.py:202 - Generation failed: ChatGLMTokenizer._pad() got an unexpected keyword argument 'padding_side'
2025-12-16 21:50:57,328 - src.inference - ERROR - inference.py:202 - Generation failed: ChatGLMTokenizer._pad() got an unexpected keyword argument 'padding_side'
2025-12-16 21:50:57,329 - src.inference - ERROR - inference.py:202 - Generation failed: ChatGLMTokenizer._pad() got an unexpected keyword argument 'padding_side'
2025-12-16 21:50:57,330 - src.inference - ERROR - inference.py:202 - Generation failed: ChatGLMTokenizer._pad() got an unexpected keyword argument 'padding_side'
2025-12-16 21:50:57,330 - src.inference - ERROR - inference.py:202 - Generation failed: ChatGLMTokenizer._pad() got an unexpected keyword argument 'padding_side'
2025-12-16 21:50:57,331 - src.inference - ERROR - inference.py:202 - Generation failed: ChatGLMTokenizer._pad() got an unexpected keyword argument 'padding_side'
2025-12-16 21:50:57,332 - src.inference - ERROR - inference.py:202 - Generation failed: ChatGLMTokenizer._pad() got an unexpected keyword argument 'padding_side'
2025-12-16 21:50:57,332 - src.inference - ERROR - inference.py:202 - Generation failed: ChatGLMTokenizer._pad() got an unexpected keyword argument 'padding_side'
2025-12-16 21:50:57,333 - src.inference - ERROR - inference.py:202 - Generation failed: ChatGLMTokenizer._pad() got an unexpected keyword argument 'padding_side'
2025-12-16 21:50:57,334 - src.inference - ERROR - inference.py:202 - Generation failed: ChatGLMTokenizer._pad() got an unexpected keyword argument 'padding_side'
2025-12-16 21:50:57,334 - src.inference - ERROR - inference.py:202 - Generation failed: ChatGLMTokenizer._pad() got an unexpected keyword argument 'padding_side'
2025-12-16 21:50:57,335 - src.inference - ERROR - inference.py:202 - Generation failed: ChatGLMTokenizer._pad() got an unexpected keyword argument 'padding_side'
2025-12-16 21:50:57,335 - src.inference - ERROR - inference.py:202 - Generation failed: ChatGLMTokenizer._pad() got an unexpected keyword argument 'padding_side'
2025-12-16 21:50:57,336 - src.inference - ERROR - inference.py:202 - Generation failed: ChatGLMTokenizer._pad() got an unexpected keyword argument 'padding_side'
2025-12-16 21:50:57,337 - src.inference - ERROR - inference.py:202 - Generation failed: ChatGLMTokenizer._pad() got an unexpected keyword argument 'padding_side'
2025-12-16 21:50:57,337 - src.inference - ERROR - inference.py:202 - Generation failed: ChatGLMTokenizer._pad() got an unexpected keyword argument 'padding_side'
2025-12-16 21:50:57,338 - src.inference - ERROR - inference.py:202 - Generation failed: ChatGLMTokenizer._pad() got an unexpected keyword argument 'padding_side'
2025-12-16 21:50:57,338 - src.inference - ERROR - inference.py:202 - Generation failed: ChatGLMTokenizer._pad() got an unexpected keyword argument 'padding_side'
2025-12-16 21:50:57,339 - src.inference - ERROR - inference.py:202 - Generation failed: ChatGLMTokenizer._pad() got an unexpected keyword argument 'padding_side'
2025-12-16 21:50:57,339 - src.inference - ERROR - inference.py:202 - Generation failed: ChatGLMTokenizer._pad() got an unexpected keyword argument 'padding_side'
2025-12-16 21:50:57,340 - src.inference - ERROR - inference.py:202 - Generation failed: ChatGLMTokenizer._pad() got an unexpected keyword argument 'padding_side'
2025-12-16 21:50:57,341 - src.inference - ERROR - inference.py:202 - Generation failed: ChatGLMTokenizer._pad() got an unexpected keyword argument 'padding_side'
2025-12-16 21:50:57,341 - src.inference - ERROR - inference.py:202 - Generation failed: ChatGLMTokenizer._pad() got an unexpected keyword argument 'padding_side'
2025-12-16 21:50:57,342 - src.inference - ERROR - inference.py:202 - Generation failed: ChatGLMTokenizer._pad() got an unexpected keyword argument 'padding_side'
2025-12-16 21:50:57,342 - src.inference - ERROR - inference.py:202 - Generation failed: ChatGLMTokenizer._pad() got an unexpected keyword argument 'padding_side'
2025-12-16 21:50:57,343 - src.inference - ERROR - inference.py:202 - Generation failed: ChatGLMTokenizer._pad() got an unexpected keyword argument 'padding_side'
2025-12-16 21:50:57,344 - src.inference - ERROR - inference.py:202 - Generation failed: ChatGLMTokenizer._pad() got an unexpected keyword argument 'padding_side'
2025-12-16 21:50:57,344 - src.inference - ERROR - inference.py:202 - Generation failed: ChatGLMTokenizer._pad() got an unexpected keyword argument 'padding_side'
2025-12-16 21:50:57,345 - src.inference - ERROR - inference.py:202 - Generation failed: ChatGLMTokenizer._pad() got an unexpected keyword argument 'padding_side'
2025-12-16 21:50:57,345 - src.inference - ERROR - inference.py:202 - Generation failed: ChatGLMTokenizer._pad() got an unexpected keyword argument 'padding_side'
2025-12-16 21:50:57,346 - src.inference - ERROR - inference.py:202 - Generation failed: ChatGLMTokenizer._pad() got an unexpected keyword argument 'padding_side'
2025-12-16 21:50:57,346 - src.inference - ERROR - inference.py:202 - Generation failed: ChatGLMTokenizer._pad() got an unexpected keyword argument 'padding_side'
2025-12-16 21:50:57,347 - src.inference - ERROR - inference.py:202 - Generation failed: ChatGLMTokenizer._pad() got an unexpected keyword argument 'padding_side'
2025-12-16 21:50:57,348 - src.inference - ERROR - inference.py:202 - Generation failed: ChatGLMTokenizer._pad() got an unexpected keyword argument 'padding_side'
2025-12-16 21:50:57,348 - src.inference - ERROR - inference.py:202 - Generation failed: ChatGLMTokenizer._pad() got an unexpected keyword argument 'padding_side'
2025-12-16 21:50:57,349 - src.inference - ERROR - inference.py:202 - Generation failed: ChatGLMTokenizer._pad() got an unexpected keyword argument 'padding_side'
2025-12-16 21:50:57,349 - src.inference - ERROR - inference.py:202 - Generation failed: ChatGLMTokenizer._pad() got an unexpected keyword argument 'padding_side'
2025-12-16 21:50:57,350 - src.inference - ERROR - inference.py:202 - Generation failed: ChatGLMTokenizer._pad() got an unexpected keyword argument 'padding_side'
2025-12-16 21:50:57,350 - src.inference - ERROR - inference.py:202 - Generation failed: ChatGLMTokenizer._pad() got an unexpected keyword argument 'padding_side'
2025-12-16 21:50:57,350 - src.inference - ERROR - inference.py:202 - Generation failed: ChatGLMTokenizer._pad() got an unexpected keyword argument 'padding_side'
2025-12-16 21:50:57,351 - src.inference - ERROR - inference.py:202 - Generation failed: ChatGLMTokenizer._pad() got an unexpected keyword argument 'padding_side'
2025-12-16 21:50:57,351 - src.inference - ERROR - inference.py:202 - Generation failed: ChatGLMTokenizer._pad() got an unexpected keyword argument 'padding_side'
2025-12-16 21:50:57,352 - src.inference - ERROR - inference.py:202 - Generation failed: ChatGLMTokenizer._pad() got an unexpected keyword argument 'padding_side'
2025-12-16 21:50:57,352 - src.inference - ERROR - inference.py:202 - Generation failed: ChatGLMTokenizer._pad() got an unexpected keyword argument 'padding_side'
2025-12-16 21:50:57,352 - src.inference - ERROR - inference.py:202 - Generation failed: ChatGLMTokenizer._pad() got an unexpected keyword argument 'padding_side'
2025-12-16 21:50:57,353 - src.inference - ERROR - inference.py:202 - Generation failed: ChatGLMTokenizer._pad() got an unexpected keyword argument 'padding_side'
2025-12-16 21:50:57,353 - src.inference - ERROR - inference.py:202 - Generation failed: ChatGLMTokenizer._pad() got an unexpected keyword argument 'padding_side'
2025-12-16 21:50:57,353 - src.inference - ERROR - inference.py:202 - Generation failed: ChatGLMTokenizer._pad() got an unexpected keyword argument 'padding_side'
2025-12-16 21:50:57,354 - src.inference - ERROR - inference.py:202 - Generation failed: ChatGLMTokenizer._pad() got an unexpected keyword argument 'padding_side'
2025-12-16 21:50:57,354 - src.inference - ERROR - inference.py:202 - Generation failed: ChatGLMTokenizer._pad() got an unexpected keyword argument 'padding_side'
2025-12-16 21:50:57,355 - src.inference - ERROR - inference.py:202 - Generation failed: ChatGLMTokenizer._pad() got an unexpected keyword argument 'padding_side'
2025-12-16 21:50:57,355 - src.inference - ERROR - inference.py:202 - Generation failed: ChatGLMTokenizer._pad() got an unexpected keyword argument 'padding_side'
2025-12-16 21:50:57,355 - src.inference - ERROR - inference.py:202 - Generation failed: ChatGLMTokenizer._pad() got an unexpected keyword argument 'padding_side'
2025-12-16 21:50:57,356 - src.inference - ERROR - inference.py:202 - Generation failed: ChatGLMTokenizer._pad() got an unexpected keyword argument 'padding_side'
2025-12-16 21:50:57,356 - src.inference - ERROR - inference.py:202 - Generation failed: ChatGLMTokenizer._pad() got an unexpected keyword argument 'padding_side'
2025-12-16 21:50:57,356 - src.inference - ERROR - inference.py:202 - Generation failed: ChatGLMTokenizer._pad() got an unexpected keyword argument 'padding_side'
2025-12-16 21:50:57,357 - src.inference - ERROR - inference.py:202 - Generation failed: ChatGLMTokenizer._pad() got an unexpected keyword argument 'padding_side'
2025-12-16 21:50:57,357 - src.inference - ERROR - inference.py:202 - Generation failed: ChatGLMTokenizer._pad() got an unexpected keyword argument 'padding_side'
2025-12-16 21:50:57,358 - src.inference - ERROR - inference.py:202 - Generation failed: ChatGLMTokenizer._pad() got an unexpected keyword argument 'padding_side'
2025-12-16 21:50:57,358 - src.inference - ERROR - inference.py:202 - Generation failed: ChatGLMTokenizer._pad() got an unexpected keyword argument 'padding_side'
2025-12-16 21:50:57,358 - src.inference - ERROR - inference.py:202 - Generation failed: ChatGLMTokenizer._pad() got an unexpected keyword argument 'padding_side'
2025-12-16 21:50:57,359 - src.inference - ERROR - inference.py:202 - Generation failed: ChatGLMTokenizer._pad() got an unexpected keyword argument 'padding_side'
2025-12-16 21:50:57,359 - src.inference - ERROR - inference.py:202 - Generation failed: ChatGLMTokenizer._pad() got an unexpected keyword argument 'padding_side'
2025-12-16 21:50:57,360 - src.inference - ERROR - inference.py:202 - Generation failed: ChatGLMTokenizer._pad() got an unexpected keyword argument 'padding_side'
2025-12-16 21:50:57,360 - src.inference - ERROR - inference.py:202 - Generation failed: ChatGLMTokenizer._pad() got an unexpected keyword argument 'padding_side'
2025-12-16 21:50:57,360 - src.inference - ERROR - inference.py:202 - Generation failed: ChatGLMTokenizer._pad() got an unexpected keyword argument 'padding_side'
2025-12-16 21:50:57,361 - src.inference - ERROR - inference.py:202 - Generation failed: ChatGLMTokenizer._pad() got an unexpected keyword argument 'padding_side'
2025-12-16 21:50:57,361 - src.inference - ERROR - inference.py:202 - Generation failed: ChatGLMTokenizer._pad() got an unexpected keyword argument 'padding_side'
2025-12-16 21:50:57,361 - src.inference - ERROR - inference.py:202 - Generation failed: ChatGLMTokenizer._pad() got an unexpected keyword argument 'padding_side'
2025-12-16 21:50:57,362 - src.inference - ERROR - inference.py:202 - Generation failed: ChatGLMTokenizer._pad() got an unexpected keyword argument 'padding_side'
2025-12-16 21:50:57,362 - src.inference - ERROR - inference.py:202 - Generation failed: ChatGLMTokenizer._pad() got an unexpected keyword argument 'padding_side'
2025-12-16 21:50:57,362 - src.inference - ERROR - inference.py:202 - Generation failed: ChatGLMTokenizer._pad() got an unexpected keyword argument 'padding_side'
2025-12-16 21:50:57,363 - src.inference - ERROR - inference.py:202 - Generation failed: ChatGLMTokenizer._pad() got an unexpected keyword argument 'padding_side'
2025-12-16 21:50:57,363 - src.inference - ERROR - inference.py:202 - Generation failed: ChatGLMTokenizer._pad() got an unexpected keyword argument 'padding_side'
2025-12-16 21:50:57,364 - src.inference - ERROR - inference.py:202 - Generation failed: ChatGLMTokenizer._pad() got an unexpected keyword argument 'padding_side'
2025-12-16 21:50:57,364 - src.inference - ERROR - inference.py:202 - Generation failed: ChatGLMTokenizer._pad() got an unexpected keyword argument 'padding_side'
2025-12-16 21:50:57,364 - src.inference - ERROR - inference.py:202 - Generation failed: ChatGLMTokenizer._pad() got an unexpected keyword argument 'padding_side'
2025-12-16 21:50:57,365 - src.inference - ERROR - inference.py:202 - Generation failed: ChatGLMTokenizer._pad() got an unexpected keyword argument 'padding_side'
2025-12-16 21:50:57,365 - src.inference - ERROR - inference.py:202 - Generation failed: ChatGLMTokenizer._pad() got an unexpected keyword argument 'padding_side'
2025-12-16 21:50:57,365 - src.inference - ERROR - inference.py:202 - Generation failed: ChatGLMTokenizer._pad() got an unexpected keyword argument 'padding_side'
2025-12-16 21:50:57,366 - src.inference - ERROR - inference.py:202 - Generation failed: ChatGLMTokenizer._pad() got an unexpected keyword argument 'padding_side'
2025-12-16 21:50:57,366 - src.inference - ERROR - inference.py:202 - Generation failed: ChatGLMTokenizer._pad() got an unexpected keyword argument 'padding_side'
2025-12-16 21:50:57,367 - src.inference - ERROR - inference.py:202 - Generation failed: ChatGLMTokenizer._pad() got an unexpected keyword argument 'padding_side'
2025-12-16 21:50:57,367 - src.inference - ERROR - inference.py:202 - Generation failed: ChatGLMTokenizer._pad() got an unexpected keyword argument 'padding_side'
2025-12-16 21:50:57,367 - src.inference - ERROR - inference.py:202 - Generation failed: ChatGLMTokenizer._pad() got an unexpected keyword argument 'padding_side'
2025-12-16 21:50:57,368 - src.inference - ERROR - inference.py:202 - Generation failed: ChatGLMTokenizer._pad() got an unexpected keyword argument 'padding_side'
2025-12-16 21:50:57,368 - src.inference - ERROR - inference.py:202 - Generation failed: ChatGLMTokenizer._pad() got an unexpected keyword argument 'padding_side'
2025-12-16 21:50:57,368 - src.inference - ERROR - inference.py:202 - Generation failed: ChatGLMTokenizer._pad() got an unexpected keyword argument 'padding_side'
2025-12-16 21:50:57,369 - src.inference - ERROR - inference.py:202 - Generation failed: ChatGLMTokenizer._pad() got an unexpected keyword argument 'padding_side'
2025-12-16 21:50:57,369 - src.inference - ERROR - inference.py:202 - Generation failed: ChatGLMTokenizer._pad() got an unexpected keyword argument 'padding_side'
2025-12-16 21:50:57,370 - src.inference - ERROR - inference.py:202 - Generation failed: ChatGLMTokenizer._pad() got an unexpected keyword argument 'padding_side'
2025-12-16 21:50:57,370 - src.inference - ERROR - inference.py:202 - Generation failed: ChatGLMTokenizer._pad() got an unexpected keyword argument 'padding_side'
2025-12-16 21:50:57,370 - src.inference - ERROR - inference.py:202 - Generation failed: ChatGLMTokenizer._pad() got an unexpected keyword argument 'padding_side'
2025-12-16 21:50:57,371 - src.inference - ERROR - inference.py:202 - Generation failed: ChatGLMTokenizer._pad() got an unexpected keyword argument 'padding_side'
2025-12-16 21:50:57,371 - src.inference - ERROR - inference.py:202 - Generation failed: ChatGLMTokenizer._pad() got an unexpected keyword argument 'padding_side'
2025-12-16 21:50:57,371 - src.inference - ERROR - inference.py:202 - Generation failed: ChatGLMTokenizer._pad() got an unexpected keyword argument 'padding_side'
2025-12-16 21:50:57,372 - src.inference - ERROR - inference.py:202 - Generation failed: ChatGLMTokenizer._pad() got an unexpected keyword argument 'padding_side'
2025-12-16 21:50:57,372 - src.inference - ERROR - inference.py:202 - Generation failed: ChatGLMTokenizer._pad() got an unexpected keyword argument 'padding_side'
2025-12-16 21:50:57,373 - src.inference - ERROR - inference.py:202 - Generation failed: ChatGLMTokenizer._pad() got an unexpected keyword argument 'padding_side'
2025-12-16 21:50:57,373 - src.inference - ERROR - inference.py:202 - Generation failed: ChatGLMTokenizer._pad() got an unexpected keyword argument 'padding_side'
2025-12-16 21:50:57,373 - src.inference - ERROR - inference.py:202 - Generation failed: ChatGLMTokenizer._pad() got an unexpected keyword argument 'padding_side'
2025-12-16 21:50:57,374 - src.inference - ERROR - inference.py:202 - Generation failed: ChatGLMTokenizer._pad() got an unexpected keyword argument 'padding_side'
2025-12-16 21:50:57,374 - src.inference - ERROR - inference.py:202 - Generation failed: ChatGLMTokenizer._pad() got an unexpected keyword argument 'padding_side'
2025-12-16 21:50:57,374 - src.inference - ERROR - inference.py:202 - Generation failed: ChatGLMTokenizer._pad() got an unexpected keyword argument 'padding_side'
2025-12-16 21:50:57,375 - src.inference - ERROR - inference.py:202 - Generation failed: ChatGLMTokenizer._pad() got an unexpected keyword argument 'padding_side'
2025-12-16 21:50:57,375 - src.inference - ERROR - inference.py:202 - Generation failed: ChatGLMTokenizer._pad() got an unexpected keyword argument 'padding_side'
2025-12-16 21:50:57,376 - src.inference - ERROR - inference.py:202 - Generation failed: ChatGLMTokenizer._pad() got an unexpected keyword argument 'padding_side'
2025-12-16 21:50:57,376 - src.inference - ERROR - inference.py:202 - Generation failed: ChatGLMTokenizer._pad() got an unexpected keyword argument 'padding_side'
2025-12-16 21:50:57,376 - src.inference - ERROR - inference.py:202 - Generation failed: ChatGLMTokenizer._pad() got an unexpected keyword argument 'padding_side'
2025-12-16 21:50:57,377 - src.inference - ERROR - inference.py:202 - Generation failed: ChatGLMTokenizer._pad() got an unexpected keyword argument 'padding_side'
2025-12-16 21:50:57,377 - src.inference - ERROR - inference.py:202 - Generation failed: ChatGLMTokenizer._pad() got an unexpected keyword argument 'padding_side'
2025-12-16 21:50:57,377 - src.inference - ERROR - inference.py:202 - Generation failed: ChatGLMTokenizer._pad() got an unexpected keyword argument 'padding_side'
2025-12-16 21:50:57,378 - src.inference - ERROR - inference.py:202 - Generation failed: ChatGLMTokenizer._pad() got an unexpected keyword argument 'padding_side'
2025-12-16 21:50:57,378 - src.inference - ERROR - inference.py:202 - Generation failed: ChatGLMTokenizer._pad() got an unexpected keyword argument 'padding_side'
2025-12-16 21:50:57,378 - src.inference - ERROR - inference.py:202 - Generation failed: ChatGLMTokenizer._pad() got an unexpected keyword argument 'padding_side'
2025-12-16 21:50:57,379 - src.inference - ERROR - inference.py:202 - Generation failed: ChatGLMTokenizer._pad() got an unexpected keyword argument 'padding_side'
2025-12-16 21:50:57,379 - src.inference - ERROR - inference.py:202 - Generation failed: ChatGLMTokenizer._pad() got an unexpected keyword argument 'padding_side'
2025-12-16 21:50:57,380 - src.inference - ERROR - inference.py:202 - Generation failed: ChatGLMTokenizer._pad() got an unexpected keyword argument 'padding_side'
2025-12-16 21:50:57,380 - src.inference - ERROR - inference.py:202 - Generation failed: ChatGLMTokenizer._pad() got an unexpected keyword argument 'padding_side'
2025-12-16 21:50:57,380 - src.inference - ERROR - inference.py:202 - Generation failed: ChatGLMTokenizer._pad() got an unexpected keyword argument 'padding_side'
2025-12-16 21:50:57,381 - src.inference - ERROR - inference.py:202 - Generation failed: ChatGLMTokenizer._pad() got an unexpected keyword argument 'padding_side'
2025-12-16 21:50:57,381 - src.inference - ERROR - inference.py:202 - Generation failed: ChatGLMTokenizer._pad() got an unexpected keyword argument 'padding_side'
2025-12-16 21:50:57,381 - src.inference - ERROR - inference.py:202 - Generation failed: ChatGLMTokenizer._pad() got an unexpected keyword argument 'padding_side'
2025-12-16 21:50:57,382 - src.inference - ERROR - inference.py:202 - Generation failed: ChatGLMTokenizer._pad() got an unexpected keyword argument 'padding_side'
2025-12-16 21:50:57,382 - src.inference - ERROR - inference.py:202 - Generation failed: ChatGLMTokenizer._pad() got an unexpected keyword argument 'padding_side'
2025-12-16 21:50:57,383 - src.inference - ERROR - inference.py:202 - Generation failed: ChatGLMTokenizer._pad() got an unexpected keyword argument 'padding_side'
2025-12-16 21:50:57,383 - src.inference - ERROR - inference.py:202 - Generation failed: ChatGLMTokenizer._pad() got an unexpected keyword argument 'padding_side'
2025-12-16 21:50:57,383 - src.inference - ERROR - inference.py:202 - Generation failed: ChatGLMTokenizer._pad() got an unexpected keyword argument 'padding_side'
2025-12-16 21:50:57,384 - src.inference - ERROR - inference.py:202 - Generation failed: ChatGLMTokenizer._pad() got an unexpected keyword argument 'padding_side'
2025-12-16 21:50:57,384 - src.inference - ERROR - inference.py:202 - Generation failed: ChatGLMTokenizer._pad() got an unexpected keyword argument 'padding_side'
2025-12-16 21:50:57,385 - src.inference - ERROR - inference.py:202 - Generation failed: ChatGLMTokenizer._pad() got an unexpected keyword argument 'padding_side'
2025-12-16 21:50:57,385 - src.inference - ERROR - inference.py:202 - Generation failed: ChatGLMTokenizer._pad() got an unexpected keyword argument 'padding_side'
2025-12-16 21:50:57,385 - src.inference - ERROR - inference.py:202 - Generation failed: ChatGLMTokenizer._pad() got an unexpected keyword argument 'padding_side'
2025-12-16 21:50:57,386 - src.inference - ERROR - inference.py:202 - Generation failed: ChatGLMTokenizer._pad() got an unexpected keyword argument 'padding_side'
2025-12-16 21:50:57,386 - src.inference - ERROR - inference.py:202 - Generation failed: ChatGLMTokenizer._pad() got an unexpected keyword argument 'padding_side'
2025-12-16 21:50:57,386 - src.inference - ERROR - inference.py:202 - Generation failed: ChatGLMTokenizer._pad() got an unexpected keyword argument 'padding_side'
2025-12-16 21:50:57,387 - src.inference - ERROR - inference.py:202 - Generation failed: ChatGLMTokenizer._pad() got an unexpected keyword argument 'padding_side'
2025-12-16 21:50:57,387 - src.inference - ERROR - inference.py:202 - Generation failed: ChatGLMTokenizer._pad() got an unexpected keyword argument 'padding_side'
2025-12-16 21:50:57,387 - src.inference - ERROR - inference.py:202 - Generation failed: ChatGLMTokenizer._pad() got an unexpected keyword argument 'padding_side'
2025-12-16 21:50:57,388 - src.inference - ERROR - inference.py:202 - Generation failed: ChatGLMTokenizer._pad() got an unexpected keyword argument 'padding_side'
2025-12-16 21:50:57,388 - src.inference - ERROR - inference.py:202 - Generation failed: ChatGLMTokenizer._pad() got an unexpected keyword argument 'padding_side'
2025-12-16 21:50:57,389 - src.inference - ERROR - inference.py:202 - Generation failed: ChatGLMTokenizer._pad() got an unexpected keyword argument 'padding_side'
2025-12-16 21:50:57,389 - src.inference - ERROR - inference.py:202 - Generation failed: ChatGLMTokenizer._pad() got an unexpected keyword argument 'padding_side'
2025-12-16 21:50:57,389 - src.inference - ERROR - inference.py:202 - Generation failed: ChatGLMTokenizer._pad() got an unexpected keyword argument 'padding_side'
2025-12-16 21:50:57,390 - src.inference - ERROR - inference.py:202 - Generation failed: ChatGLMTokenizer._pad() got an unexpected keyword argument 'padding_side'
2025-12-16 21:50:57,390 - src.inference - ERROR - inference.py:202 - Generation failed: ChatGLMTokenizer._pad() got an unexpected keyword argument 'padding_side'
2025-12-16 21:50:57,390 - src.inference - ERROR - inference.py:202 - Generation failed: ChatGLMTokenizer._pad() got an unexpected keyword argument 'padding_side'
2025-12-16 21:50:57,391 - src.inference - ERROR - inference.py:202 - Generation failed: ChatGLMTokenizer._pad() got an unexpected keyword argument 'padding_side'
2025-12-16 21:50:57,392 - src.inference - ERROR - inference.py:202 - Generation failed: ChatGLMTokenizer._pad() got an unexpected keyword argument 'padding_side'
2025-12-16 21:50:57,392 - src.inference - ERROR - inference.py:202 - Generation failed: ChatGLMTokenizer._pad() got an unexpected keyword argument 'padding_side'
2025-12-16 21:50:57,392 - src.inference - ERROR - inference.py:202 - Generation failed: ChatGLMTokenizer._pad() got an unexpected keyword argument 'padding_side'
2025-12-16 21:50:57,393 - src.inference - ERROR - inference.py:202 - Generation failed: ChatGLMTokenizer._pad() got an unexpected keyword argument 'padding_side'
2025-12-16 21:50:57,393 - src.inference - ERROR - inference.py:202 - Generation failed: ChatGLMTokenizer._pad() got an unexpected keyword argument 'padding_side'
2025-12-16 21:50:57,394 - src.inference - ERROR - inference.py:202 - Generation failed: ChatGLMTokenizer._pad() got an unexpected keyword argument 'padding_side'
2025-12-16 21:50:57,394 - src.inference - ERROR - inference.py:202 - Generation failed: ChatGLMTokenizer._pad() got an unexpected keyword argument 'padding_side'
2025-12-16 21:50:57,394 - src.inference - ERROR - inference.py:202 - Generation failed: ChatGLMTokenizer._pad() got an unexpected keyword argument 'padding_side'
2025-12-16 21:50:57,395 - src.inference - ERROR - inference.py:202 - Generation failed: ChatGLMTokenizer._pad() got an unexpected keyword argument 'padding_side'
2025-12-16 21:50:57,395 - src.inference - ERROR - inference.py:202 - Generation failed: ChatGLMTokenizer._pad() got an unexpected keyword argument 'padding_side'
2025-12-16 21:50:57,395 - src.inference - ERROR - inference.py:202 - Generation failed: ChatGLMTokenizer._pad() got an unexpected keyword argument 'padding_side'
2025-12-16 21:50:57,396 - src.inference - ERROR - inference.py:202 - Generation failed: ChatGLMTokenizer._pad() got an unexpected keyword argument 'padding_side'
2025-12-16 21:50:57,396 - src.inference - ERROR - inference.py:202 - Generation failed: ChatGLMTokenizer._pad() got an unexpected keyword argument 'padding_side'
2025-12-16 21:50:57,396 - src.inference - ERROR - inference.py:202 - Generation failed: ChatGLMTokenizer._pad() got an unexpected keyword argument 'padding_side'
2025-12-16 21:50:57,397 - src.inference - ERROR - inference.py:202 - Generation failed: ChatGLMTokenizer._pad() got an unexpected keyword argument 'padding_side'
2025-12-16 21:50:57,397 - src.inference - ERROR - inference.py:202 - Generation failed: ChatGLMTokenizer._pad() got an unexpected keyword argument 'padding_side'
2025-12-16 21:50:57,397 - src.inference - ERROR - inference.py:202 - Generation failed: ChatGLMTokenizer._pad() got an unexpected keyword argument 'padding_side'
2025-12-16 21:50:57,398 - src.inference - ERROR - inference.py:202 - Generation failed: ChatGLMTokenizer._pad() got an unexpected keyword argument 'padding_side'
2025-12-16 21:50:57,398 - src.inference - ERROR - inference.py:202 - Generation failed: ChatGLMTokenizer._pad() got an unexpected keyword argument 'padding_side'
2025-12-16 21:50:57,399 - src.inference - ERROR - inference.py:202 - Generation failed: ChatGLMTokenizer._pad() got an unexpected keyword argument 'padding_side'
2025-12-16 21:50:57,399 - src.inference - ERROR - inference.py:202 - Generation failed: ChatGLMTokenizer._pad() got an unexpected keyword argument 'padding_side'
2025-12-16 21:50:57,399 - src.inference - ERROR - inference.py:202 - Generation failed: ChatGLMTokenizer._pad() got an unexpected keyword argument 'padding_side'
2025-12-16 21:50:57,400 - src.inference - ERROR - inference.py:202 - Generation failed: ChatGLMTokenizer._pad() got an unexpected keyword argument 'padding_side'
2025-12-16 21:50:57,400 - src.inference - ERROR - inference.py:202 - Generation failed: ChatGLMTokenizer._pad() got an unexpected keyword argument 'padding_side'
2025-12-16 21:50:57,400 - src.inference - ERROR - inference.py:202 - Generation failed: ChatGLMTokenizer._pad() got an unexpected keyword argument 'padding_side'
2025-12-16 21:50:57,401 - src.inference - ERROR - inference.py:202 - Generation failed: ChatGLMTokenizer._pad() got an unexpected keyword argument 'padding_side'
2025-12-16 21:50:57,401 - src.inference - ERROR - inference.py:202 - Generation failed: ChatGLMTokenizer._pad() got an unexpected keyword argument 'padding_side'
2025-12-16 21:50:57,401 - src.inference - ERROR - inference.py:202 - Generation failed: ChatGLMTokenizer._pad() got an unexpected keyword argument 'padding_side'
2025-12-16 21:50:57,402 - src.inference - ERROR - inference.py:202 - Generation failed: ChatGLMTokenizer._pad() got an unexpected keyword argument 'padding_side'
2025-12-16 21:50:57,402 - src.inference - ERROR - inference.py:202 - Generation failed: ChatGLMTokenizer._pad() got an unexpected keyword argument 'padding_side'
2025-12-16 21:50:57,402 - src.inference - ERROR - inference.py:202 - Generation failed: ChatGLMTokenizer._pad() got an unexpected keyword argument 'padding_side'
2025-12-16 21:50:57,403 - src.inference - ERROR - inference.py:202 - Generation failed: ChatGLMTokenizer._pad() got an unexpected keyword argument 'padding_side'
2025-12-16 21:50:57,403 - src.inference - ERROR - inference.py:202 - Generation failed: ChatGLMTokenizer._pad() got an unexpected keyword argument 'padding_side'
2025-12-16 21:50:57,403 - src.inference - ERROR - inference.py:202 - Generation failed: ChatGLMTokenizer._pad() got an unexpected keyword argument 'padding_side'
2025-12-16 21:50:57,404 - src.inference - ERROR - inference.py:202 - Generation failed: ChatGLMTokenizer._pad() got an unexpected keyword argument 'padding_side'
2025-12-16 21:50:57,404 - src.inference - ERROR - inference.py:202 - Generation failed: ChatGLMTokenizer._pad() got an unexpected keyword argument 'padding_side'
2025-12-16 21:50:57,404 - src.inference - ERROR - inference.py:202 - Generation failed: ChatGLMTokenizer._pad() got an unexpected keyword argument 'padding_side'
2025-12-16 21:50:57,405 - src.inference - ERROR - inference.py:202 - Generation failed: ChatGLMTokenizer._pad() got an unexpected keyword argument 'padding_side'
2025-12-16 21:50:57,405 - src.inference - ERROR - inference.py:202 - Generation failed: ChatGLMTokenizer._pad() got an unexpected keyword argument 'padding_side'
2025-12-16 21:50:57,405 - src.inference - ERROR - inference.py:202 - Generation failed: ChatGLMTokenizer._pad() got an unexpected keyword argument 'padding_side'
2025-12-16 21:50:57,406 - src.inference - ERROR - inference.py:202 - Generation failed: ChatGLMTokenizer._pad() got an unexpected keyword argument 'padding_side'
2025-12-16 21:50:57,406 - src.inference - ERROR - inference.py:202 - Generation failed: ChatGLMTokenizer._pad() got an unexpected keyword argument 'padding_side'
2025-12-16 21:50:57,406 - src.inference - ERROR - inference.py:202 - Generation failed: ChatGLMTokenizer._pad() got an unexpected keyword argument 'padding_side'
2025-12-16 21:50:57,407 - src.inference - ERROR - inference.py:202 - Generation failed: ChatGLMTokenizer._pad() got an unexpected keyword argument 'padding_side'
2025-12-16 21:50:57,407 - src.inference - ERROR - inference.py:202 - Generation failed: ChatGLMTokenizer._pad() got an unexpected keyword argument 'padding_side'
2025-12-16 21:50:57,408 - src.inference - ERROR - inference.py:202 - Generation failed: ChatGLMTokenizer._pad() got an unexpected keyword argument 'padding_side'
2025-12-16 21:50:57,408 - src.inference - ERROR - inference.py:202 - Generation failed: ChatGLMTokenizer._pad() got an unexpected keyword argument 'padding_side'
2025-12-16 21:50:57,408 - src.inference - ERROR - inference.py:202 - Generation failed: ChatGLMTokenizer._pad() got an unexpected keyword argument 'padding_side'
2025-12-16 21:50:57,409 - src.inference - ERROR - inference.py:202 - Generation failed: ChatGLMTokenizer._pad() got an unexpected keyword argument 'padding_side'
2025-12-16 21:50:57,409 - src.inference - ERROR - inference.py:202 - Generation failed: ChatGLMTokenizer._pad() got an unexpected keyword argument 'padding_side'
2025-12-16 21:50:57,409 - src.inference - ERROR - inference.py:202 - Generation failed: ChatGLMTokenizer._pad() got an unexpected keyword argument 'padding_side'
2025-12-16 21:50:57,409 - src.inference - ERROR - inference.py:202 - Generation failed: ChatGLMTokenizer._pad() got an unexpected keyword argument 'padding_side'
2025-12-16 21:50:57,410 - src.inference - ERROR - inference.py:202 - Generation failed: ChatGLMTokenizer._pad() got an unexpected keyword argument 'padding_side'
2025-12-16 21:50:57,410 - src.inference - ERROR - inference.py:202 - Generation failed: ChatGLMTokenizer._pad() got an unexpected keyword argument 'padding_side'
2025-12-16 21:50:57,411 - src.inference - ERROR - inference.py:202 - Generation failed: ChatGLMTokenizer._pad() got an unexpected keyword argument 'padding_side'
2025-12-16 21:50:57,411 - src.inference - ERROR - inference.py:202 - Generation failed: ChatGLMTokenizer._pad() got an unexpected keyword argument 'padding_side'
2025-12-16 21:50:57,411 - src.inference - ERROR - inference.py:202 - Generation failed: ChatGLMTokenizer._pad() got an unexpected keyword argument 'padding_side'
2025-12-16 21:50:57,412 - src.inference - ERROR - inference.py:202 - Generation failed: ChatGLMTokenizer._pad() got an unexpected keyword argument 'padding_side'
2025-12-16 21:50:57,412 - src.inference - ERROR - inference.py:202 - Generation failed: ChatGLMTokenizer._pad() got an unexpected keyword argument 'padding_side'
2025-12-16 21:50:57,412 - src.inference - ERROR - inference.py:202 - Generation failed: ChatGLMTokenizer._pad() got an unexpected keyword argument 'padding_side'
2025-12-16 21:50:57,413 - src.inference - ERROR - inference.py:202 - Generation failed: ChatGLMTokenizer._pad() got an unexpected keyword argument 'padding_side'
2025-12-16 21:50:57,413 - src.inference - ERROR - inference.py:202 - Generation failed: ChatGLMTokenizer._pad() got an unexpected keyword argument 'padding_side'
2025-12-16 21:50:57,413 - src.inference - ERROR - inference.py:202 - Generation failed: ChatGLMTokenizer._pad() got an unexpected keyword argument 'padding_side'
2025-12-16 21:50:57,414 - src.inference - ERROR - inference.py:202 - Generation failed: ChatGLMTokenizer._pad() got an unexpected keyword argument 'padding_side'
2025-12-16 21:50:57,414 - src.inference - ERROR - inference.py:202 - Generation failed: ChatGLMTokenizer._pad() got an unexpected keyword argument 'padding_side'
2025-12-16 21:50:57,414 - src.inference - ERROR - inference.py:202 - Generation failed: ChatGLMTokenizer._pad() got an unexpected keyword argument 'padding_side'
2025-12-16 21:50:57,415 - src.inference - ERROR - inference.py:202 - Generation failed: ChatGLMTokenizer._pad() got an unexpected keyword argument 'padding_side'
2025-12-16 21:50:57,415 - src.inference - ERROR - inference.py:202 - Generation failed: ChatGLMTokenizer._pad() got an unexpected keyword argument 'padding_side'
2025-12-16 21:50:57,415 - src.inference - ERROR - inference.py:202 - Generation failed: ChatGLMTokenizer._pad() got an unexpected keyword argument 'padding_side'
2025-12-16 21:50:57,416 - src.inference - ERROR - inference.py:202 - Generation failed: ChatGLMTokenizer._pad() got an unexpected keyword argument 'padding_side'
2025-12-16 21:50:57,416 - src.inference - ERROR - inference.py:202 - Generation failed: ChatGLMTokenizer._pad() got an unexpected keyword argument 'padding_side'
2025-12-16 21:50:57,416 - src.inference - ERROR - inference.py:202 - Generation failed: ChatGLMTokenizer._pad() got an unexpected keyword argument 'padding_side'
2025-12-16 21:50:57,417 - src.inference - ERROR - inference.py:202 - Generation failed: ChatGLMTokenizer._pad() got an unexpected keyword argument 'padding_side'
2025-12-16 21:50:57,417 - src.inference - ERROR - inference.py:202 - Generation failed: ChatGLMTokenizer._pad() got an unexpected keyword argument 'padding_side'
2025-12-16 21:50:57,417 - src.inference - ERROR - inference.py:202 - Generation failed: ChatGLMTokenizer._pad() got an unexpected keyword argument 'padding_side'
2025-12-16 21:50:57,418 - src.inference - ERROR - inference.py:202 - Generation failed: ChatGLMTokenizer._pad() got an unexpected keyword argument 'padding_side'
2025-12-16 21:50:57,418 - src.inference - ERROR - inference.py:202 - Generation failed: ChatGLMTokenizer._pad() got an unexpected keyword argument 'padding_side'
2025-12-16 21:50:57,418 - src.inference - ERROR - inference.py:202 - Generation failed: ChatGLMTokenizer._pad() got an unexpected keyword argument 'padding_side'
2025-12-16 21:50:57,419 - src.inference - ERROR - inference.py:202 - Generation failed: ChatGLMTokenizer._pad() got an unexpected keyword argument 'padding_side'
2025-12-16 21:50:57,419 - src.inference - ERROR - inference.py:202 - Generation failed: ChatGLMTokenizer._pad() got an unexpected keyword argument 'padding_side'
2025-12-16 21:50:57,419 - src.inference - ERROR - inference.py:202 - Generation failed: ChatGLMTokenizer._pad() got an unexpected keyword argument 'padding_side'
2025-12-16 21:50:57,420 - src.inference - ERROR - inference.py:202 - Generation failed: ChatGLMTokenizer._pad() got an unexpected keyword argument 'padding_side'
2025-12-16 21:50:57,420 - src.inference - ERROR - inference.py:202 - Generation failed: ChatGLMTokenizer._pad() got an unexpected keyword argument 'padding_side'
2025-12-16 21:50:57,420 - src.inference - ERROR - inference.py:202 - Generation failed: ChatGLMTokenizer._pad() got an unexpected keyword argument 'padding_side'
2025-12-16 21:50:57,421 - src.inference - ERROR - inference.py:202 - Generation failed: ChatGLMTokenizer._pad() got an unexpected keyword argument 'padding_side'
2025-12-16 21:50:57,421 - src.inference - ERROR - inference.py:202 - Generation failed: ChatGLMTokenizer._pad() got an unexpected keyword argument 'padding_side'
2025-12-16 21:50:57,421 - src.inference - ERROR - inference.py:202 - Generation failed: ChatGLMTokenizer._pad() got an unexpected keyword argument 'padding_side'
2025-12-16 21:50:57,422 - src.inference - ERROR - inference.py:202 - Generation failed: ChatGLMTokenizer._pad() got an unexpected keyword argument 'padding_side'
2025-12-16 21:50:57,422 - src.inference - ERROR - inference.py:202 - Generation failed: ChatGLMTokenizer._pad() got an unexpected keyword argument 'padding_side'
2025-12-16 21:50:57,422 - src.inference - ERROR - inference.py:202 - Generation failed: ChatGLMTokenizer._pad() got an unexpected keyword argument 'padding_side'
2025-12-16 21:50:57,423 - src.inference - ERROR - inference.py:202 - Generation failed: ChatGLMTokenizer._pad() got an unexpected keyword argument 'padding_side'
2025-12-16 21:50:57,423 - src.inference - ERROR - inference.py:202 - Generation failed: ChatGLMTokenizer._pad() got an unexpected keyword argument 'padding_side'
2025-12-16 21:50:57,424 - src.inference - ERROR - inference.py:202 - Generation failed: ChatGLMTokenizer._pad() got an unexpected keyword argument 'padding_side'
2025-12-16 21:50:57,424 - src.inference - ERROR - inference.py:202 - Generation failed: ChatGLMTokenizer._pad() got an unexpected keyword argument 'padding_side'
2025-12-16 21:50:57,424 - src.inference - ERROR - inference.py:202 - Generation failed: ChatGLMTokenizer._pad() got an unexpected keyword argument 'padding_side'
2025-12-16 21:50:57,425 - src.inference - ERROR - inference.py:202 - Generation failed: ChatGLMTokenizer._pad() got an unexpected keyword argument 'padding_side'
2025-12-16 21:50:57,425 - src.inference - ERROR - inference.py:202 - Generation failed: ChatGLMTokenizer._pad() got an unexpected keyword argument 'padding_side'
2025-12-16 21:50:57,425 - src.inference - ERROR - inference.py:202 - Generation failed: ChatGLMTokenizer._pad() got an unexpected keyword argument 'padding_side'
2025-12-16 21:50:57,426 - src.inference - ERROR - inference.py:202 - Generation failed: ChatGLMTokenizer._pad() got an unexpected keyword argument 'padding_side'
2025-12-16 21:50:57,426 - src.inference - ERROR - inference.py:202 - Generation failed: ChatGLMTokenizer._pad() got an unexpected keyword argument 'padding_side'
2025-12-16 21:50:57,426 - src.inference - ERROR - inference.py:202 - Generation failed: ChatGLMTokenizer._pad() got an unexpected keyword argument 'padding_side'
2025-12-16 21:50:57,427 - src.inference - ERROR - inference.py:202 - Generation failed: ChatGLMTokenizer._pad() got an unexpected keyword argument 'padding_side'
2025-12-16 21:50:57,427 - src.inference - ERROR - inference.py:202 - Generation failed: ChatGLMTokenizer._pad() got an unexpected keyword argument 'padding_side'
2025-12-16 21:50:57,427 - src.inference - ERROR - inference.py:202 - Generation failed: ChatGLMTokenizer._pad() got an unexpected keyword argument 'padding_side'
2025-12-16 21:50:57,428 - src.inference - ERROR - inference.py:202 - Generation failed: ChatGLMTokenizer._pad() got an unexpected keyword argument 'padding_side'
2025-12-16 21:50:57,428 - src.inference - ERROR - inference.py:202 - Generation failed: ChatGLMTokenizer._pad() got an unexpected keyword argument 'padding_side'
2025-12-16 21:50:57,428 - src.inference - ERROR - inference.py:202 - Generation failed: ChatGLMTokenizer._pad() got an unexpected keyword argument 'padding_side'
2025-12-16 21:50:57,429 - src.inference - ERROR - inference.py:202 - Generation failed: ChatGLMTokenizer._pad() got an unexpected keyword argument 'padding_side'
2025-12-16 21:50:57,429 - src.inference - ERROR - inference.py:202 - Generation failed: ChatGLMTokenizer._pad() got an unexpected keyword argument 'padding_side'
2025-12-16 21:50:57,429 - src.inference - ERROR - inference.py:202 - Generation failed: ChatGLMTokenizer._pad() got an unexpected keyword argument 'padding_side'
2025-12-16 21:50:57,430 - src.inference - ERROR - inference.py:202 - Generation failed: ChatGLMTokenizer._pad() got an unexpected keyword argument 'padding_side'
2025-12-16 21:50:57,430 - src.inference - ERROR - inference.py:202 - Generation failed: ChatGLMTokenizer._pad() got an unexpected keyword argument 'padding_side'
2025-12-16 21:50:57,430 - src.inference - ERROR - inference.py:202 - Generation failed: ChatGLMTokenizer._pad() got an unexpected keyword argument 'padding_side'
2025-12-16 21:50:57,431 - src.inference - ERROR - inference.py:202 - Generation failed: ChatGLMTokenizer._pad() got an unexpected keyword argument 'padding_side'
2025-12-16 21:50:57,431 - src.inference - ERROR - inference.py:202 - Generation failed: ChatGLMTokenizer._pad() got an unexpected keyword argument 'padding_side'
2025-12-16 21:50:57,431 - src.inference - ERROR - inference.py:202 - Generation failed: ChatGLMTokenizer._pad() got an unexpected keyword argument 'padding_side'
2025-12-16 21:50:57,432 - src.inference - ERROR - inference.py:202 - Generation failed: ChatGLMTokenizer._pad() got an unexpected keyword argument 'padding_side'
2025-12-16 21:50:57,432 - src.inference - ERROR - inference.py:202 - Generation failed: ChatGLMTokenizer._pad() got an unexpected keyword argument 'padding_side'
2025-12-16 21:50:57,432 - src.inference - ERROR - inference.py:202 - Generation failed: ChatGLMTokenizer._pad() got an unexpected keyword argument 'padding_side'
2025-12-16 21:50:57,433 - src.inference - ERROR - inference.py:202 - Generation failed: ChatGLMTokenizer._pad() got an unexpected keyword argument 'padding_side'
2025-12-16 21:50:57,433 - src.inference - ERROR - inference.py:202 - Generation failed: ChatGLMTokenizer._pad() got an unexpected keyword argument 'padding_side'
2025-12-16 21:50:57,434 - src.inference - ERROR - inference.py:202 - Generation failed: ChatGLMTokenizer._pad() got an unexpected keyword argument 'padding_side'
2025-12-16 21:50:57,434 - src.inference - ERROR - inference.py:202 - Generation failed: ChatGLMTokenizer._pad() got an unexpected keyword argument 'padding_side'
2025-12-16 21:50:57,434 - src.inference - ERROR - inference.py:202 - Generation failed: ChatGLMTokenizer._pad() got an unexpected keyword argument 'padding_side'
2025-12-16 21:50:57,435 - src.inference - ERROR - inference.py:202 - Generation failed: ChatGLMTokenizer._pad() got an unexpected keyword argument 'padding_side'
2025-12-16 21:50:57,435 - src.inference - ERROR - inference.py:202 - Generation failed: ChatGLMTokenizer._pad() got an unexpected keyword argument 'padding_side'
2025-12-16 21:50:57,435 - src.inference - ERROR - inference.py:202 - Generation failed: ChatGLMTokenizer._pad() got an unexpected keyword argument 'padding_side'
2025-12-16 21:50:57,436 - src.inference - ERROR - inference.py:202 - Generation failed: ChatGLMTokenizer._pad() got an unexpected keyword argument 'padding_side'
2025-12-16 21:50:57,436 - src.inference - ERROR - inference.py:202 - Generation failed: ChatGLMTokenizer._pad() got an unexpected keyword argument 'padding_side'
2025-12-16 21:50:57,436 - src.inference - ERROR - inference.py:202 - Generation failed: ChatGLMTokenizer._pad() got an unexpected keyword argument 'padding_side'
2025-12-16 21:50:57,437 - src.inference - ERROR - inference.py:202 - Generation failed: ChatGLMTokenizer._pad() got an unexpected keyword argument 'padding_side'
2025-12-16 21:50:57,437 - src.inference - ERROR - inference.py:202 - Generation failed: ChatGLMTokenizer._pad() got an unexpected keyword argument 'padding_side'
2025-12-16 21:50:57,437 - src.inference - ERROR - inference.py:202 - Generation failed: ChatGLMTokenizer._pad() got an unexpected keyword argument 'padding_side'
2025-12-16 21:50:57,438 - src.inference - ERROR - inference.py:202 - Generation failed: ChatGLMTokenizer._pad() got an unexpected keyword argument 'padding_side'
2025-12-16 21:50:57,438 - src.inference - ERROR - inference.py:202 - Generation failed: ChatGLMTokenizer._pad() got an unexpected keyword argument 'padding_side'
2025-12-16 21:50:57,438 - src.inference - ERROR - inference.py:202 - Generation failed: ChatGLMTokenizer._pad() got an unexpected keyword argument 'padding_side'
2025-12-16 21:50:57,439 - src.inference - ERROR - inference.py:202 - Generation failed: ChatGLMTokenizer._pad() got an unexpected keyword argument 'padding_side'
2025-12-16 21:50:57,439 - src.inference - ERROR - inference.py:202 - Generation failed: ChatGLMTokenizer._pad() got an unexpected keyword argument 'padding_side'
2025-12-16 21:50:57,439 - src.inference - ERROR - inference.py:202 - Generation failed: ChatGLMTokenizer._pad() got an unexpected keyword argument 'padding_side'
2025-12-16 21:50:57,440 - src.inference - ERROR - inference.py:202 - Generation failed: ChatGLMTokenizer._pad() got an unexpected keyword argument 'padding_side'
2025-12-16 21:50:57,440 - src.inference - ERROR - inference.py:202 - Generation failed: ChatGLMTokenizer._pad() got an unexpected keyword argument 'padding_side'
2025-12-16 21:50:57,440 - src.inference - ERROR - inference.py:202 - Generation failed: ChatGLMTokenizer._pad() got an unexpected keyword argument 'padding_side'
2025-12-16 21:50:57,441 - src.inference - ERROR - inference.py:202 - Generation failed: ChatGLMTokenizer._pad() got an unexpected keyword argument 'padding_side'
2025-12-16 21:50:57,441 - src.inference - ERROR - inference.py:202 - Generation failed: ChatGLMTokenizer._pad() got an unexpected keyword argument 'padding_side'
2025-12-16 21:50:57,441 - src.inference - ERROR - inference.py:202 - Generation failed: ChatGLMTokenizer._pad() got an unexpected keyword argument 'padding_side'
2025-12-16 21:50:57,442 - src.inference - ERROR - inference.py:202 - Generation failed: ChatGLMTokenizer._pad() got an unexpected keyword argument 'padding_side'
2025-12-16 21:50:57,442 - src.inference - ERROR - inference.py:202 - Generation failed: ChatGLMTokenizer._pad() got an unexpected keyword argument 'padding_side'
2025-12-16 21:50:57,442 - src.inference - ERROR - inference.py:202 - Generation failed: ChatGLMTokenizer._pad() got an unexpected keyword argument 'padding_side'
2025-12-16 21:50:57,443 - src.inference - ERROR - inference.py:202 - Generation failed: ChatGLMTokenizer._pad() got an unexpected keyword argument 'padding_side'
2025-12-16 21:50:57,443 - src.inference - ERROR - inference.py:202 - Generation failed: ChatGLMTokenizer._pad() got an unexpected keyword argument 'padding_side'
2025-12-16 21:50:57,443 - src.inference - ERROR - inference.py:202 - Generation failed: ChatGLMTokenizer._pad() got an unexpected keyword argument 'padding_side'
2025-12-16 21:50:57,444 - src.inference - ERROR - inference.py:202 - Generation failed: ChatGLMTokenizer._pad() got an unexpected keyword argument 'padding_side'
2025-12-16 21:50:57,444 - src.inference - ERROR - inference.py:202 - Generation failed: ChatGLMTokenizer._pad() got an unexpected keyword argument 'padding_side'
2025-12-16 21:50:57,444 - src.inference - ERROR - inference.py:202 - Generation failed: ChatGLMTokenizer._pad() got an unexpected keyword argument 'padding_side'
2025-12-16 21:50:57,445 - src.inference - ERROR - inference.py:202 - Generation failed: ChatGLMTokenizer._pad() got an unexpected keyword argument 'padding_side'
2025-12-16 21:50:57,445 - src.inference - ERROR - inference.py:202 - Generation failed: ChatGLMTokenizer._pad() got an unexpected keyword argument 'padding_side'
2025-12-16 21:50:57,445 - src.inference - ERROR - inference.py:202 - Generation failed: ChatGLMTokenizer._pad() got an unexpected keyword argument 'padding_side'
2025-12-16 21:50:57,446 - src.inference - ERROR - inference.py:202 - Generation failed: ChatGLMTokenizer._pad() got an unexpected keyword argument 'padding_side'
2025-12-16 21:50:57,446 - src.inference - ERROR - inference.py:202 - Generation failed: ChatGLMTokenizer._pad() got an unexpected keyword argument 'padding_side'
2025-12-16 21:50:57,446 - src.inference - ERROR - inference.py:202 - Generation failed: ChatGLMTokenizer._pad() got an unexpected keyword argument 'padding_side'
2025-12-16 21:50:57,447 - src.inference - ERROR - inference.py:202 - Generation failed: ChatGLMTokenizer._pad() got an unexpected keyword argument 'padding_side'
2025-12-16 21:50:57,447 - src.inference - ERROR - inference.py:202 - Generation failed: ChatGLMTokenizer._pad() got an unexpected keyword argument 'padding_side'
2025-12-16 21:50:57,448 - src.inference - ERROR - inference.py:202 - Generation failed: ChatGLMTokenizer._pad() got an unexpected keyword argument 'padding_side'
2025-12-16 21:50:57,448 - src.inference - ERROR - inference.py:202 - Generation failed: ChatGLMTokenizer._pad() got an unexpected keyword argument 'padding_side'
2025-12-16 21:50:57,448 - src.inference - ERROR - inference.py:202 - Generation failed: ChatGLMTokenizer._pad() got an unexpected keyword argument 'padding_side'
2025-12-16 21:50:57,449 - src.inference - ERROR - inference.py:202 - Generation failed: ChatGLMTokenizer._pad() got an unexpected keyword argument 'padding_side'
2025-12-16 21:50:57,449 - src.inference - ERROR - inference.py:202 - Generation failed: ChatGLMTokenizer._pad() got an unexpected keyword argument 'padding_side'
2025-12-16 21:50:57,449 - src.inference - ERROR - inference.py:202 - Generation failed: ChatGLMTokenizer._pad() got an unexpected keyword argument 'padding_side'
2025-12-16 21:50:57,449 - src.inference - ERROR - inference.py:202 - Generation failed: ChatGLMTokenizer._pad() got an unexpected keyword argument 'padding_side'
2025-12-16 21:50:57,450 - src.inference - ERROR - inference.py:202 - Generation failed: ChatGLMTokenizer._pad() got an unexpected keyword argument 'padding_side'
2025-12-16 21:50:57,450 - src.inference - ERROR - inference.py:202 - Generation failed: ChatGLMTokenizer._pad() got an unexpected keyword argument 'padding_side'
2025-12-16 21:50:57,450 - src.inference - ERROR - inference.py:202 - Generation failed: ChatGLMTokenizer._pad() got an unexpected keyword argument 'padding_side'
2025-12-16 21:50:57,451 - src.inference - ERROR - inference.py:202 - Generation failed: ChatGLMTokenizer._pad() got an unexpected keyword argument 'padding_side'
2025-12-16 21:50:57,451 - src.inference - ERROR - inference.py:202 - Generation failed: ChatGLMTokenizer._pad() got an unexpected keyword argument 'padding_side'
2025-12-16 21:50:57,452 - src.inference - ERROR - inference.py:202 - Generation failed: ChatGLMTokenizer._pad() got an unexpected keyword argument 'padding_side'
2025-12-16 21:50:57,452 - src.inference - ERROR - inference.py:202 - Generation failed: ChatGLMTokenizer._pad() got an unexpected keyword argument 'padding_side'
2025-12-16 21:50:57,452 - src.inference - ERROR - inference.py:202 - Generation failed: ChatGLMTokenizer._pad() got an unexpected keyword argument 'padding_side'
2025-12-16 21:50:57,453 - src.inference - ERROR - inference.py:202 - Generation failed: ChatGLMTokenizer._pad() got an unexpected keyword argument 'padding_side'
2025-12-16 21:50:57,453 - src.inference - ERROR - inference.py:202 - Generation failed: ChatGLMTokenizer._pad() got an unexpected keyword argument 'padding_side'
2025-12-16 21:50:57,453 - src.inference - ERROR - inference.py:202 - Generation failed: ChatGLMTokenizer._pad() got an unexpected keyword argument 'padding_side'
2025-12-16 21:50:57,454 - src.inference - ERROR - inference.py:202 - Generation failed: ChatGLMTokenizer._pad() got an unexpected keyword argument 'padding_side'
2025-12-16 21:50:57,454 - src.inference - ERROR - inference.py:202 - Generation failed: ChatGLMTokenizer._pad() got an unexpected keyword argument 'padding_side'
2025-12-16 21:50:57,454 - src.inference - ERROR - inference.py:202 - Generation failed: ChatGLMTokenizer._pad() got an unexpected keyword argument 'padding_side'
2025-12-16 21:50:57,455 - src.inference - ERROR - inference.py:202 - Generation failed: ChatGLMTokenizer._pad() got an unexpected keyword argument 'padding_side'
2025-12-16 21:50:57,455 - src.inference - ERROR - inference.py:202 - Generation failed: ChatGLMTokenizer._pad() got an unexpected keyword argument 'padding_side'
2025-12-16 21:50:57,455 - src.inference - ERROR - inference.py:202 - Generation failed: ChatGLMTokenizer._pad() got an unexpected keyword argument 'padding_side'
2025-12-16 21:50:57,456 - src.inference - ERROR - inference.py:202 - Generation failed: ChatGLMTokenizer._pad() got an unexpected keyword argument 'padding_side'
2025-12-16 21:50:57,456 - src.inference - ERROR - inference.py:202 - Generation failed: ChatGLMTokenizer._pad() got an unexpected keyword argument 'padding_side'
2025-12-16 21:50:57,456 - src.inference - ERROR - inference.py:202 - Generation failed: ChatGLMTokenizer._pad() got an unexpected keyword argument 'padding_side'
2025-12-16 21:50:57,457 - src.inference - ERROR - inference.py:202 - Generation failed: ChatGLMTokenizer._pad() got an unexpected keyword argument 'padding_side'
2025-12-16 21:50:57,457 - src.inference - ERROR - inference.py:202 - Generation failed: ChatGLMTokenizer._pad() got an unexpected keyword argument 'padding_side'
2025-12-16 21:50:57,457 - src.inference - ERROR - inference.py:202 - Generation failed: ChatGLMTokenizer._pad() got an unexpected keyword argument 'padding_side'
2025-12-16 21:50:57,458 - src.inference - ERROR - inference.py:202 - Generation failed: ChatGLMTokenizer._pad() got an unexpected keyword argument 'padding_side'
2025-12-16 21:50:57,458 - src.inference - ERROR - inference.py:202 - Generation failed: ChatGLMTokenizer._pad() got an unexpected keyword argument 'padding_side'
2025-12-16 21:50:57,458 - src.inference - ERROR - inference.py:202 - Generation failed: ChatGLMTokenizer._pad() got an unexpected keyword argument 'padding_side'
2025-12-16 21:50:57,459 - src.inference - ERROR - inference.py:202 - Generation failed: ChatGLMTokenizer._pad() got an unexpected keyword argument 'padding_side'
2025-12-16 21:50:57,459 - src.inference - ERROR - inference.py:202 - Generation failed: ChatGLMTokenizer._pad() got an unexpected keyword argument 'padding_side'
2025-12-16 21:50:57,459 - src.inference - ERROR - inference.py:202 - Generation failed: ChatGLMTokenizer._pad() got an unexpected keyword argument 'padding_side'
2025-12-16 21:50:57,460 - src.inference - ERROR - inference.py:202 - Generation failed: ChatGLMTokenizer._pad() got an unexpected keyword argument 'padding_side'
2025-12-16 21:50:57,460 - src.inference - ERROR - inference.py:202 - Generation failed: ChatGLMTokenizer._pad() got an unexpected keyword argument 'padding_side'
2025-12-16 21:50:57,460 - src.inference - ERROR - inference.py:202 - Generation failed: ChatGLMTokenizer._pad() got an unexpected keyword argument 'padding_side'
2025-12-16 21:50:57,461 - src.inference - ERROR - inference.py:202 - Generation failed: ChatGLMTokenizer._pad() got an unexpected keyword argument 'padding_side'
2025-12-16 21:50:57,461 - src.inference - ERROR - inference.py:202 - Generation failed: ChatGLMTokenizer._pad() got an unexpected keyword argument 'padding_side'
2025-12-16 21:50:57,461 - src.inference - ERROR - inference.py:202 - Generation failed: ChatGLMTokenizer._pad() got an unexpected keyword argument 'padding_side'
2025-12-16 21:50:57,462 - src.inference - ERROR - inference.py:202 - Generation failed: ChatGLMTokenizer._pad() got an unexpected keyword argument 'padding_side'
2025-12-16 21:50:57,462 - src.inference - ERROR - inference.py:202 - Generation failed: ChatGLMTokenizer._pad() got an unexpected keyword argument 'padding_side'
2025-12-16 21:50:57,462 - src.inference - ERROR - inference.py:202 - Generation failed: ChatGLMTokenizer._pad() got an unexpected keyword argument 'padding_side'
2025-12-16 21:50:57,463 - src.inference - ERROR - inference.py:202 - Generation failed: ChatGLMTokenizer._pad() got an unexpected keyword argument 'padding_side'
2025-12-16 21:50:57,463 - src.inference - ERROR - inference.py:202 - Generation failed: ChatGLMTokenizer._pad() got an unexpected keyword argument 'padding_side'
2025-12-16 21:50:57,464 - src.inference - ERROR - inference.py:202 - Generation failed: ChatGLMTokenizer._pad() got an unexpected keyword argument 'padding_side'
2025-12-16 21:50:57,464 - src.inference - ERROR - inference.py:202 - Generation failed: ChatGLMTokenizer._pad() got an unexpected keyword argument 'padding_side'
2025-12-16 21:50:57,464 - src.inference - ERROR - inference.py:202 - Generation failed: ChatGLMTokenizer._pad() got an unexpected keyword argument 'padding_side'
2025-12-16 21:50:57,464 - src.inference - ERROR - inference.py:202 - Generation failed: ChatGLMTokenizer._pad() got an unexpected keyword argument 'padding_side'
2025-12-16 21:50:57,465 - src.inference - ERROR - inference.py:202 - Generation failed: ChatGLMTokenizer._pad() got an unexpected keyword argument 'padding_side'
2025-12-16 21:50:57,465 - src.inference - ERROR - inference.py:202 - Generation failed: ChatGLMTokenizer._pad() got an unexpected keyword argument 'padding_side'
2025-12-16 21:50:57,466 - src.inference - ERROR - inference.py:202 - Generation failed: ChatGLMTokenizer._pad() got an unexpected keyword argument 'padding_side'
2025-12-16 21:50:57,466 - src.inference - ERROR - inference.py:202 - Generation failed: ChatGLMTokenizer._pad() got an unexpected keyword argument 'padding_side'
2025-12-16 21:50:57,466 - src.inference - ERROR - inference.py:202 - Generation failed: ChatGLMTokenizer._pad() got an unexpected keyword argument 'padding_side'
2025-12-16 21:50:57,467 - src.inference - ERROR - inference.py:202 - Generation failed: ChatGLMTokenizer._pad() got an unexpected keyword argument 'padding_side'
2025-12-16 21:50:57,467 - src.inference - ERROR - inference.py:202 - Generation failed: ChatGLMTokenizer._pad() got an unexpected keyword argument 'padding_side'
2025-12-16 21:50:57,467 - src.inference - ERROR - inference.py:202 - Generation failed: ChatGLMTokenizer._pad() got an unexpected keyword argument 'padding_side'
2025-12-16 21:50:57,468 - src.inference - ERROR - inference.py:202 - Generation failed: ChatGLMTokenizer._pad() got an unexpected keyword argument 'padding_side'
2025-12-16 21:50:57,468 - src.inference - ERROR - inference.py:202 - Generation failed: ChatGLMTokenizer._pad() got an unexpected keyword argument 'padding_side'
2025-12-16 21:50:57,468 - src.inference - ERROR - inference.py:202 - Generation failed: ChatGLMTokenizer._pad() got an unexpected keyword argument 'padding_side'
2025-12-16 21:50:57,469 - src.inference - ERROR - inference.py:202 - Generation failed: ChatGLMTokenizer._pad() got an unexpected keyword argument 'padding_side'
2025-12-16 21:50:57,469 - src.inference - ERROR - inference.py:202 - Generation failed: ChatGLMTokenizer._pad() got an unexpected keyword argument 'padding_side'
2025-12-16 21:50:57,469 - src.inference - ERROR - inference.py:202 - Generation failed: ChatGLMTokenizer._pad() got an unexpected keyword argument 'padding_side'
2025-12-16 21:50:57,470 - src.inference - ERROR - inference.py:202 - Generation failed: ChatGLMTokenizer._pad() got an unexpected keyword argument 'padding_side'
2025-12-16 21:50:57,470 - src.inference - ERROR - inference.py:202 - Generation failed: ChatGLMTokenizer._pad() got an unexpected keyword argument 'padding_side'
2025-12-16 21:50:57,470 - src.inference - ERROR - inference.py:202 - Generation failed: ChatGLMTokenizer._pad() got an unexpected keyword argument 'padding_side'
2025-12-16 21:50:57,471 - src.inference - ERROR - inference.py:202 - Generation failed: ChatGLMTokenizer._pad() got an unexpected keyword argument 'padding_side'
2025-12-16 21:50:57,471 - src.inference - ERROR - inference.py:202 - Generation failed: ChatGLMTokenizer._pad() got an unexpected keyword argument 'padding_side'
2025-12-16 21:50:57,472 - src.inference - ERROR - inference.py:202 - Generation failed: ChatGLMTokenizer._pad() got an unexpected keyword argument 'padding_side'
2025-12-16 21:50:57,472 - src.inference - ERROR - inference.py:202 - Generation failed: ChatGLMTokenizer._pad() got an unexpected keyword argument 'padding_side'
2025-12-16 21:50:57,472 - src.inference - ERROR - inference.py:202 - Generation failed: ChatGLMTokenizer._pad() got an unexpected keyword argument 'padding_side'
2025-12-16 21:50:57,473 - src.inference - ERROR - inference.py:202 - Generation failed: ChatGLMTokenizer._pad() got an unexpected keyword argument 'padding_side'
2025-12-16 21:50:57,473 - src.inference - ERROR - inference.py:202 - Generation failed: ChatGLMTokenizer._pad() got an unexpected keyword argument 'padding_side'
2025-12-16 21:50:57,473 - src.inference - ERROR - inference.py:202 - Generation failed: ChatGLMTokenizer._pad() got an unexpected keyword argument 'padding_side'
2025-12-16 21:50:57,474 - src.inference - ERROR - inference.py:202 - Generation failed: ChatGLMTokenizer._pad() got an unexpected keyword argument 'padding_side'
2025-12-16 21:50:57,474 - src.inference - ERROR - inference.py:202 - Generation failed: ChatGLMTokenizer._pad() got an unexpected keyword argument 'padding_side'
2025-12-16 21:50:57,474 - src.inference - ERROR - inference.py:202 - Generation failed: ChatGLMTokenizer._pad() got an unexpected keyword argument 'padding_side'
2025-12-16 21:50:57,475 - src.inference - ERROR - inference.py:202 - Generation failed: ChatGLMTokenizer._pad() got an unexpected keyword argument 'padding_side'
2025-12-16 21:50:57,475 - src.inference - ERROR - inference.py:202 - Generation failed: ChatGLMTokenizer._pad() got an unexpected keyword argument 'padding_side'
2025-12-16 21:50:57,475 - src.inference - ERROR - inference.py:202 - Generation failed: ChatGLMTokenizer._pad() got an unexpected keyword argument 'padding_side'
2025-12-16 21:50:57,476 - src.inference - ERROR - inference.py:202 - Generation failed: ChatGLMTokenizer._pad() got an unexpected keyword argument 'padding_side'
2025-12-16 21:50:57,476 - src.inference - ERROR - inference.py:202 - Generation failed: ChatGLMTokenizer._pad() got an unexpected keyword argument 'padding_side'
2025-12-16 21:50:57,476 - src.inference - ERROR - inference.py:202 - Generation failed: ChatGLMTokenizer._pad() got an unexpected keyword argument 'padding_side'
2025-12-16 21:50:57,477 - src.inference - ERROR - inference.py:202 - Generation failed: ChatGLMTokenizer._pad() got an unexpected keyword argument 'padding_side'
2025-12-16 21:50:57,477 - src.inference - ERROR - inference.py:202 - Generation failed: ChatGLMTokenizer._pad() got an unexpected keyword argument 'padding_side'
2025-12-16 21:50:57,477 - src.inference - ERROR - inference.py:202 - Generation failed: ChatGLMTokenizer._pad() got an unexpected keyword argument 'padding_side'
2025-12-16 21:50:57,478 - src.inference - ERROR - inference.py:202 - Generation failed: ChatGLMTokenizer._pad() got an unexpected keyword argument 'padding_side'
2025-12-16 21:50:57,478 - src.inference - ERROR - inference.py:202 - Generation failed: ChatGLMTokenizer._pad() got an unexpected keyword argument 'padding_side'
2025-12-16 21:50:57,478 - src.inference - ERROR - inference.py:202 - Generation failed: ChatGLMTokenizer._pad() got an unexpected keyword argument 'padding_side'
2025-12-16 21:50:57,479 - src.inference - ERROR - inference.py:202 - Generation failed: ChatGLMTokenizer._pad() got an unexpected keyword argument 'padding_side'
2025-12-16 21:50:57,479 - src.inference - ERROR - inference.py:202 - Generation failed: ChatGLMTokenizer._pad() got an unexpected keyword argument 'padding_side'
2025-12-16 21:50:57,479 - src.inference - ERROR - inference.py:202 - Generation failed: ChatGLMTokenizer._pad() got an unexpected keyword argument 'padding_side'
2025-12-16 21:50:57,480 - src.inference - ERROR - inference.py:202 - Generation failed: ChatGLMTokenizer._pad() got an unexpected keyword argument 'padding_side'
2025-12-16 21:50:57,480 - src.inference - ERROR - inference.py:202 - Generation failed: ChatGLMTokenizer._pad() got an unexpected keyword argument 'padding_side'
2025-12-16 21:50:57,480 - src.inference - ERROR - inference.py:202 - Generation failed: ChatGLMTokenizer._pad() got an unexpected keyword argument 'padding_side'
2025-12-16 21:50:57,481 - src.inference - ERROR - inference.py:202 - Generation failed: ChatGLMTokenizer._pad() got an unexpected keyword argument 'padding_side'
2025-12-16 21:50:57,481 - src.inference - ERROR - inference.py:202 - Generation failed: ChatGLMTokenizer._pad() got an unexpected keyword argument 'padding_side'
2025-12-16 21:50:57,481 - src.inference - ERROR - inference.py:202 - Generation failed: ChatGLMTokenizer._pad() got an unexpected keyword argument 'padding_side'
2025-12-16 21:50:57,482 - src.inference - ERROR - inference.py:202 - Generation failed: ChatGLMTokenizer._pad() got an unexpected keyword argument 'padding_side'
2025-12-16 21:50:57,482 - src.inference - ERROR - inference.py:202 - Generation failed: ChatGLMTokenizer._pad() got an unexpected keyword argument 'padding_side'
2025-12-16 21:50:57,482 - src.inference - ERROR - inference.py:202 - Generation failed: ChatGLMTokenizer._pad() got an unexpected keyword argument 'padding_side'
2025-12-16 21:50:57,483 - src.inference - ERROR - inference.py:202 - Generation failed: ChatGLMTokenizer._pad() got an unexpected keyword argument 'padding_side'
2025-12-16 21:50:57,483 - src.inference - ERROR - inference.py:202 - Generation failed: ChatGLMTokenizer._pad() got an unexpected keyword argument 'padding_side'
2025-12-16 21:50:57,484 - src.inference - ERROR - inference.py:202 - Generation failed: ChatGLMTokenizer._pad() got an unexpected keyword argument 'padding_side'
2025-12-16 21:50:57,484 - src.inference - ERROR - inference.py:202 - Generation failed: ChatGLMTokenizer._pad() got an unexpected keyword argument 'padding_side'
2025-12-16 21:50:57,484 - src.inference - ERROR - inference.py:202 - Generation failed: ChatGLMTokenizer._pad() got an unexpected keyword argument 'padding_side'
2025-12-16 21:50:57,485 - src.inference - ERROR - inference.py:202 - Generation failed: ChatGLMTokenizer._pad() got an unexpected keyword argument 'padding_side'
2025-12-16 21:50:57,485 - src.inference - ERROR - inference.py:202 - Generation failed: ChatGLMTokenizer._pad() got an unexpected keyword argument 'padding_side'
2025-12-16 21:50:57,485 - src.inference - ERROR - inference.py:202 - Generation failed: ChatGLMTokenizer._pad() got an unexpected keyword argument 'padding_side'
2025-12-16 21:50:57,486 - src.inference - ERROR - inference.py:202 - Generation failed: ChatGLMTokenizer._pad() got an unexpected keyword argument 'padding_side'
2025-12-16 21:50:57,486 - src.inference - ERROR - inference.py:202 - Generation failed: ChatGLMTokenizer._pad() got an unexpected keyword argument 'padding_side'
2025-12-16 21:50:57,486 - src.inference - ERROR - inference.py:202 - Generation failed: ChatGLMTokenizer._pad() got an unexpected keyword argument 'padding_side'
2025-12-16 21:50:57,487 - src.inference - ERROR - inference.py:202 - Generation failed: ChatGLMTokenizer._pad() got an unexpected keyword argument 'padding_side'
2025-12-16 21:50:57,487 - src.inference - ERROR - inference.py:202 - Generation failed: ChatGLMTokenizer._pad() got an unexpected keyword argument 'padding_side'
2025-12-16 21:50:57,487 - src.inference - ERROR - inference.py:202 - Generation failed: ChatGLMTokenizer._pad() got an unexpected keyword argument 'padding_side'
2025-12-16 21:50:57,488 - src.inference - ERROR - inference.py:202 - Generation failed: ChatGLMTokenizer._pad() got an unexpected keyword argument 'padding_side'
2025-12-16 21:50:57,488 - src.inference - ERROR - inference.py:202 - Generation failed: ChatGLMTokenizer._pad() got an unexpected keyword argument 'padding_side'
2025-12-16 21:50:57,488 - src.inference - ERROR - inference.py:202 - Generation failed: ChatGLMTokenizer._pad() got an unexpected keyword argument 'padding_side'
2025-12-16 21:50:57,489 - src.inference - ERROR - inference.py:202 - Generation failed: ChatGLMTokenizer._pad() got an unexpected keyword argument 'padding_side'
2025-12-16 21:50:57,489 - src.inference - ERROR - inference.py:202 - Generation failed: ChatGLMTokenizer._pad() got an unexpected keyword argument 'padding_side'
2025-12-16 21:50:57,489 - src.inference - ERROR - inference.py:202 - Generation failed: ChatGLMTokenizer._pad() got an unexpected keyword argument 'padding_side'
2025-12-16 21:50:57,490 - src.inference - ERROR - inference.py:202 - Generation failed: ChatGLMTokenizer._pad() got an unexpected keyword argument 'padding_side'
2025-12-16 21:50:57,490 - src.inference - ERROR - inference.py:202 - Generation failed: ChatGLMTokenizer._pad() got an unexpected keyword argument 'padding_side'
2025-12-16 21:50:57,490 - src.inference - ERROR - inference.py:202 - Generation failed: ChatGLMTokenizer._pad() got an unexpected keyword argument 'padding_side'
2025-12-16 21:50:57,491 - src.inference - ERROR - inference.py:202 - Generation failed: ChatGLMTokenizer._pad() got an unexpected keyword argument 'padding_side'
2025-12-16 21:50:57,491 - src.inference - ERROR - inference.py:202 - Generation failed: ChatGLMTokenizer._pad() got an unexpected keyword argument 'padding_side'
2025-12-16 21:50:57,491 - src.inference - ERROR - inference.py:202 - Generation failed: ChatGLMTokenizer._pad() got an unexpected keyword argument 'padding_side'
2025-12-16 21:50:57,492 - src.inference - ERROR - inference.py:202 - Generation failed: ChatGLMTokenizer._pad() got an unexpected keyword argument 'padding_side'
2025-12-16 21:50:57,492 - src.inference - ERROR - inference.py:202 - Generation failed: ChatGLMTokenizer._pad() got an unexpected keyword argument 'padding_side'
2025-12-16 21:50:57,492 - src.inference - ERROR - inference.py:202 - Generation failed: ChatGLMTokenizer._pad() got an unexpected keyword argument 'padding_side'
2025-12-16 21:50:57,493 - src.inference - ERROR - inference.py:202 - Generation failed: ChatGLMTokenizer._pad() got an unexpected keyword argument 'padding_side'
2025-12-16 21:50:57,493 - src.inference - ERROR - inference.py:202 - Generation failed: ChatGLMTokenizer._pad() got an unexpected keyword argument 'padding_side'
2025-12-16 21:50:57,493 - src.inference - ERROR - inference.py:202 - Generation failed: ChatGLMTokenizer._pad() got an unexpected keyword argument 'padding_side'
2025-12-16 21:50:57,494 - src.inference - ERROR - inference.py:202 - Generation failed: ChatGLMTokenizer._pad() got an unexpected keyword argument 'padding_side'
2025-12-16 21:50:57,494 - src.inference - ERROR - inference.py:202 - Generation failed: ChatGLMTokenizer._pad() got an unexpected keyword argument 'padding_side'
2025-12-16 21:50:57,494 - src.inference - ERROR - inference.py:202 - Generation failed: ChatGLMTokenizer._pad() got an unexpected keyword argument 'padding_side'
2025-12-16 21:50:57,495 - src.inference - ERROR - inference.py:202 - Generation failed: ChatGLMTokenizer._pad() got an unexpected keyword argument 'padding_side'
2025-12-16 21:50:57,495 - src.inference - ERROR - inference.py:202 - Generation failed: ChatGLMTokenizer._pad() got an unexpected keyword argument 'padding_side'
2025-12-16 21:50:57,495 - src.inference - ERROR - inference.py:202 - Generation failed: ChatGLMTokenizer._pad() got an unexpected keyword argument 'padding_side'
2025-12-16 21:50:57,496 - src.inference - ERROR - inference.py:202 - Generation failed: ChatGLMTokenizer._pad() got an unexpected keyword argument 'padding_side'
2025-12-16 21:50:57,496 - src.inference - ERROR - inference.py:202 - Generation failed: ChatGLMTokenizer._pad() got an unexpected keyword argument 'padding_side'
2025-12-16 21:50:57,496 - src.inference - ERROR - inference.py:202 - Generation failed: ChatGLMTokenizer._pad() got an unexpected keyword argument 'padding_side'
2025-12-16 21:50:57,497 - src.inference - ERROR - inference.py:202 - Generation failed: ChatGLMTokenizer._pad() got an unexpected keyword argument 'padding_side'
2025-12-16 21:50:57,497 - src.inference - ERROR - inference.py:202 - Generation failed: ChatGLMTokenizer._pad() got an unexpected keyword argument 'padding_side'
2025-12-16 21:50:57,497 - src.inference - ERROR - inference.py:202 - Generation failed: ChatGLMTokenizer._pad() got an unexpected keyword argument 'padding_side'
2025-12-16 21:50:57,498 - src.inference - ERROR - inference.py:202 - Generation failed: ChatGLMTokenizer._pad() got an unexpected keyword argument 'padding_side'
2025-12-16 21:50:57,498 - src.inference - ERROR - inference.py:202 - Generation failed: ChatGLMTokenizer._pad() got an unexpected keyword argument 'padding_side'
2025-12-16 21:50:57,498 - src.inference - ERROR - inference.py:202 - Generation failed: ChatGLMTokenizer._pad() got an unexpected keyword argument 'padding_side'
2025-12-16 21:50:57,499 - src.inference - ERROR - inference.py:202 - Generation failed: ChatGLMTokenizer._pad() got an unexpected keyword argument 'padding_side'
2025-12-16 21:50:57,499 - src.inference - ERROR - inference.py:202 - Generation failed: ChatGLMTokenizer._pad() got an unexpected keyword argument 'padding_side'
2025-12-16 21:50:57,499 - src.inference - ERROR - inference.py:202 - Generation failed: ChatGLMTokenizer._pad() got an unexpected keyword argument 'padding_side'
2025-12-16 21:50:57,500 - src.inference - ERROR - inference.py:202 - Generation failed: ChatGLMTokenizer._pad() got an unexpected keyword argument 'padding_side'
2025-12-16 21:50:57,500 - src.inference - ERROR - inference.py:202 - Generation failed: ChatGLMTokenizer._pad() got an unexpected keyword argument 'padding_side'
2025-12-16 21:50:57,500 - src.inference - ERROR - inference.py:202 - Generation failed: ChatGLMTokenizer._pad() got an unexpected keyword argument 'padding_side'
2025-12-16 21:50:57,501 - src.inference - ERROR - inference.py:202 - Generation failed: ChatGLMTokenizer._pad() got an unexpected keyword argument 'padding_side'
2025-12-16 21:50:57,501 - src.inference - ERROR - inference.py:202 - Generation failed: ChatGLMTokenizer._pad() got an unexpected keyword argument 'padding_side'
2025-12-16 21:50:57,501 - src.inference - ERROR - inference.py:202 - Generation failed: ChatGLMTokenizer._pad() got an unexpected keyword argument 'padding_side'
2025-12-16 21:50:57,502 - src.inference - ERROR - inference.py:202 - Generation failed: ChatGLMTokenizer._pad() got an unexpected keyword argument 'padding_side'
2025-12-16 21:50:57,502 - src.inference - ERROR - inference.py:202 - Generation failed: ChatGLMTokenizer._pad() got an unexpected keyword argument 'padding_side'
2025-12-16 21:50:57,502 - src.inference - ERROR - inference.py:202 - Generation failed: ChatGLMTokenizer._pad() got an unexpected keyword argument 'padding_side'
2025-12-16 21:50:57,503 - src.inference - ERROR - inference.py:202 - Generation failed: ChatGLMTokenizer._pad() got an unexpected keyword argument 'padding_side'
2025-12-16 21:50:57,503 - src.inference - ERROR - inference.py:202 - Generation failed: ChatGLMTokenizer._pad() got an unexpected keyword argument 'padding_side'
2025-12-16 21:50:57,503 - src.inference - ERROR - inference.py:202 - Generation failed: ChatGLMTokenizer._pad() got an unexpected keyword argument 'padding_side'
2025-12-16 21:50:57,504 - src.inference - ERROR - inference.py:202 - Generation failed: ChatGLMTokenizer._pad() got an unexpected keyword argument 'padding_side'
2025-12-16 21:50:57,504 - src.inference - ERROR - inference.py:202 - Generation failed: ChatGLMTokenizer._pad() got an unexpected keyword argument 'padding_side'
2025-12-16 21:50:57,504 - src.inference - ERROR - inference.py:202 - Generation failed: ChatGLMTokenizer._pad() got an unexpected keyword argument 'padding_side'
2025-12-16 21:50:57,505 - src.inference - ERROR - inference.py:202 - Generation failed: ChatGLMTokenizer._pad() got an unexpected keyword argument 'padding_side'
2025-12-16 21:50:57,505 - src.inference - ERROR - inference.py:202 - Generation failed: ChatGLMTokenizer._pad() got an unexpected keyword argument 'padding_side'
2025-12-16 21:50:57,505 - src.inference - ERROR - inference.py:202 - Generation failed: ChatGLMTokenizer._pad() got an unexpected keyword argument 'padding_side'
2025-12-16 21:50:57,506 - src.inference - ERROR - inference.py:202 - Generation failed: ChatGLMTokenizer._pad() got an unexpected keyword argument 'padding_side'
2025-12-16 21:50:57,506 - src.inference - ERROR - inference.py:202 - Generation failed: ChatGLMTokenizer._pad() got an unexpected keyword argument 'padding_side'
2025-12-16 21:50:57,506 - src.inference - ERROR - inference.py:202 - Generation failed: ChatGLMTokenizer._pad() got an unexpected keyword argument 'padding_side'
2025-12-16 21:50:57,507 - src.inference - ERROR - inference.py:202 - Generation failed: ChatGLMTokenizer._pad() got an unexpected keyword argument 'padding_side'
2025-12-16 21:50:57,507 - src.inference - ERROR - inference.py:202 - Generation failed: ChatGLMTokenizer._pad() got an unexpected keyword argument 'padding_side'
2025-12-16 21:50:57,507 - src.inference - ERROR - inference.py:202 - Generation failed: ChatGLMTokenizer._pad() got an unexpected keyword argument 'padding_side'
2025-12-16 21:50:57,508 - src.inference - ERROR - inference.py:202 - Generation failed: ChatGLMTokenizer._pad() got an unexpected keyword argument 'padding_side'
2025-12-16 21:50:57,508 - src.inference - ERROR - inference.py:202 - Generation failed: ChatGLMTokenizer._pad() got an unexpected keyword argument 'padding_side'
2025-12-16 21:50:57,508 - src.inference - ERROR - inference.py:202 - Generation failed: ChatGLMTokenizer._pad() got an unexpected keyword argument 'padding_side'
2025-12-16 21:50:57,509 - src.inference - ERROR - inference.py:202 - Generation failed: ChatGLMTokenizer._pad() got an unexpected keyword argument 'padding_side'
2025-12-16 21:50:57,509 - src.inference - ERROR - inference.py:202 - Generation failed: ChatGLMTokenizer._pad() got an unexpected keyword argument 'padding_side'
2025-12-16 21:50:57,509 - src.inference - ERROR - inference.py:202 - Generation failed: ChatGLMTokenizer._pad() got an unexpected keyword argument 'padding_side'
2025-12-16 21:50:57,510 - src.inference - ERROR - inference.py:202 - Generation failed: ChatGLMTokenizer._pad() got an unexpected keyword argument 'padding_side'
2025-12-16 21:50:57,510 - src.inference - ERROR - inference.py:202 - Generation failed: ChatGLMTokenizer._pad() got an unexpected keyword argument 'padding_side'
2025-12-16 21:50:57,510 - src.inference - ERROR - inference.py:202 - Generation failed: ChatGLMTokenizer._pad() got an unexpected keyword argument 'padding_side'
2025-12-16 21:50:57,511 - src.inference - ERROR - inference.py:202 - Generation failed: ChatGLMTokenizer._pad() got an unexpected keyword argument 'padding_side'
2025-12-16 21:50:57,511 - src.inference - ERROR - inference.py:202 - Generation failed: ChatGLMTokenizer._pad() got an unexpected keyword argument 'padding_side'
2025-12-16 21:50:57,512 - src.inference - ERROR - inference.py:202 - Generation failed: ChatGLMTokenizer._pad() got an unexpected keyword argument 'padding_side'
2025-12-16 21:50:57,512 - src.inference - ERROR - inference.py:202 - Generation failed: ChatGLMTokenizer._pad() got an unexpected keyword argument 'padding_side'
2025-12-16 21:50:57,512 - src.inference - ERROR - inference.py:202 - Generation failed: ChatGLMTokenizer._pad() got an unexpected keyword argument 'padding_side'
2025-12-16 21:50:57,513 - src.inference - ERROR - inference.py:202 - Generation failed: ChatGLMTokenizer._pad() got an unexpected keyword argument 'padding_side'
2025-12-16 21:50:57,513 - src.inference - ERROR - inference.py:202 - Generation failed: ChatGLMTokenizer._pad() got an unexpected keyword argument 'padding_side'
2025-12-16 21:50:57,513 - src.inference - ERROR - inference.py:202 - Generation failed: ChatGLMTokenizer._pad() got an unexpected keyword argument 'padding_side'
2025-12-16 21:50:57,513 - src.inference - ERROR - inference.py:202 - Generation failed: ChatGLMTokenizer._pad() got an unexpected keyword argument 'padding_side'
2025-12-16 21:50:57,514 - src.inference - ERROR - inference.py:202 - Generation failed: ChatGLMTokenizer._pad() got an unexpected keyword argument 'padding_side'
2025-12-16 21:50:57,514 - src.inference - ERROR - inference.py:202 - Generation failed: ChatGLMTokenizer._pad() got an unexpected keyword argument 'padding_side'
2025-12-16 21:50:57,514 - src.inference - ERROR - inference.py:202 - Generation failed: ChatGLMTokenizer._pad() got an unexpected keyword argument 'padding_side'
2025-12-16 21:50:57,515 - src.inference - ERROR - inference.py:202 - Generation failed: ChatGLMTokenizer._pad() got an unexpected keyword argument 'padding_side'
2025-12-16 21:50:57,515 - src.inference - ERROR - inference.py:202 - Generation failed: ChatGLMTokenizer._pad() got an unexpected keyword argument 'padding_side'
2025-12-16 21:50:57,516 - src.inference - ERROR - inference.py:202 - Generation failed: ChatGLMTokenizer._pad() got an unexpected keyword argument 'padding_side'
2025-12-16 21:50:57,516 - src.inference - ERROR - inference.py:202 - Generation failed: ChatGLMTokenizer._pad() got an unexpected keyword argument 'padding_side'
2025-12-16 21:50:57,516 - src.inference - ERROR - inference.py:202 - Generation failed: ChatGLMTokenizer._pad() got an unexpected keyword argument 'padding_side'
2025-12-16 21:50:57,517 - src.inference - ERROR - inference.py:202 - Generation failed: ChatGLMTokenizer._pad() got an unexpected keyword argument 'padding_side'
2025-12-16 21:50:57,517 - src.inference - ERROR - inference.py:202 - Generation failed: ChatGLMTokenizer._pad() got an unexpected keyword argument 'padding_side'
2025-12-16 21:50:57,517 - src.inference - ERROR - inference.py:202 - Generation failed: ChatGLMTokenizer._pad() got an unexpected keyword argument 'padding_side'
2025-12-16 21:50:57,518 - src.inference - ERROR - inference.py:202 - Generation failed: ChatGLMTokenizer._pad() got an unexpected keyword argument 'padding_side'
2025-12-16 21:50:57,518 - src.inference - ERROR - inference.py:202 - Generation failed: ChatGLMTokenizer._pad() got an unexpected keyword argument 'padding_side'
2025-12-16 21:50:57,518 - src.inference - ERROR - inference.py:202 - Generation failed: ChatGLMTokenizer._pad() got an unexpected keyword argument 'padding_side'
2025-12-16 21:50:57,519 - src.inference - ERROR - inference.py:202 - Generation failed: ChatGLMTokenizer._pad() got an unexpected keyword argument 'padding_side'
2025-12-16 21:50:57,519 - src.inference - ERROR - inference.py:202 - Generation failed: ChatGLMTokenizer._pad() got an unexpected keyword argument 'padding_side'
2025-12-16 21:50:57,519 - src.inference - ERROR - inference.py:202 - Generation failed: ChatGLMTokenizer._pad() got an unexpected keyword argument 'padding_side'
2025-12-16 21:50:57,520 - src.inference - ERROR - inference.py:202 - Generation failed: ChatGLMTokenizer._pad() got an unexpected keyword argument 'padding_side'
2025-12-16 21:50:57,520 - src.inference - ERROR - inference.py:202 - Generation failed: ChatGLMTokenizer._pad() got an unexpected keyword argument 'padding_side'
2025-12-16 21:50:57,520 - src.inference - ERROR - inference.py:202 - Generation failed: ChatGLMTokenizer._pad() got an unexpected keyword argument 'padding_side'
2025-12-16 21:50:57,521 - src.inference - ERROR - inference.py:202 - Generation failed: ChatGLMTokenizer._pad() got an unexpected keyword argument 'padding_side'
2025-12-16 21:50:57,521 - src.inference - ERROR - inference.py:202 - Generation failed: ChatGLMTokenizer._pad() got an unexpected keyword argument 'padding_side'
2025-12-16 21:50:57,521 - src.inference - ERROR - inference.py:202 - Generation failed: ChatGLMTokenizer._pad() got an unexpected keyword argument 'padding_side'
2025-12-16 21:50:57,522 - src.inference - ERROR - inference.py:202 - Generation failed: ChatGLMTokenizer._pad() got an unexpected keyword argument 'padding_side'
2025-12-16 21:50:57,522 - src.inference - ERROR - inference.py:202 - Generation failed: ChatGLMTokenizer._pad() got an unexpected keyword argument 'padding_side'
2025-12-16 21:50:57,522 - src.inference - ERROR - inference.py:202 - Generation failed: ChatGLMTokenizer._pad() got an unexpected keyword argument 'padding_side'
2025-12-16 21:50:57,523 - src.inference - ERROR - inference.py:202 - Generation failed: ChatGLMTokenizer._pad() got an unexpected keyword argument 'padding_side'
2025-12-16 21:50:57,523 - src.inference - ERROR - inference.py:202 - Generation failed: ChatGLMTokenizer._pad() got an unexpected keyword argument 'padding_side'
2025-12-16 21:50:57,523 - src.inference - ERROR - inference.py:202 - Generation failed: ChatGLMTokenizer._pad() got an unexpected keyword argument 'padding_side'
2025-12-16 21:50:57,524 - src.inference - ERROR - inference.py:202 - Generation failed: ChatGLMTokenizer._pad() got an unexpected keyword argument 'padding_side'
2025-12-16 21:50:57,524 - src.inference - ERROR - inference.py:202 - Generation failed: ChatGLMTokenizer._pad() got an unexpected keyword argument 'padding_side'
2025-12-16 21:50:57,524 - src.inference - ERROR - inference.py:202 - Generation failed: ChatGLMTokenizer._pad() got an unexpected keyword argument 'padding_side'
2025-12-16 21:50:57,525 - src.inference - ERROR - inference.py:202 - Generation failed: ChatGLMTokenizer._pad() got an unexpected keyword argument 'padding_side'
2025-12-16 21:50:57,525 - src.inference - ERROR - inference.py:202 - Generation failed: ChatGLMTokenizer._pad() got an unexpected keyword argument 'padding_side'
2025-12-16 21:50:57,525 - src.inference - ERROR - inference.py:202 - Generation failed: ChatGLMTokenizer._pad() got an unexpected keyword argument 'padding_side'
2025-12-16 21:50:57,526 - src.inference - ERROR - inference.py:202 - Generation failed: ChatGLMTokenizer._pad() got an unexpected keyword argument 'padding_side'
2025-12-16 21:50:57,526 - src.inference - ERROR - inference.py:202 - Generation failed: ChatGLMTokenizer._pad() got an unexpected keyword argument 'padding_side'
2025-12-16 21:50:57,526 - src.inference - ERROR - inference.py:202 - Generation failed: ChatGLMTokenizer._pad() got an unexpected keyword argument 'padding_side'
2025-12-16 21:50:57,527 - src.inference - ERROR - inference.py:202 - Generation failed: ChatGLMTokenizer._pad() got an unexpected keyword argument 'padding_side'
2025-12-16 21:50:57,527 - src.inference - ERROR - inference.py:202 - Generation failed: ChatGLMTokenizer._pad() got an unexpected keyword argument 'padding_side'
2025-12-16 21:50:57,527 - src.inference - ERROR - inference.py:202 - Generation failed: ChatGLMTokenizer._pad() got an unexpected keyword argument 'padding_side'
2025-12-16 21:50:57,528 - src.inference - ERROR - inference.py:202 - Generation failed: ChatGLMTokenizer._pad() got an unexpected keyword argument 'padding_side'
2025-12-16 21:50:57,528 - src.inference - ERROR - inference.py:202 - Generation failed: ChatGLMTokenizer._pad() got an unexpected keyword argument 'padding_side'
2025-12-16 21:50:57,528 - src.inference - ERROR - inference.py:202 - Generation failed: ChatGLMTokenizer._pad() got an unexpected keyword argument 'padding_side'
2025-12-16 21:50:57,529 - src.inference - ERROR - inference.py:202 - Generation failed: ChatGLMTokenizer._pad() got an unexpected keyword argument 'padding_side'
2025-12-16 21:50:57,529 - src.inference - ERROR - inference.py:202 - Generation failed: ChatGLMTokenizer._pad() got an unexpected keyword argument 'padding_side'
2025-12-16 21:50:57,529 - src.inference - ERROR - inference.py:202 - Generation failed: ChatGLMTokenizer._pad() got an unexpected keyword argument 'padding_side'
2025-12-16 21:50:57,530 - src.inference - ERROR - inference.py:202 - Generation failed: ChatGLMTokenizer._pad() got an unexpected keyword argument 'padding_side'
2025-12-16 21:50:57,530 - src.inference - ERROR - inference.py:202 - Generation failed: ChatGLMTokenizer._pad() got an unexpected keyword argument 'padding_side'
2025-12-16 21:50:57,530 - src.inference - ERROR - inference.py:202 - Generation failed: ChatGLMTokenizer._pad() got an unexpected keyword argument 'padding_side'
2025-12-16 21:50:57,531 - src.inference - ERROR - inference.py:202 - Generation failed: ChatGLMTokenizer._pad() got an unexpected keyword argument 'padding_side'
2025-12-16 21:50:57,531 - src.inference - ERROR - inference.py:202 - Generation failed: ChatGLMTokenizer._pad() got an unexpected keyword argument 'padding_side'
2025-12-16 21:50:57,532 - src.inference - ERROR - inference.py:202 - Generation failed: ChatGLMTokenizer._pad() got an unexpected keyword argument 'padding_side'
2025-12-16 21:50:57,532 - src.inference - ERROR - inference.py:202 - Generation failed: ChatGLMTokenizer._pad() got an unexpected keyword argument 'padding_side'
2025-12-16 21:50:57,532 - src.inference - ERROR - inference.py:202 - Generation failed: ChatGLMTokenizer._pad() got an unexpected keyword argument 'padding_side'
2025-12-16 21:50:57,533 - src.inference - ERROR - inference.py:202 - Generation failed: ChatGLMTokenizer._pad() got an unexpected keyword argument 'padding_side'
2025-12-16 21:50:57,533 - src.inference - ERROR - inference.py:202 - Generation failed: ChatGLMTokenizer._pad() got an unexpected keyword argument 'padding_side'
2025-12-16 21:50:57,533 - src.inference - ERROR - inference.py:202 - Generation failed: ChatGLMTokenizer._pad() got an unexpected keyword argument 'padding_side'
2025-12-16 21:50:57,534 - src.inference - ERROR - inference.py:202 - Generation failed: ChatGLMTokenizer._pad() got an unexpected keyword argument 'padding_side'
2025-12-16 21:50:57,534 - src.inference - ERROR - inference.py:202 - Generation failed: ChatGLMTokenizer._pad() got an unexpected keyword argument 'padding_side'
2025-12-16 21:50:57,534 - src.inference - ERROR - inference.py:202 - Generation failed: ChatGLMTokenizer._pad() got an unexpected keyword argument 'padding_side'
2025-12-16 21:50:57,534 - src.inference - ERROR - inference.py:202 - Generation failed: ChatGLMTokenizer._pad() got an unexpected keyword argument 'padding_side'
2025-12-16 21:50:57,535 - src.inference - ERROR - inference.py:202 - Generation failed: ChatGLMTokenizer._pad() got an unexpected keyword argument 'padding_side'
2025-12-16 21:50:57,535 - src.inference - ERROR - inference.py:202 - Generation failed: ChatGLMTokenizer._pad() got an unexpected keyword argument 'padding_side'
2025-12-16 21:50:57,536 - src.inference - ERROR - inference.py:202 - Generation failed: ChatGLMTokenizer._pad() got an unexpected keyword argument 'padding_side'
2025-12-16 21:50:57,536 - src.inference - ERROR - inference.py:202 - Generation failed: ChatGLMTokenizer._pad() got an unexpected keyword argument 'padding_side'
2025-12-16 21:50:57,536 - src.inference - ERROR - inference.py:202 - Generation failed: ChatGLMTokenizer._pad() got an unexpected keyword argument 'padding_side'
2025-12-16 21:50:57,537 - src.inference - ERROR - inference.py:202 - Generation failed: ChatGLMTokenizer._pad() got an unexpected keyword argument 'padding_side'
2025-12-16 21:50:57,537 - src.inference - ERROR - inference.py:202 - Generation failed: ChatGLMTokenizer._pad() got an unexpected keyword argument 'padding_side'
2025-12-16 21:50:57,537 - src.inference - ERROR - inference.py:202 - Generation failed: ChatGLMTokenizer._pad() got an unexpected keyword argument 'padding_side'
2025-12-16 21:50:57,538 - src.inference - ERROR - inference.py:202 - Generation failed: ChatGLMTokenizer._pad() got an unexpected keyword argument 'padding_side'
2025-12-16 21:50:57,538 - src.inference - ERROR - inference.py:202 - Generation failed: ChatGLMTokenizer._pad() got an unexpected keyword argument 'padding_side'
2025-12-16 21:50:57,538 - src.inference - ERROR - inference.py:202 - Generation failed: ChatGLMTokenizer._pad() got an unexpected keyword argument 'padding_side'
2025-12-16 21:58:44,819 - src.inference - INFO - inference.py:48 - ============================================================
2025-12-16 21:58:44,820 - src.inference - INFO - inference.py:49 - Initializing Chatbot Inference
2025-12-16 21:58:44,820 - src.inference - INFO - inference.py:50 - Base model: /root/.cache/modelscope/hub/models/ZhipuAI/chatglm3-6b
2025-12-16 21:58:44,820 - src.inference - INFO - inference.py:51 - LoRA weights: checkpoints/best_model
2025-12-16 21:58:44,820 - src.inference - INFO - inference.py:52 - Device: cuda
2025-12-16 21:58:44,820 - src.inference - INFO - inference.py:53 - FP16: False
2025-12-16 21:58:44,820 - src.inference - INFO - inference.py:54 - ============================================================
2025-12-16 21:58:48,872 - src.inference - INFO - inference.py:81 - Loading tokenizer...
2025-12-16 21:58:49,106 - src.inference - INFO - inference.py:88 - Loading model...
2025-12-16 21:58:49,913 - accelerate.utils.modeling - INFO - modeling.py:987 - We will use 90% of the memory on device 0 for storing the model, and 10% for the buffer to avoid OOM. You can set `max_memory` in to a higher value to use more memory (at your own risk).
2025-12-16 21:59:03,719 - src.inference - INFO - inference.py:99 - Loading LoRA weights from: checkpoints/best_model
2025-12-16 21:59:04,112 - src.inference - INFO - inference.py:107 - LoRA weights loaded successfully
2025-12-16 21:59:04,114 - src.inference - INFO - inference.py:110 - Model loaded in torch.float32
2025-12-16 21:59:04,114 - src.inference - INFO - inference.py:69 - Chatbot initialized successfully!

2025-12-16 22:00:33,798 - src.inference - ERROR - inference.py:202 - Generation failed: ChatGLMTokenizer._pad() got an unexpected keyword argument 'padding_side'
2025-12-16 22:01:28,722 - src.inference - INFO - inference.py:48 - ============================================================
2025-12-16 22:01:28,723 - src.inference - INFO - inference.py:49 - Initializing Chatbot Inference
2025-12-16 22:01:28,723 - src.inference - INFO - inference.py:50 - Base model: /root/.cache/modelscope/hub/models/ZhipuAI/chatglm3-6b
2025-12-16 22:01:28,724 - src.inference - INFO - inference.py:51 - LoRA weights: checkpoints/best_model
2025-12-16 22:01:28,724 - src.inference - INFO - inference.py:52 - Device: cuda
2025-12-16 22:01:28,724 - src.inference - INFO - inference.py:53 - FP16: False
2025-12-16 22:01:28,724 - src.inference - INFO - inference.py:54 - ============================================================
2025-12-16 22:01:32,905 - src.inference - INFO - inference.py:81 - Loading tokenizer...
2025-12-16 22:01:33,150 - src.inference - INFO - inference.py:88 - Loading model...
2025-12-16 22:01:33,970 - accelerate.utils.modeling - INFO - modeling.py:987 - We will use 90% of the memory on device 0 for storing the model, and 10% for the buffer to avoid OOM. You can set `max_memory` in to a higher value to use more memory (at your own risk).
2025-12-16 22:01:47,887 - src.inference - INFO - inference.py:99 - Loading LoRA weights from: checkpoints/best_model
2025-12-16 22:01:48,327 - src.inference - INFO - inference.py:107 - LoRA weights loaded successfully
2025-12-16 22:01:48,330 - src.inference - INFO - inference.py:110 - Model loaded in torch.float32
2025-12-16 22:01:48,331 - src.inference - INFO - inference.py:69 - Chatbot initialized successfully!

2025-12-16 22:01:54,813 - src.inference - ERROR - inference.py:202 - Generation failed: ChatGLMTokenizer._pad() got an unexpected keyword argument 'padding_side'
2025-12-16 22:01:58,520 - src.inference - ERROR - inference.py:202 - Generation failed: ChatGLMTokenizer._pad() got an unexpected keyword argument 'padding_side'
2025-12-16 22:14:39,417 - src.inference - INFO - inference.py:48 - ============================================================
2025-12-16 22:14:39,418 - src.inference - INFO - inference.py:49 - Initializing Chatbot Inference
2025-12-16 22:14:39,418 - src.inference - INFO - inference.py:50 - Base model: /root/.cache/modelscope/hub/models/ZhipuAI/chatglm3-6b
2025-12-16 22:14:39,418 - src.inference - INFO - inference.py:51 - LoRA weights: checkpoints/best_model
2025-12-16 22:14:39,419 - src.inference - INFO - inference.py:52 - Device: cuda
2025-12-16 22:14:39,419 - src.inference - INFO - inference.py:53 - FP16: False
2025-12-16 22:14:39,419 - src.inference - INFO - inference.py:54 - ============================================================
2025-12-16 22:14:43,509 - src.inference - INFO - inference.py:81 - Loading tokenizer...
2025-12-16 22:14:43,762 - src.inference - INFO - inference.py:90 - Loading model...
2025-12-16 22:14:44,590 - accelerate.utils.modeling - INFO - modeling.py:987 - We will use 90% of the memory on device 0 for storing the model, and 10% for the buffer to avoid OOM. You can set `max_memory` in to a higher value to use more memory (at your own risk).
2025-12-16 22:14:59,418 - src.inference - INFO - inference.py:101 - Loading LoRA weights from: checkpoints/best_model
2025-12-16 22:14:59,911 - src.inference - INFO - inference.py:109 - LoRA weights loaded successfully
2025-12-16 22:14:59,914 - src.inference - INFO - inference.py:112 - Model loaded in torch.float32
2025-12-16 22:14:59,914 - src.inference - INFO - inference.py:69 - Chatbot initialized successfully!

2025-12-16 22:15:22,339 - src.inference - ERROR - inference.py:204 - Generation failed: ChatGLMTokenizer._pad() got an unexpected keyword argument 'padding_side'
2025-12-16 22:17:15,427 - src.inference - INFO - inference.py:48 - ============================================================
2025-12-16 22:17:15,427 - src.inference - INFO - inference.py:49 - Initializing Chatbot Inference
2025-12-16 22:17:15,428 - src.inference - INFO - inference.py:50 - Base model: /root/.cache/modelscope/hub/models/ZhipuAI/chatglm3-6b
2025-12-16 22:17:15,428 - src.inference - INFO - inference.py:51 - LoRA weights: checkpoints/best_model
2025-12-16 22:17:15,428 - src.inference - INFO - inference.py:52 - Device: cuda
2025-12-16 22:17:15,428 - src.inference - INFO - inference.py:53 - FP16: False
2025-12-16 22:17:15,428 - src.inference - INFO - inference.py:54 - ============================================================
2025-12-16 22:17:19,457 - src.inference - INFO - inference.py:81 - Loading tokenizer...
2025-12-16 22:17:19,703 - src.inference - INFO - inference.py:90 - Loading model...
2025-12-16 22:17:20,519 - accelerate.utils.modeling - INFO - modeling.py:987 - We will use 90% of the memory on device 0 for storing the model, and 10% for the buffer to avoid OOM. You can set `max_memory` in to a higher value to use more memory (at your own risk).
2025-12-16 22:17:36,125 - src.inference - INFO - inference.py:101 - Loading LoRA weights from: checkpoints/best_model
2025-12-16 22:17:36,550 - src.inference - INFO - inference.py:109 - LoRA weights loaded successfully
2025-12-16 22:17:36,553 - src.inference - INFO - inference.py:112 - Model loaded in torch.float32
2025-12-16 22:17:36,553 - src.inference - INFO - inference.py:69 - Chatbot initialized successfully!

2025-12-16 22:17:46,453 - src.inference - ERROR - inference.py:204 - Generation failed: ChatGLMTokenizer._pad() got an unexpected keyword argument 'padding_side'
2025-12-16 22:18:13,462 - src.inference - ERROR - inference.py:204 - Generation failed: ChatGLMTokenizer._pad() got an unexpected keyword argument 'padding_side'
2025-12-16 22:27:50,465 - src.inference - INFO - inference.py:48 - ============================================================
2025-12-16 22:27:50,466 - src.inference - INFO - inference.py:49 - Initializing Chatbot Inference
2025-12-16 22:27:50,466 - src.inference - INFO - inference.py:50 - Base model: /root/.cache/modelscope/hub/models/ZhipuAI/chatglm3-6b
2025-12-16 22:27:50,466 - src.inference - INFO - inference.py:51 - LoRA weights: checkpoints/best_model
2025-12-16 22:27:50,466 - src.inference - INFO - inference.py:52 - Device: cuda
2025-12-16 22:27:50,466 - src.inference - INFO - inference.py:53 - FP16: False
2025-12-16 22:27:50,466 - src.inference - INFO - inference.py:54 - ============================================================
2025-12-16 22:27:54,427 - src.inference - INFO - inference.py:81 - Loading tokenizer...
2025-12-16 22:27:54,663 - src.inference - INFO - inference.py:90 - Loading model...
2025-12-16 22:27:55,517 - accelerate.utils.modeling - INFO - modeling.py:987 - We will use 90% of the memory on device 0 for storing the model, and 10% for the buffer to avoid OOM. You can set `max_memory` in to a higher value to use more memory (at your own risk).
2025-12-16 22:28:08,772 - src.inference - INFO - inference.py:101 - Loading LoRA weights from: checkpoints/best_model
2025-12-16 22:28:09,446 - src.inference - INFO - inference.py:109 - LoRA weights loaded successfully
2025-12-16 22:28:09,448 - src.inference - INFO - inference.py:112 - Model loaded in torch.float32
2025-12-16 22:28:09,448 - src.inference - INFO - inference.py:69 - Chatbot initialized successfully!

2025-12-16 22:29:02,892 - src.inference - ERROR - inference.py:216 - Generation failed: 'ChatGLMConfig' object has no attribute 'num_hidden_layers'
2025-12-16 22:29:05,623 - src.inference - ERROR - inference.py:217 - Context: 今天忍不住吃了烤串，又拉肚子了，...
2025-12-16 22:30:46,663 - src.inference - INFO - inference.py:48 - ============================================================
2025-12-16 22:30:46,664 - src.inference - INFO - inference.py:49 - Initializing Chatbot Inference
2025-12-16 22:30:46,664 - src.inference - INFO - inference.py:50 - Base model: /root/.cache/modelscope/hub/models/ZhipuAI/chatglm3-6b
2025-12-16 22:30:46,665 - src.inference - INFO - inference.py:51 - LoRA weights: checkpoints/best_model
2025-12-16 22:30:46,665 - src.inference - INFO - inference.py:52 - Device: cuda
2025-12-16 22:30:46,665 - src.inference - INFO - inference.py:53 - FP16: False
2025-12-16 22:30:46,665 - src.inference - INFO - inference.py:54 - ============================================================
2025-12-16 22:30:50,574 - src.inference - INFO - inference.py:81 - Loading tokenizer...
2025-12-16 22:30:50,806 - src.inference - INFO - inference.py:90 - Loading model...
2025-12-16 22:30:51,599 - accelerate.utils.modeling - INFO - modeling.py:987 - We will use 90% of the memory on device 0 for storing the model, and 10% for the buffer to avoid OOM. You can set `max_memory` in to a higher value to use more memory (at your own risk).
2025-12-16 22:31:04,651 - src.inference - INFO - inference.py:101 - Loading LoRA weights from: checkpoints/best_model
2025-12-16 22:31:05,181 - src.inference - INFO - inference.py:109 - LoRA weights loaded successfully
2025-12-16 22:31:05,184 - src.inference - INFO - inference.py:112 - Model loaded in torch.float32
2025-12-16 22:31:05,184 - src.inference - INFO - inference.py:69 - Chatbot initialized successfully!

2025-12-16 22:31:08,971 - src.inference - ERROR - inference.py:216 - Generation failed: 'ChatGLMConfig' object has no attribute 'num_hidden_layers'
2025-12-16 22:31:08,971 - src.inference - ERROR - inference.py:217 - Context: 今天忍不住吃了烤串，又拉肚子了，...
2025-12-16 22:31:22,983 - src.inference - ERROR - inference.py:216 - Generation failed: 'ChatGLMConfig' object has no attribute 'num_hidden_layers'
2025-12-16 22:31:22,983 - src.inference - ERROR - inference.py:217 - Context: 画画的...
2025-12-16 22:31:57,201 - src.inference - INFO - inference.py:48 - ============================================================
2025-12-16 22:31:57,202 - src.inference - INFO - inference.py:49 - Initializing Chatbot Inference
2025-12-16 22:31:57,202 - src.inference - INFO - inference.py:50 - Base model: /root/.cache/modelscope/hub/models/ZhipuAI/chatglm3-6b
2025-12-16 22:31:57,202 - src.inference - INFO - inference.py:51 - LoRA weights: checkpoints/best_model
2025-12-16 22:31:57,202 - src.inference - INFO - inference.py:52 - Device: cuda
2025-12-16 22:31:57,203 - src.inference - INFO - inference.py:53 - FP16: False
2025-12-16 22:31:57,203 - src.inference - INFO - inference.py:54 - ============================================================
2025-12-16 22:32:01,667 - src.inference - INFO - inference.py:81 - Loading tokenizer...
2025-12-16 22:32:01,923 - src.inference - INFO - inference.py:88 - Loading model...
2025-12-16 22:32:02,759 - accelerate.utils.modeling - INFO - modeling.py:987 - We will use 90% of the memory on device 0 for storing the model, and 10% for the buffer to avoid OOM. You can set `max_memory` in to a higher value to use more memory (at your own risk).
2025-12-16 22:32:16,553 - src.inference - INFO - inference.py:99 - Loading LoRA weights from: checkpoints/best_model
2025-12-16 22:32:17,071 - src.inference - INFO - inference.py:107 - LoRA weights loaded successfully
2025-12-16 22:32:17,074 - src.inference - INFO - inference.py:110 - Model loaded in torch.float32
2025-12-16 22:32:17,075 - src.inference - INFO - inference.py:69 - Chatbot initialized successfully!

2025-12-16 22:33:00,251 - src.inference - ERROR - inference.py:214 - Generation failed: 'ChatGLMConfig' object has no attribute 'num_hidden_layers'
2025-12-16 22:37:47,089 - src.inference - INFO - inference.py:48 - ============================================================
2025-12-16 22:37:47,090 - src.inference - INFO - inference.py:49 - Initializing Chatbot Inference
2025-12-16 22:37:47,091 - src.inference - INFO - inference.py:50 - Base model: /root/.cache/modelscope/hub/models/ZhipuAI/chatglm3-6b
2025-12-16 22:37:47,091 - src.inference - INFO - inference.py:51 - LoRA weights: checkpoints/best_model
2025-12-16 22:37:47,091 - src.inference - INFO - inference.py:52 - Device: cuda
2025-12-16 22:37:47,091 - src.inference - INFO - inference.py:53 - FP16: False
2025-12-16 22:37:47,091 - src.inference - INFO - inference.py:54 - ============================================================
2025-12-16 22:37:51,228 - src.inference - INFO - inference.py:81 - Loading tokenizer...
2025-12-16 22:37:51,456 - src.inference - INFO - inference.py:88 - Loading model...
2025-12-16 22:37:52,231 - accelerate.utils.modeling - INFO - modeling.py:987 - We will use 90% of the memory on device 0 for storing the model, and 10% for the buffer to avoid OOM. You can set `max_memory` in to a higher value to use more memory (at your own risk).
2025-12-16 22:38:06,207 - src.inference - INFO - inference.py:99 - Loading LoRA weights from: checkpoints/best_model
2025-12-16 22:38:06,653 - src.inference - INFO - inference.py:107 - LoRA weights loaded successfully
2025-12-16 22:38:06,656 - src.inference - INFO - inference.py:110 - Model loaded in torch.float32
2025-12-16 22:38:06,656 - src.inference - INFO - inference.py:69 - Chatbot initialized successfully!

2025-12-16 22:38:26,122 - src.inference - ERROR - inference.py:166 - Generation failed: ChatGLMTokenizer._pad() got an unexpected keyword argument 'padding_side'
2025-12-16 22:42:41,968 - src.inference - INFO - inference.py:48 - ============================================================
2025-12-16 22:42:41,970 - src.inference - INFO - inference.py:49 - Initializing Chatbot Inference
2025-12-16 22:42:41,970 - src.inference - INFO - inference.py:50 - Base model: /root/.cache/modelscope/hub/models/ZhipuAI/chatglm3-6b
2025-12-16 22:42:41,970 - src.inference - INFO - inference.py:51 - LoRA weights: checkpoints/best_model
2025-12-16 22:42:41,970 - src.inference - INFO - inference.py:52 - Device: cuda
2025-12-16 22:42:41,970 - src.inference - INFO - inference.py:53 - FP16: False
2025-12-16 22:42:41,970 - src.inference - INFO - inference.py:54 - ============================================================
2025-12-16 22:42:46,354 - src.inference - INFO - inference.py:81 - Loading config...
2025-12-16 22:42:46,364 - src.inference - INFO - inference.py:100 - Set config.num_hidden_layers = 28
2025-12-16 22:42:46,364 - src.inference - INFO - inference.py:102 - Loading tokenizer...
2025-12-16 22:42:46,651 - src.inference - INFO - inference.py:116 - Loading model...
2025-12-16 22:42:47,527 - accelerate.utils.modeling - INFO - modeling.py:987 - We will use 90% of the memory on device 0 for storing the model, and 10% for the buffer to avoid OOM. You can set `max_memory` in to a higher value to use more memory (at your own risk).
2025-12-16 22:43:02,618 - src.inference - INFO - inference.py:128 - Loading LoRA weights from: checkpoints/best_model
2025-12-16 22:43:03,082 - src.inference - INFO - inference.py:136 - LoRA weights loaded successfully
2025-12-16 22:43:03,086 - src.inference - INFO - inference.py:139 - Model loaded in torch.float32
2025-12-16 22:43:03,086 - src.inference - INFO - inference.py:140 - Model device: cuda:0
2025-12-16 22:43:03,086 - src.inference - INFO - inference.py:69 - Chatbot initialized successfully!

2025-12-16 22:43:19,278 - src.inference - ERROR - inference.py:239 - Generation failed: 'NoneType' object has no attribute 'shape'
2025-12-16 22:43:33,054 - src.inference - ERROR - inference.py:241 - Traceback (most recent call last):
  File "/root/autodl-tmp/chatbot/src/inference.py", line 208, in generate_response
    outputs = self.model.generate(
        **inputs,
    ...<7 lines>...
        eos_token_id=self.tokenizer.eos_token_id or 2
    )
  File "/root/miniconda3/envs/deep-learning/lib/python3.13/site-packages/peft/peft_model.py", line 2048, in generate
    outputs = self.base_model.generate(*args, **kwargs)
  File "/root/miniconda3/envs/deep-learning/lib/python3.13/site-packages/torch/utils/_contextlib.py", line 120, in decorate_context
    return func(*args, **kwargs)
  File "/root/miniconda3/envs/deep-learning/lib/python3.13/site-packages/transformers/generation/utils.py", line 2564, in generate
    result = decoding_method(
        self,
    ...<5 lines>...
        **model_kwargs,
    )
  File "/root/miniconda3/envs/deep-learning/lib/python3.13/site-packages/transformers/generation/utils.py", line 2784, in _sample
    outputs = self(**model_inputs, return_dict=True)
  File "/root/miniconda3/envs/deep-learning/lib/python3.13/site-packages/torch/nn/modules/module.py", line 1775, in _wrapped_call_impl
    return self._call_impl(*args, **kwargs)
           ~~~~~~~~~~~~~~~^^^^^^^^^^^^^^^^^
  File "/root/miniconda3/envs/deep-learning/lib/python3.13/site-packages/torch/nn/modules/module.py", line 1786, in _call_impl
    return forward_call(*args, **kwargs)
  File "/root/.cache/huggingface/modules/transformers_modules/chatglm3_hyphen_6b/modeling_chatglm.py", line 937, in forward
    transformer_outputs = self.transformer(
        input_ids=input_ids,
    ...<6 lines>...
        return_dict=return_dict,
    )
  File "/root/miniconda3/envs/deep-learning/lib/python3.13/site-packages/torch/nn/modules/module.py", line 1775, in _wrapped_call_impl
    return self._call_impl(*args, **kwargs)
           ~~~~~~~~~~~~~~~^^^^^^^^^^^^^^^^^
  File "/root/miniconda3/envs/deep-learning/lib/python3.13/site-packages/torch/nn/modules/module.py", line 1786, in _call_impl
    return forward_call(*args, **kwargs)
  File "/root/.cache/huggingface/modules/transformers_modules/chatglm3_hyphen_6b/modeling_chatglm.py", line 819, in forward
    full_attention_mask = self.get_masks(input_ids, past_key_values, padding_mask=attention_mask)
  File "/root/.cache/huggingface/modules/transformers_modules/chatglm3_hyphen_6b/modeling_chatglm.py", line 683, in get_masks
    past_length = past_key_values[0][0].shape[0]
                  ^^^^^^^^^^^^^^^^^^^^^^^^^^^
AttributeError: 'NoneType' object has no attribute 'shape'

2025-12-16 22:45:45,553 - src.inference - INFO - inference.py:48 - ============================================================
2025-12-16 22:45:45,555 - src.inference - INFO - inference.py:49 - Initializing Chatbot Inference
2025-12-16 22:45:45,555 - src.inference - INFO - inference.py:50 - Base model: /root/.cache/modelscope/hub/models/ZhipuAI/chatglm3-6b
2025-12-16 22:45:45,556 - src.inference - INFO - inference.py:51 - LoRA weights: checkpoints/best_model
2025-12-16 22:45:45,556 - src.inference - INFO - inference.py:52 - Device: cuda
2025-12-16 22:45:45,556 - src.inference - INFO - inference.py:53 - FP16: False
2025-12-16 22:45:45,556 - src.inference - INFO - inference.py:54 - ============================================================
2025-12-16 22:45:49,637 - src.inference - INFO - inference.py:81 - Loading config...
2025-12-16 22:45:49,646 - src.inference - INFO - inference.py:100 - Set config.num_hidden_layers = 28
2025-12-16 22:45:49,646 - src.inference - INFO - inference.py:102 - Loading tokenizer...
2025-12-16 22:45:49,883 - src.inference - INFO - inference.py:116 - Loading model...
2025-12-16 22:45:50,706 - accelerate.utils.modeling - INFO - modeling.py:987 - We will use 90% of the memory on device 0 for storing the model, and 10% for the buffer to avoid OOM. You can set `max_memory` in to a higher value to use more memory (at your own risk).
2025-12-16 22:46:04,593 - src.inference - INFO - inference.py:128 - Loading LoRA weights from: checkpoints/best_model
2025-12-16 22:46:05,011 - src.inference - INFO - inference.py:136 - LoRA weights loaded successfully
2025-12-16 22:46:05,014 - src.inference - INFO - inference.py:139 - Model loaded in torch.float32
2025-12-16 22:46:05,015 - src.inference - INFO - inference.py:140 - Model device: cuda:0
2025-12-16 22:46:05,015 - src.inference - INFO - inference.py:69 - Chatbot initialized successfully!

2025-12-16 22:46:15,945 - src.inference - ERROR - inference.py:228 - Generation failed: 'NoneType' object has no attribute 'shape'
2025-12-16 22:46:19,752 - src.inference - ERROR - inference.py:230 - Traceback (most recent call last):
  File "/root/autodl-tmp/chatbot/src/inference.py", line 198, in generate_response
    outputs = self.model.generate(
        input_ids=input_ids_tensor,
    ...<10 lines>...
        eos_token_id=self.tokenizer.eos_token_id or 2
    )
  File "/root/miniconda3/envs/deep-learning/lib/python3.13/site-packages/peft/peft_model.py", line 2048, in generate
    outputs = self.base_model.generate(*args, **kwargs)
  File "/root/miniconda3/envs/deep-learning/lib/python3.13/site-packages/torch/utils/_contextlib.py", line 120, in decorate_context
    return func(*args, **kwargs)
  File "/root/miniconda3/envs/deep-learning/lib/python3.13/site-packages/transformers/generation/utils.py", line 2564, in generate
    result = decoding_method(
        self,
    ...<5 lines>...
        **model_kwargs,
    )
  File "/root/miniconda3/envs/deep-learning/lib/python3.13/site-packages/transformers/generation/utils.py", line 2784, in _sample
    outputs = self(**model_inputs, return_dict=True)
  File "/root/miniconda3/envs/deep-learning/lib/python3.13/site-packages/torch/nn/modules/module.py", line 1775, in _wrapped_call_impl
    return self._call_impl(*args, **kwargs)
           ~~~~~~~~~~~~~~~^^^^^^^^^^^^^^^^^
  File "/root/miniconda3/envs/deep-learning/lib/python3.13/site-packages/torch/nn/modules/module.py", line 1786, in _call_impl
    return forward_call(*args, **kwargs)
  File "/root/.cache/huggingface/modules/transformers_modules/chatglm3_hyphen_6b/modeling_chatglm.py", line 937, in forward
    transformer_outputs = self.transformer(
        input_ids=input_ids,
    ...<6 lines>...
        return_dict=return_dict,
    )
  File "/root/miniconda3/envs/deep-learning/lib/python3.13/site-packages/torch/nn/modules/module.py", line 1775, in _wrapped_call_impl
    return self._call_impl(*args, **kwargs)
           ~~~~~~~~~~~~~~~^^^^^^^^^^^^^^^^^
  File "/root/miniconda3/envs/deep-learning/lib/python3.13/site-packages/torch/nn/modules/module.py", line 1786, in _call_impl
    return forward_call(*args, **kwargs)
  File "/root/.cache/huggingface/modules/transformers_modules/chatglm3_hyphen_6b/modeling_chatglm.py", line 819, in forward
    full_attention_mask = self.get_masks(input_ids, past_key_values, padding_mask=attention_mask)
  File "/root/.cache/huggingface/modules/transformers_modules/chatglm3_hyphen_6b/modeling_chatglm.py", line 683, in get_masks
    past_length = past_key_values[0][0].shape[0]
                  ^^^^^^^^^^^^^^^^^^^^^^^^^^^
AttributeError: 'NoneType' object has no attribute 'shape'

2025-12-16 22:48:26,145 - src.inference - INFO - inference.py:48 - ============================================================
2025-12-16 22:48:26,147 - src.inference - INFO - inference.py:49 - Initializing Chatbot Inference
2025-12-16 22:48:26,147 - src.inference - INFO - inference.py:50 - Base model: /root/.cache/modelscope/hub/models/ZhipuAI/chatglm3-6b
2025-12-16 22:48:26,147 - src.inference - INFO - inference.py:51 - LoRA weights: checkpoints/best_model
2025-12-16 22:48:26,147 - src.inference - INFO - inference.py:52 - Device: cuda
2025-12-16 22:48:26,147 - src.inference - INFO - inference.py:53 - FP16: False
2025-12-16 22:48:26,147 - src.inference - INFO - inference.py:54 - ============================================================
2025-12-16 22:48:30,906 - src.inference - INFO - inference.py:81 - Loading config...
2025-12-16 22:48:30,916 - src.inference - INFO - inference.py:100 - Set config.num_hidden_layers = 28
2025-12-16 22:48:30,916 - src.inference - INFO - inference.py:102 - Loading tokenizer...
2025-12-16 22:48:31,235 - src.inference - INFO - inference.py:116 - Loading model...
2025-12-16 22:48:32,207 - accelerate.utils.modeling - INFO - modeling.py:987 - We will use 90% of the memory on device 0 for storing the model, and 10% for the buffer to avoid OOM. You can set `max_memory` in to a higher value to use more memory (at your own risk).
2025-12-16 22:48:46,934 - src.inference - INFO - inference.py:128 - Loading LoRA weights from: checkpoints/best_model
2025-12-16 22:48:47,433 - src.inference - INFO - inference.py:136 - LoRA weights loaded successfully
2025-12-16 22:48:47,436 - src.inference - INFO - inference.py:139 - Model loaded in torch.float32
2025-12-16 22:48:47,436 - src.inference - INFO - inference.py:140 - Model device: cuda:0
2025-12-16 22:48:47,437 - src.inference - INFO - inference.py:69 - Chatbot initialized successfully!

2025-12-16 22:49:10,276 - src.inference - ERROR - inference.py:211 - Generation failed: 'ChatGLMForConditionalGeneration' object has no attribute '_extract_past_from_model_output'
2025-12-16 22:49:13,531 - src.inference - ERROR - inference.py:213 - Traceback (most recent call last):
  File "/root/autodl-tmp/chatbot/src/inference.py", line 193, in generate_response
    outputs = self.model.generate(
        input_ids_tensor,
        **gen_kwargs
    )
  File "/root/miniconda3/envs/deep-learning/lib/python3.13/site-packages/peft/peft_model.py", line 2048, in generate
    outputs = self.base_model.generate(*args, **kwargs)
  File "/root/miniconda3/envs/deep-learning/lib/python3.13/site-packages/torch/utils/_contextlib.py", line 120, in decorate_context
    return func(*args, **kwargs)
  File "/root/miniconda3/envs/deep-learning/lib/python3.13/site-packages/transformers/generation/utils.py", line 2564, in generate
    result = decoding_method(
        self,
    ...<5 lines>...
        **model_kwargs,
    )
  File "/root/miniconda3/envs/deep-learning/lib/python3.13/site-packages/transformers/generation/utils.py", line 2790, in _sample
    model_kwargs = self._update_model_kwargs_for_generation(
        outputs,
        model_kwargs,
        is_encoder_decoder=self.config.is_encoder_decoder,
    )
  File "/root/.cache/huggingface/modules/transformers_modules/chatglm3_hyphen_6b/modeling_chatglm.py", line 871, in _update_model_kwargs_for_generation
    model_kwargs["past_key_values"] = self._extract_past_from_model_output(
                                      ^^^^^^^^^^^^^^^^^^^^^^^^^^^^^^^^^^^^
  File "/root/miniconda3/envs/deep-learning/lib/python3.13/site-packages/torch/nn/modules/module.py", line 1964, in __getattr__
    raise AttributeError(
        f"'{type(self).__name__}' object has no attribute '{name}'"
    )
AttributeError: 'ChatGLMForConditionalGeneration' object has no attribute '_extract_past_from_model_output'

2025-12-16 22:51:09,288 - src.inference - INFO - inference.py:48 - ============================================================
2025-12-16 22:51:09,289 - src.inference - INFO - inference.py:49 - Initializing Chatbot Inference
2025-12-16 22:51:09,289 - src.inference - INFO - inference.py:50 - Base model: /root/.cache/modelscope/hub/models/ZhipuAI/chatglm3-6b
2025-12-16 22:51:09,289 - src.inference - INFO - inference.py:51 - LoRA weights: checkpoints/best_model
2025-12-16 22:51:09,290 - src.inference - INFO - inference.py:52 - Device: cuda
2025-12-16 22:51:09,290 - src.inference - INFO - inference.py:53 - FP16: False
2025-12-16 22:51:09,290 - src.inference - INFO - inference.py:54 - ============================================================
2025-12-16 22:51:13,717 - src.inference - INFO - inference.py:81 - Loading config...
2025-12-16 22:51:13,727 - src.inference - INFO - inference.py:99 - Loading tokenizer...
2025-12-16 22:51:13,982 - src.inference - INFO - inference.py:109 - Loading model...
2025-12-16 22:51:14,842 - accelerate.utils.modeling - INFO - modeling.py:987 - We will use 90% of the memory on device 0 for storing the model, and 10% for the buffer to avoid OOM. You can set `max_memory` in to a higher value to use more memory (at your own risk).
2025-12-16 22:51:28,806 - src.inference - INFO - inference.py:119 - Loading LoRA weights from: checkpoints/best_model
2025-12-16 22:51:29,217 - src.inference - INFO - inference.py:129 - Merging LoRA weights into base model...
2025-12-16 22:51:29,403 - src.inference - INFO - inference.py:131 - ✓ LoRA weights merged successfully
2025-12-16 22:51:29,405 - src.inference - INFO - inference.py:134 - ✓ Model loaded in torch.float32
2025-12-16 22:51:29,405 - src.inference - INFO - inference.py:69 - Chatbot initialized successfully!

2025-12-16 22:51:42,519 - src.inference - ERROR - inference.py:192 - Generation failed: 'ChatGLMForConditionalGeneration' object has no attribute '_extract_past_from_model_output'
2025-12-16 22:51:44,887 - src.inference - ERROR - inference.py:194 - Traceback (most recent call last):
  File "/root/autodl-tmp/chatbot/src/inference.py", line 168, in generate_response
    outputs = self.model.generate(
        input_ids_tensor,
    ...<8 lines>...
        eos_token_id=self.tokenizer.eos_token_id or 2
    )
  File "/root/miniconda3/envs/deep-learning/lib/python3.13/site-packages/torch/utils/_contextlib.py", line 120, in decorate_context
    return func(*args, **kwargs)
  File "/root/miniconda3/envs/deep-learning/lib/python3.13/site-packages/transformers/generation/utils.py", line 2564, in generate
    result = decoding_method(
        self,
    ...<5 lines>...
        **model_kwargs,
    )
  File "/root/miniconda3/envs/deep-learning/lib/python3.13/site-packages/transformers/generation/utils.py", line 2790, in _sample
    model_kwargs = self._update_model_kwargs_for_generation(
        outputs,
        model_kwargs,
        is_encoder_decoder=self.config.is_encoder_decoder,
    )
  File "/root/.cache/huggingface/modules/transformers_modules/chatglm3_hyphen_6b/modeling_chatglm.py", line 871, in _update_model_kwargs_for_generation
    model_kwargs["past_key_values"] = self._extract_past_from_model_output(
                                      ^^^^^^^^^^^^^^^^^^^^^^^^^^^^^^^^^^^^
  File "/root/miniconda3/envs/deep-learning/lib/python3.13/site-packages/torch/nn/modules/module.py", line 1964, in __getattr__
    raise AttributeError(
        f"'{type(self).__name__}' object has no attribute '{name}'"
    )
AttributeError: 'ChatGLMForConditionalGeneration' object has no attribute '_extract_past_from_model_output'

2025-12-16 23:03:12,785 - src.inference - INFO - inference.py:48 - ============================================================
2025-12-16 23:03:12,786 - src.inference - INFO - inference.py:49 - Initializing Chatbot Inference
2025-12-16 23:03:12,786 - src.inference - INFO - inference.py:50 - Base model: /root/autodl-tmp/modelscope/hub/models/ZhipuAI/chatglm3-6b
2025-12-16 23:03:12,786 - src.inference - INFO - inference.py:51 - LoRA weights: checkpoints/best_model
2025-12-16 23:03:12,786 - src.inference - INFO - inference.py:52 - Device: cuda
2025-12-16 23:03:12,786 - src.inference - INFO - inference.py:53 - FP16: False
2025-12-16 23:03:12,786 - src.inference - INFO - inference.py:54 - ============================================================
2025-12-16 23:03:17,440 - src.inference - INFO - inference.py:81 - Loading config...
2025-12-16 23:03:17,450 - src.inference - INFO - inference.py:99 - Loading tokenizer...
2025-12-16 23:03:17,674 - src.inference - INFO - inference.py:109 - Loading model...
2025-12-16 23:03:18,594 - accelerate.utils.modeling - INFO - modeling.py:987 - We will use 90% of the memory on device 0 for storing the model, and 10% for the buffer to avoid OOM. You can set `max_memory` in to a higher value to use more memory (at your own risk).
2025-12-16 23:03:52,810 - src.inference - INFO - inference.py:119 - Loading LoRA weights from: checkpoints/best_model
2025-12-16 23:03:53,309 - src.inference - INFO - inference.py:128 - Merging LoRA weights into base model...
2025-12-16 23:03:53,543 - src.inference - INFO - inference.py:130 - ✓ LoRA weights merged successfully
2025-12-16 23:03:53,544 - src.inference - INFO - inference.py:141 - ✓ Added _extract_past_from_model_output method
2025-12-16 23:03:53,544 - src.inference - INFO - inference.py:158 - ✓ Patched _update_model_kwargs_for_generation method
2025-12-16 23:03:53,545 - src.inference - INFO - inference.py:161 - ✓ Model loaded in torch.float32
2025-12-16 23:03:53,545 - src.inference - INFO - inference.py:69 - Chatbot initialized successfully!

2025-12-16 23:05:15,767 - src.inference - INFO - inference.py:213 - ✓ Generated in 16.84s
2025-12-16 23:05:39,820 - src.inference - INFO - inference.py:213 - ✓ Generated in 15.23s
2025-12-16 23:05:40,008 - src.inference - INFO - inference.py:213 - ✓ Generated in 0.18s
2025-12-16 23:05:40,306 - src.inference - INFO - inference.py:213 - ✓ Generated in 0.30s
2025-12-16 23:05:40,892 - src.inference - INFO - inference.py:213 - ✓ Generated in 0.58s
2025-12-16 23:05:41,043 - src.inference - INFO - inference.py:213 - ✓ Generated in 0.15s
2025-12-16 23:05:41,496 - src.inference - INFO - inference.py:213 - ✓ Generated in 0.45s
2025-12-16 23:05:41,844 - src.inference - INFO - inference.py:213 - ✓ Generated in 0.35s
2025-12-16 23:05:42,142 - src.inference - INFO - inference.py:213 - ✓ Generated in 0.30s
2025-12-16 23:05:42,552 - src.inference - INFO - inference.py:213 - ✓ Generated in 0.41s
2025-12-16 23:05:43,478 - src.inference - INFO - inference.py:213 - ✓ Generated in 0.93s
2025-12-16 23:05:43,729 - src.inference - INFO - inference.py:213 - ✓ Generated in 0.25s
2025-12-16 23:05:43,927 - src.inference - INFO - inference.py:213 - ✓ Generated in 0.20s
2025-12-16 23:05:44,129 - src.inference - INFO - inference.py:213 - ✓ Generated in 0.20s
2025-12-16 23:05:44,523 - src.inference - INFO - inference.py:213 - ✓ Generated in 0.39s
2025-12-16 23:05:44,771 - src.inference - INFO - inference.py:213 - ✓ Generated in 0.25s
2025-12-16 23:05:44,922 - src.inference - INFO - inference.py:213 - ✓ Generated in 0.15s
2025-12-16 23:05:45,220 - src.inference - INFO - inference.py:213 - ✓ Generated in 0.30s
2025-12-16 23:05:45,420 - src.inference - INFO - inference.py:213 - ✓ Generated in 0.20s
2025-12-16 23:05:45,899 - src.inference - INFO - inference.py:213 - ✓ Generated in 0.48s
2025-12-16 23:05:46,351 - src.inference - INFO - inference.py:213 - ✓ Generated in 0.45s
2025-12-16 23:05:46,599 - src.inference - INFO - inference.py:213 - ✓ Generated in 0.25s
2025-12-16 23:05:46,897 - src.inference - INFO - inference.py:213 - ✓ Generated in 0.30s
2025-12-16 23:05:47,096 - src.inference - INFO - inference.py:213 - ✓ Generated in 0.20s
2025-12-16 23:05:47,418 - src.inference - INFO - inference.py:213 - ✓ Generated in 0.32s
2025-12-16 23:05:47,620 - src.inference - INFO - inference.py:213 - ✓ Generated in 0.20s
2025-12-16 23:05:47,867 - src.inference - INFO - inference.py:213 - ✓ Generated in 0.25s
2025-12-16 23:05:48,116 - src.inference - INFO - inference.py:213 - ✓ Generated in 0.25s
2025-12-16 23:05:48,511 - src.inference - INFO - inference.py:213 - ✓ Generated in 0.40s
2025-12-16 23:05:48,890 - src.inference - INFO - inference.py:213 - ✓ Generated in 0.38s
2025-12-16 23:05:49,301 - src.inference - INFO - inference.py:213 - ✓ Generated in 0.41s
2025-12-16 23:05:49,983 - src.inference - INFO - inference.py:213 - ✓ Generated in 0.68s
2025-12-16 23:05:50,526 - src.inference - INFO - inference.py:213 - ✓ Generated in 0.54s
2025-12-16 23:05:51,070 - src.inference - INFO - inference.py:213 - ✓ Generated in 0.54s
2025-12-16 23:05:51,270 - src.inference - INFO - inference.py:213 - ✓ Generated in 0.20s
2025-12-16 23:05:51,518 - src.inference - INFO - inference.py:213 - ✓ Generated in 0.25s
2025-12-16 23:05:51,667 - src.inference - INFO - inference.py:213 - ✓ Generated in 0.15s
2025-12-16 23:05:52,002 - src.inference - INFO - inference.py:213 - ✓ Generated in 0.33s
2025-12-16 23:05:52,349 - src.inference - INFO - inference.py:213 - ✓ Generated in 0.35s
2025-12-16 23:05:52,550 - src.inference - INFO - inference.py:213 - ✓ Generated in 0.20s
2025-12-16 23:05:52,751 - src.inference - INFO - inference.py:213 - ✓ Generated in 0.20s
2025-12-16 23:05:53,196 - src.inference - INFO - inference.py:213 - ✓ Generated in 0.44s
2025-12-16 23:05:53,445 - src.inference - INFO - inference.py:213 - ✓ Generated in 0.25s
2025-12-16 23:05:53,795 - src.inference - INFO - inference.py:213 - ✓ Generated in 0.35s
2025-12-16 23:05:54,391 - src.inference - INFO - inference.py:213 - ✓ Generated in 0.60s
2025-12-16 23:05:54,837 - src.inference - INFO - inference.py:213 - ✓ Generated in 0.44s
2025-12-16 23:05:55,036 - src.inference - INFO - inference.py:213 - ✓ Generated in 0.20s
2025-12-16 23:05:55,248 - src.inference - INFO - inference.py:213 - ✓ Generated in 0.21s
2025-12-16 23:05:55,696 - src.inference - INFO - inference.py:213 - ✓ Generated in 0.45s
2025-12-16 23:05:55,946 - src.inference - INFO - inference.py:213 - ✓ Generated in 0.25s
2025-12-16 23:05:56,423 - src.inference - INFO - inference.py:213 - ✓ Generated in 0.48s
2025-12-16 23:05:57,205 - src.inference - INFO - inference.py:213 - ✓ Generated in 0.78s
2025-12-16 23:05:57,405 - src.inference - INFO - inference.py:213 - ✓ Generated in 0.20s
2025-12-16 23:05:57,605 - src.inference - INFO - inference.py:213 - ✓ Generated in 0.20s
2025-12-16 23:05:57,786 - src.inference - INFO - inference.py:213 - ✓ Generated in 0.18s
2025-12-16 23:05:58,037 - src.inference - INFO - inference.py:213 - ✓ Generated in 0.25s
2025-12-16 23:05:58,434 - src.inference - INFO - inference.py:213 - ✓ Generated in 0.40s
2025-12-16 23:05:58,730 - src.inference - INFO - inference.py:213 - ✓ Generated in 0.29s
2025-12-16 23:05:59,592 - src.inference - INFO - inference.py:213 - ✓ Generated in 0.86s
2025-12-16 23:05:59,939 - src.inference - INFO - inference.py:213 - ✓ Generated in 0.35s
2025-12-16 23:06:00,138 - src.inference - INFO - inference.py:213 - ✓ Generated in 0.20s
2025-12-16 23:06:00,435 - src.inference - INFO - inference.py:213 - ✓ Generated in 0.30s
2025-12-16 23:06:00,734 - src.inference - INFO - inference.py:213 - ✓ Generated in 0.30s
2025-12-16 23:06:00,933 - src.inference - INFO - inference.py:213 - ✓ Generated in 0.20s
2025-12-16 23:06:01,084 - src.inference - INFO - inference.py:213 - ✓ Generated in 0.15s
2025-12-16 23:06:01,609 - src.inference - INFO - inference.py:213 - ✓ Generated in 0.52s
2025-12-16 23:06:02,150 - src.inference - INFO - inference.py:213 - ✓ Generated in 0.54s
2025-12-16 23:06:02,558 - src.inference - INFO - inference.py:213 - ✓ Generated in 0.41s
2025-12-16 23:06:02,786 - src.inference - INFO - inference.py:213 - ✓ Generated in 0.23s
2025-12-16 23:06:03,282 - src.inference - INFO - inference.py:213 - ✓ Generated in 0.49s
2025-12-16 23:06:03,481 - src.inference - INFO - inference.py:213 - ✓ Generated in 0.20s
2025-12-16 23:06:03,877 - src.inference - INFO - inference.py:213 - ✓ Generated in 0.39s
2025-12-16 23:06:04,076 - src.inference - INFO - inference.py:213 - ✓ Generated in 0.20s
2025-12-16 23:06:04,326 - src.inference - INFO - inference.py:213 - ✓ Generated in 0.25s
2025-12-16 23:06:04,574 - src.inference - INFO - inference.py:213 - ✓ Generated in 0.25s
2025-12-16 23:06:04,922 - src.inference - INFO - inference.py:213 - ✓ Generated in 0.35s
2025-12-16 23:06:05,219 - src.inference - INFO - inference.py:213 - ✓ Generated in 0.30s
2025-12-16 23:06:05,664 - src.inference - INFO - inference.py:213 - ✓ Generated in 0.44s
2025-12-16 23:06:05,867 - src.inference - INFO - inference.py:213 - ✓ Generated in 0.20s
2025-12-16 23:06:06,167 - src.inference - INFO - inference.py:213 - ✓ Generated in 0.30s
2025-12-16 23:06:06,516 - src.inference - INFO - inference.py:213 - ✓ Generated in 0.35s
2025-12-16 23:06:07,096 - src.inference - INFO - inference.py:213 - ✓ Generated in 0.58s
2025-12-16 23:06:07,445 - src.inference - INFO - inference.py:213 - ✓ Generated in 0.35s
2025-12-16 23:06:07,934 - src.inference - INFO - inference.py:213 - ✓ Generated in 0.49s
2025-12-16 23:06:08,116 - src.inference - INFO - inference.py:213 - ✓ Generated in 0.18s
2025-12-16 23:06:08,315 - src.inference - INFO - inference.py:213 - ✓ Generated in 0.20s
2025-12-16 23:06:08,563 - src.inference - INFO - inference.py:213 - ✓ Generated in 0.25s
2025-12-16 23:06:09,150 - src.inference - INFO - inference.py:213 - ✓ Generated in 0.59s
2025-12-16 23:06:09,548 - src.inference - INFO - inference.py:213 - ✓ Generated in 0.40s
2025-12-16 23:06:09,941 - src.inference - INFO - inference.py:213 - ✓ Generated in 0.39s
2025-12-16 23:06:10,191 - src.inference - INFO - inference.py:213 - ✓ Generated in 0.25s
2025-12-16 23:06:10,441 - src.inference - INFO - inference.py:213 - ✓ Generated in 0.25s
2025-12-16 23:06:10,591 - src.inference - INFO - inference.py:213 - ✓ Generated in 0.15s
2025-12-16 23:06:10,950 - src.inference - INFO - inference.py:213 - ✓ Generated in 0.36s
2025-12-16 23:06:11,248 - src.inference - INFO - inference.py:213 - ✓ Generated in 0.30s
2025-12-16 23:06:11,544 - src.inference - INFO - inference.py:213 - ✓ Generated in 0.30s
2025-12-16 23:06:11,695 - src.inference - INFO - inference.py:213 - ✓ Generated in 0.15s
2025-12-16 23:06:11,943 - src.inference - INFO - inference.py:213 - ✓ Generated in 0.25s
2025-12-16 23:06:12,291 - src.inference - INFO - inference.py:213 - ✓ Generated in 0.35s
2025-12-16 23:06:12,392 - src.inference - INFO - inference.py:213 - ✓ Generated in 0.10s
2025-12-16 23:06:12,737 - src.inference - INFO - inference.py:213 - ✓ Generated in 0.34s
2025-12-16 23:06:13,290 - src.inference - INFO - inference.py:213 - ✓ Generated in 0.55s
2025-12-16 23:06:13,489 - src.inference - INFO - inference.py:213 - ✓ Generated in 0.20s
2025-12-16 23:06:14,015 - src.inference - INFO - inference.py:213 - ✓ Generated in 0.53s
2025-12-16 23:06:14,361 - src.inference - INFO - inference.py:213 - ✓ Generated in 0.35s
2025-12-16 23:06:14,658 - src.inference - INFO - inference.py:213 - ✓ Generated in 0.30s
2025-12-16 23:06:14,973 - src.inference - INFO - inference.py:213 - ✓ Generated in 0.31s
2025-12-16 23:06:15,721 - src.inference - INFO - inference.py:213 - ✓ Generated in 0.75s
2025-12-16 23:06:16,214 - src.inference - INFO - inference.py:213 - ✓ Generated in 0.49s
2025-12-16 23:06:16,414 - src.inference - INFO - inference.py:213 - ✓ Generated in 0.20s
2025-12-16 23:06:16,663 - src.inference - INFO - inference.py:213 - ✓ Generated in 0.25s
2025-12-16 23:06:16,992 - src.inference - INFO - inference.py:213 - ✓ Generated in 0.33s
2025-12-16 23:06:17,143 - src.inference - INFO - inference.py:213 - ✓ Generated in 0.15s
2025-12-16 23:06:17,793 - src.inference - INFO - inference.py:213 - ✓ Generated in 0.65s
2025-12-16 23:06:18,090 - src.inference - INFO - inference.py:213 - ✓ Generated in 0.30s
2025-12-16 23:06:18,336 - src.inference - INFO - inference.py:213 - ✓ Generated in 0.25s
2025-12-16 23:06:18,584 - src.inference - INFO - inference.py:213 - ✓ Generated in 0.25s
2025-12-16 23:06:19,109 - src.inference - INFO - inference.py:213 - ✓ Generated in 0.52s
2025-12-16 23:06:19,309 - src.inference - INFO - inference.py:213 - ✓ Generated in 0.20s
2025-12-16 23:06:19,507 - src.inference - INFO - inference.py:213 - ✓ Generated in 0.20s
2025-12-16 23:06:19,754 - src.inference - INFO - inference.py:213 - ✓ Generated in 0.25s
2025-12-16 23:06:20,200 - src.inference - INFO - inference.py:213 - ✓ Generated in 0.45s
2025-12-16 23:06:20,547 - src.inference - INFO - inference.py:213 - ✓ Generated in 0.35s
2025-12-16 23:06:20,943 - src.inference - INFO - inference.py:213 - ✓ Generated in 0.40s
2025-12-16 23:06:21,240 - src.inference - INFO - inference.py:213 - ✓ Generated in 0.30s
2025-12-16 23:06:21,734 - src.inference - INFO - inference.py:213 - ✓ Generated in 0.49s
2025-12-16 23:06:22,031 - src.inference - INFO - inference.py:213 - ✓ Generated in 0.30s
2025-12-16 23:06:22,284 - src.inference - INFO - inference.py:213 - ✓ Generated in 0.25s
2025-12-16 23:06:22,506 - src.inference - INFO - inference.py:213 - ✓ Generated in 0.22s
2025-12-16 23:06:22,706 - src.inference - INFO - inference.py:213 - ✓ Generated in 0.20s
2025-12-16 23:06:23,053 - src.inference - INFO - inference.py:213 - ✓ Generated in 0.35s
2025-12-16 23:06:23,303 - src.inference - INFO - inference.py:213 - ✓ Generated in 0.25s
2025-12-16 23:06:23,700 - src.inference - INFO - inference.py:213 - ✓ Generated in 0.40s
2025-12-16 23:06:23,918 - src.inference - INFO - inference.py:213 - ✓ Generated in 0.22s
2025-12-16 23:06:24,120 - src.inference - INFO - inference.py:213 - ✓ Generated in 0.20s
2025-12-16 23:06:24,592 - src.inference - INFO - inference.py:213 - ✓ Generated in 0.47s
2025-12-16 23:06:25,038 - src.inference - INFO - inference.py:213 - ✓ Generated in 0.45s
2025-12-16 23:06:25,435 - src.inference - INFO - inference.py:213 - ✓ Generated in 0.40s
2025-12-16 23:06:25,779 - src.inference - INFO - inference.py:213 - ✓ Generated in 0.34s
2025-12-16 23:06:26,028 - src.inference - INFO - inference.py:213 - ✓ Generated in 0.25s
2025-12-16 23:06:26,488 - src.inference - INFO - inference.py:213 - ✓ Generated in 0.46s
2025-12-16 23:06:27,881 - src.inference - INFO - inference.py:213 - ✓ Generated in 1.39s
2025-12-16 23:06:28,390 - src.inference - INFO - inference.py:213 - ✓ Generated in 0.51s
2025-12-16 23:06:28,701 - src.inference - INFO - inference.py:213 - ✓ Generated in 0.31s
2025-12-16 23:06:29,195 - src.inference - INFO - inference.py:213 - ✓ Generated in 0.49s
2025-12-16 23:06:29,444 - src.inference - INFO - inference.py:213 - ✓ Generated in 0.25s
2025-12-16 23:06:30,542 - src.inference - INFO - inference.py:213 - ✓ Generated in 1.10s
2025-12-16 23:06:31,012 - src.inference - INFO - inference.py:213 - ✓ Generated in 0.47s
2025-12-16 23:06:31,262 - src.inference - INFO - inference.py:213 - ✓ Generated in 0.25s
2025-12-16 23:06:31,854 - src.inference - INFO - inference.py:213 - ✓ Generated in 0.59s
2025-12-16 23:06:32,199 - src.inference - INFO - inference.py:213 - ✓ Generated in 0.34s
2025-12-16 23:06:32,447 - src.inference - INFO - inference.py:213 - ✓ Generated in 0.25s
2025-12-16 23:06:33,003 - src.inference - INFO - inference.py:213 - ✓ Generated in 0.56s
2025-12-16 23:06:33,105 - src.inference - INFO - inference.py:213 - ✓ Generated in 0.10s
2025-12-16 23:06:34,112 - src.inference - INFO - inference.py:213 - ✓ Generated in 1.01s
2025-12-16 23:06:34,312 - src.inference - INFO - inference.py:213 - ✓ Generated in 0.20s
2025-12-16 23:06:34,709 - src.inference - INFO - inference.py:213 - ✓ Generated in 0.40s
2025-12-16 23:06:35,179 - src.inference - INFO - inference.py:213 - ✓ Generated in 0.47s
2025-12-16 23:06:35,637 - src.inference - INFO - inference.py:213 - ✓ Generated in 0.46s
2025-12-16 23:06:36,261 - src.inference - INFO - inference.py:213 - ✓ Generated in 0.62s
2025-12-16 23:06:36,509 - src.inference - INFO - inference.py:213 - ✓ Generated in 0.25s
2025-12-16 23:06:37,054 - src.inference - INFO - inference.py:213 - ✓ Generated in 0.54s
2025-12-16 23:06:37,549 - src.inference - INFO - inference.py:213 - ✓ Generated in 0.49s
2025-12-16 23:06:37,763 - src.inference - INFO - inference.py:213 - ✓ Generated in 0.21s
2025-12-16 23:06:38,013 - src.inference - INFO - inference.py:213 - ✓ Generated in 0.25s
2025-12-16 23:06:38,263 - src.inference - INFO - inference.py:213 - ✓ Generated in 0.25s
2025-12-16 23:06:38,462 - src.inference - INFO - inference.py:213 - ✓ Generated in 0.20s
2025-12-16 23:06:38,612 - src.inference - INFO - inference.py:213 - ✓ Generated in 0.15s
2025-12-16 23:06:39,236 - src.inference - INFO - inference.py:213 - ✓ Generated in 0.62s
2025-12-16 23:06:39,385 - src.inference - INFO - inference.py:213 - ✓ Generated in 0.15s
2025-12-16 23:06:39,730 - src.inference - INFO - inference.py:213 - ✓ Generated in 0.34s
2025-12-16 23:06:40,225 - src.inference - INFO - inference.py:213 - ✓ Generated in 0.49s
2025-12-16 23:06:40,771 - src.inference - INFO - inference.py:213 - ✓ Generated in 0.54s
2025-12-16 23:06:41,164 - src.inference - INFO - inference.py:213 - ✓ Generated in 0.39s
2025-12-16 23:06:41,365 - src.inference - INFO - inference.py:213 - ✓ Generated in 0.20s
2025-12-16 23:06:41,565 - src.inference - INFO - inference.py:213 - ✓ Generated in 0.20s
2025-12-16 23:06:42,168 - src.inference - INFO - inference.py:213 - ✓ Generated in 0.60s
2025-12-16 23:06:42,516 - src.inference - INFO - inference.py:213 - ✓ Generated in 0.35s
2025-12-16 23:06:42,730 - src.inference - INFO - inference.py:213 - ✓ Generated in 0.21s
2025-12-16 23:06:42,981 - src.inference - INFO - inference.py:213 - ✓ Generated in 0.25s
2025-12-16 23:06:43,180 - src.inference - INFO - inference.py:213 - ✓ Generated in 0.20s
2025-12-16 23:06:43,394 - src.inference - INFO - inference.py:213 - ✓ Generated in 0.21s
2025-12-16 23:06:43,594 - src.inference - INFO - inference.py:213 - ✓ Generated in 0.20s
2025-12-16 23:06:44,057 - src.inference - INFO - inference.py:213 - ✓ Generated in 0.46s
2025-12-16 23:06:44,725 - src.inference - INFO - inference.py:213 - ✓ Generated in 0.67s
2025-12-16 23:06:44,974 - src.inference - INFO - inference.py:213 - ✓ Generated in 0.25s
2025-12-16 23:06:45,222 - src.inference - INFO - inference.py:213 - ✓ Generated in 0.25s
2025-12-16 23:06:45,570 - src.inference - INFO - inference.py:213 - ✓ Generated in 0.35s
2025-12-16 23:06:45,961 - src.inference - INFO - inference.py:213 - ✓ Generated in 0.39s
2025-12-16 23:06:46,998 - src.inference - INFO - inference.py:213 - ✓ Generated in 1.04s
2025-12-16 23:06:47,542 - src.inference - INFO - inference.py:213 - ✓ Generated in 0.54s
2025-12-16 23:06:47,839 - src.inference - INFO - inference.py:213 - ✓ Generated in 0.30s
2025-12-16 23:06:48,089 - src.inference - INFO - inference.py:213 - ✓ Generated in 0.25s
2025-12-16 23:06:48,419 - src.inference - INFO - inference.py:213 - ✓ Generated in 0.33s
2025-12-16 23:06:48,670 - src.inference - INFO - inference.py:213 - ✓ Generated in 0.25s
2025-12-16 23:06:49,017 - src.inference - INFO - inference.py:213 - ✓ Generated in 0.35s
2025-12-16 23:06:49,563 - src.inference - INFO - inference.py:213 - ✓ Generated in 0.55s
2025-12-16 23:06:49,811 - src.inference - INFO - inference.py:213 - ✓ Generated in 0.25s
2025-12-16 23:06:50,264 - src.inference - INFO - inference.py:213 - ✓ Generated in 0.45s
2025-12-16 23:06:50,609 - src.inference - INFO - inference.py:213 - ✓ Generated in 0.35s
2025-12-16 23:06:51,298 - src.inference - INFO - inference.py:213 - ✓ Generated in 0.69s
2025-12-16 23:06:51,497 - src.inference - INFO - inference.py:213 - ✓ Generated in 0.20s
2025-12-16 23:06:51,746 - src.inference - INFO - inference.py:213 - ✓ Generated in 0.25s
2025-12-16 23:06:52,191 - src.inference - INFO - inference.py:213 - ✓ Generated in 0.44s
2025-12-16 23:06:52,777 - src.inference - INFO - inference.py:213 - ✓ Generated in 0.58s
2025-12-16 23:06:52,975 - src.inference - INFO - inference.py:213 - ✓ Generated in 0.20s
2025-12-16 23:06:53,126 - src.inference - INFO - inference.py:213 - ✓ Generated in 0.15s
2025-12-16 23:06:53,324 - src.inference - INFO - inference.py:213 - ✓ Generated in 0.20s
2025-12-16 23:06:53,524 - src.inference - INFO - inference.py:213 - ✓ Generated in 0.20s
2025-12-16 23:06:53,824 - src.inference - INFO - inference.py:213 - ✓ Generated in 0.30s
2025-12-16 23:06:54,023 - src.inference - INFO - inference.py:213 - ✓ Generated in 0.20s
2025-12-16 23:06:54,174 - src.inference - INFO - inference.py:213 - ✓ Generated in 0.15s
2025-12-16 23:06:54,435 - src.inference - INFO - inference.py:213 - ✓ Generated in 0.26s
2025-12-16 23:06:55,098 - src.inference - INFO - inference.py:213 - ✓ Generated in 0.66s
2025-12-16 23:06:55,397 - src.inference - INFO - inference.py:213 - ✓ Generated in 0.30s
2025-12-16 23:06:56,076 - src.inference - INFO - inference.py:213 - ✓ Generated in 0.68s
2025-12-16 23:06:56,480 - src.inference - INFO - inference.py:213 - ✓ Generated in 0.40s
2025-12-16 23:06:56,935 - src.inference - INFO - inference.py:213 - ✓ Generated in 0.45s
2025-12-16 23:06:57,134 - src.inference - INFO - inference.py:213 - ✓ Generated in 0.20s
2025-12-16 23:06:57,481 - src.inference - INFO - inference.py:213 - ✓ Generated in 0.35s
2025-12-16 23:06:57,730 - src.inference - INFO - inference.py:213 - ✓ Generated in 0.25s
2025-12-16 23:06:57,931 - src.inference - INFO - inference.py:213 - ✓ Generated in 0.20s
2025-12-16 23:06:58,795 - src.inference - INFO - inference.py:213 - ✓ Generated in 0.86s
2025-12-16 23:06:59,241 - src.inference - INFO - inference.py:213 - ✓ Generated in 0.45s
2025-12-16 23:06:59,442 - src.inference - INFO - inference.py:213 - ✓ Generated in 0.20s
2025-12-16 23:06:59,897 - src.inference - INFO - inference.py:213 - ✓ Generated in 0.45s
2025-12-16 23:07:00,151 - src.inference - INFO - inference.py:213 - ✓ Generated in 0.25s
2025-12-16 23:07:00,592 - src.inference - INFO - inference.py:213 - ✓ Generated in 0.44s
2025-12-16 23:07:01,326 - src.inference - INFO - inference.py:213 - ✓ Generated in 0.73s
2025-12-16 23:07:01,673 - src.inference - INFO - inference.py:213 - ✓ Generated in 0.35s
2025-12-16 23:07:02,071 - src.inference - INFO - inference.py:213 - ✓ Generated in 0.40s
2025-12-16 23:07:02,368 - src.inference - INFO - inference.py:213 - ✓ Generated in 0.30s
2025-12-16 23:07:02,568 - src.inference - INFO - inference.py:213 - ✓ Generated in 0.20s
2025-12-16 23:07:02,818 - src.inference - INFO - inference.py:213 - ✓ Generated in 0.25s
2025-12-16 23:07:03,165 - src.inference - INFO - inference.py:213 - ✓ Generated in 0.35s
2025-12-16 23:07:03,414 - src.inference - INFO - inference.py:213 - ✓ Generated in 0.25s
2025-12-16 23:07:03,759 - src.inference - INFO - inference.py:213 - ✓ Generated in 0.34s
2025-12-16 23:07:04,220 - src.inference - INFO - inference.py:213 - ✓ Generated in 0.46s
2025-12-16 23:07:04,716 - src.inference - INFO - inference.py:213 - ✓ Generated in 0.50s
2025-12-16 23:07:05,126 - src.inference - INFO - inference.py:213 - ✓ Generated in 0.41s
2025-12-16 23:07:05,374 - src.inference - INFO - inference.py:213 - ✓ Generated in 0.25s
2025-12-16 23:07:05,819 - src.inference - INFO - inference.py:213 - ✓ Generated in 0.44s
2025-12-16 23:07:06,017 - src.inference - INFO - inference.py:213 - ✓ Generated in 0.20s
2025-12-16 23:07:06,424 - src.inference - INFO - inference.py:213 - ✓ Generated in 0.41s
2025-12-16 23:07:06,672 - src.inference - INFO - inference.py:213 - ✓ Generated in 0.25s
2025-12-16 23:07:07,253 - src.inference - INFO - inference.py:213 - ✓ Generated in 0.58s
2025-12-16 23:07:07,501 - src.inference - INFO - inference.py:213 - ✓ Generated in 0.25s
2025-12-16 23:07:07,895 - src.inference - INFO - inference.py:213 - ✓ Generated in 0.39s
2025-12-16 23:07:08,094 - src.inference - INFO - inference.py:213 - ✓ Generated in 0.20s
2025-12-16 23:07:08,441 - src.inference - INFO - inference.py:213 - ✓ Generated in 0.35s
2025-12-16 23:07:08,689 - src.inference - INFO - inference.py:213 - ✓ Generated in 0.25s
2025-12-16 23:07:09,563 - src.inference - INFO - inference.py:213 - ✓ Generated in 0.87s
2025-12-16 23:07:09,763 - src.inference - INFO - inference.py:213 - ✓ Generated in 0.20s
2025-12-16 23:07:10,159 - src.inference - INFO - inference.py:213 - ✓ Generated in 0.40s
2025-12-16 23:07:10,408 - src.inference - INFO - inference.py:213 - ✓ Generated in 0.25s
2025-12-16 23:07:10,607 - src.inference - INFO - inference.py:213 - ✓ Generated in 0.20s
2025-12-16 23:07:11,184 - src.inference - INFO - inference.py:213 - ✓ Generated in 0.58s
2025-12-16 23:07:11,384 - src.inference - INFO - inference.py:213 - ✓ Generated in 0.20s
2025-12-16 23:07:11,682 - src.inference - INFO - inference.py:213 - ✓ Generated in 0.30s
2025-12-16 23:07:11,932 - src.inference - INFO - inference.py:213 - ✓ Generated in 0.25s
2025-12-16 23:07:12,231 - src.inference - INFO - inference.py:213 - ✓ Generated in 0.30s
2025-12-16 23:07:12,479 - src.inference - INFO - inference.py:213 - ✓ Generated in 0.25s
2025-12-16 23:07:12,680 - src.inference - INFO - inference.py:213 - ✓ Generated in 0.20s
2025-12-16 23:07:12,879 - src.inference - INFO - inference.py:213 - ✓ Generated in 0.20s
2025-12-16 23:07:13,319 - src.inference - INFO - inference.py:213 - ✓ Generated in 0.44s
2025-12-16 23:07:13,519 - src.inference - INFO - inference.py:213 - ✓ Generated in 0.20s
2025-12-16 23:07:13,670 - src.inference - INFO - inference.py:213 - ✓ Generated in 0.15s
2025-12-16 23:07:13,966 - src.inference - INFO - inference.py:213 - ✓ Generated in 0.30s
2025-12-16 23:07:14,263 - src.inference - INFO - inference.py:213 - ✓ Generated in 0.30s
2025-12-16 23:07:14,609 - src.inference - INFO - inference.py:213 - ✓ Generated in 0.35s
2025-12-16 23:07:15,392 - src.inference - INFO - inference.py:213 - ✓ Generated in 0.78s
2025-12-16 23:07:15,807 - src.inference - INFO - inference.py:213 - ✓ Generated in 0.41s
2025-12-16 23:07:16,218 - src.inference - INFO - inference.py:213 - ✓ Generated in 0.41s
2025-12-16 23:07:16,467 - src.inference - INFO - inference.py:213 - ✓ Generated in 0.25s
2025-12-16 23:07:16,714 - src.inference - INFO - inference.py:213 - ✓ Generated in 0.25s
2025-12-16 23:07:16,913 - src.inference - INFO - inference.py:213 - ✓ Generated in 0.20s
2025-12-16 23:07:17,114 - src.inference - INFO - inference.py:213 - ✓ Generated in 0.20s
2025-12-16 23:07:17,668 - src.inference - INFO - inference.py:213 - ✓ Generated in 0.55s
2025-12-16 23:07:18,962 - src.inference - INFO - inference.py:213 - ✓ Generated in 1.29s
2025-12-16 23:07:19,162 - src.inference - INFO - inference.py:213 - ✓ Generated in 0.20s
2025-12-16 23:07:19,630 - src.inference - INFO - inference.py:213 - ✓ Generated in 0.47s
2025-12-16 23:07:19,975 - src.inference - INFO - inference.py:213 - ✓ Generated in 0.34s
2025-12-16 23:07:20,434 - src.inference - INFO - inference.py:213 - ✓ Generated in 0.46s
2025-12-16 23:07:20,832 - src.inference - INFO - inference.py:213 - ✓ Generated in 0.40s
2025-12-16 23:07:21,182 - src.inference - INFO - inference.py:213 - ✓ Generated in 0.35s
2025-12-16 23:07:21,430 - src.inference - INFO - inference.py:213 - ✓ Generated in 0.25s
2025-12-16 23:07:21,579 - src.inference - INFO - inference.py:213 - ✓ Generated in 0.15s
2025-12-16 23:07:22,024 - src.inference - INFO - inference.py:213 - ✓ Generated in 0.44s
2025-12-16 23:07:22,826 - src.inference - INFO - inference.py:213 - ✓ Generated in 0.80s
2025-12-16 23:07:23,148 - src.inference - INFO - inference.py:213 - ✓ Generated in 0.32s
2025-12-16 23:07:23,397 - src.inference - INFO - inference.py:213 - ✓ Generated in 0.25s
2025-12-16 23:07:23,694 - src.inference - INFO - inference.py:213 - ✓ Generated in 0.30s
2025-12-16 23:07:24,188 - src.inference - INFO - inference.py:213 - ✓ Generated in 0.49s
2025-12-16 23:07:24,388 - src.inference - INFO - inference.py:213 - ✓ Generated in 0.20s
2025-12-16 23:07:24,539 - src.inference - INFO - inference.py:213 - ✓ Generated in 0.15s
2025-12-16 23:07:24,690 - src.inference - INFO - inference.py:213 - ✓ Generated in 0.15s
2025-12-16 23:07:24,890 - src.inference - INFO - inference.py:213 - ✓ Generated in 0.20s
2025-12-16 23:07:25,579 - src.inference - INFO - inference.py:213 - ✓ Generated in 0.69s
2025-12-16 23:07:26,186 - src.inference - INFO - inference.py:213 - ✓ Generated in 0.61s
2025-12-16 23:07:26,533 - src.inference - INFO - inference.py:213 - ✓ Generated in 0.35s
2025-12-16 23:07:26,782 - src.inference - INFO - inference.py:213 - ✓ Generated in 0.25s
2025-12-16 23:07:27,387 - src.inference - INFO - inference.py:213 - ✓ Generated in 0.60s
2025-12-16 23:07:27,733 - src.inference - INFO - inference.py:213 - ✓ Generated in 0.35s
2025-12-16 23:07:27,885 - src.inference - INFO - inference.py:213 - ✓ Generated in 0.15s
2025-12-16 23:07:28,520 - src.inference - INFO - inference.py:213 - ✓ Generated in 0.63s
2025-12-16 23:07:28,819 - src.inference - INFO - inference.py:213 - ✓ Generated in 0.30s
2025-12-16 23:07:29,069 - src.inference - INFO - inference.py:213 - ✓ Generated in 0.25s
2025-12-16 23:07:29,563 - src.inference - INFO - inference.py:213 - ✓ Generated in 0.49s
2025-12-16 23:07:30,107 - src.inference - INFO - inference.py:213 - ✓ Generated in 0.54s
2025-12-16 23:07:30,430 - src.inference - INFO - inference.py:213 - ✓ Generated in 0.32s
2025-12-16 23:07:30,877 - src.inference - INFO - inference.py:213 - ✓ Generated in 0.45s
2025-12-16 23:07:31,098 - src.inference - INFO - inference.py:213 - ✓ Generated in 0.22s
2025-12-16 23:07:31,495 - src.inference - INFO - inference.py:213 - ✓ Generated in 0.40s
2025-12-16 23:07:31,892 - src.inference - INFO - inference.py:213 - ✓ Generated in 0.40s
2025-12-16 23:07:32,191 - src.inference - INFO - inference.py:213 - ✓ Generated in 0.30s
2025-12-16 23:07:32,634 - src.inference - INFO - inference.py:213 - ✓ Generated in 0.44s
2025-12-16 23:07:32,831 - src.inference - INFO - inference.py:213 - ✓ Generated in 0.20s
2025-12-16 23:07:33,127 - src.inference - INFO - inference.py:213 - ✓ Generated in 0.30s
2025-12-16 23:07:33,228 - src.inference - INFO - inference.py:213 - ✓ Generated in 0.10s
2025-12-16 23:07:33,377 - src.inference - INFO - inference.py:213 - ✓ Generated in 0.15s
2025-12-16 23:07:33,625 - src.inference - INFO - inference.py:213 - ✓ Generated in 0.25s
2025-12-16 23:07:34,171 - src.inference - INFO - inference.py:213 - ✓ Generated in 0.54s
2025-12-16 23:07:34,421 - src.inference - INFO - inference.py:213 - ✓ Generated in 0.25s
2025-12-16 23:07:34,816 - src.inference - INFO - inference.py:213 - ✓ Generated in 0.39s
2025-12-16 23:07:35,114 - src.inference - INFO - inference.py:213 - ✓ Generated in 0.30s
2025-12-16 23:07:35,313 - src.inference - INFO - inference.py:213 - ✓ Generated in 0.20s
2025-12-16 23:07:35,561 - src.inference - INFO - inference.py:213 - ✓ Generated in 0.25s
2025-12-16 23:07:35,809 - src.inference - INFO - inference.py:213 - ✓ Generated in 0.25s
2025-12-16 23:07:36,157 - src.inference - INFO - inference.py:213 - ✓ Generated in 0.35s
2025-12-16 23:07:36,831 - src.inference - INFO - inference.py:213 - ✓ Generated in 0.67s
2025-12-16 23:07:37,227 - src.inference - INFO - inference.py:213 - ✓ Generated in 0.40s
2025-12-16 23:07:37,523 - src.inference - INFO - inference.py:213 - ✓ Generated in 0.30s
2025-12-16 23:07:38,023 - src.inference - INFO - inference.py:213 - ✓ Generated in 0.50s
2025-12-16 23:07:38,796 - src.inference - INFO - inference.py:213 - ✓ Generated in 0.77s
2025-12-16 23:07:39,045 - src.inference - INFO - inference.py:213 - ✓ Generated in 0.25s
2025-12-16 23:07:39,295 - src.inference - INFO - inference.py:213 - ✓ Generated in 0.25s
2025-12-16 23:07:39,544 - src.inference - INFO - inference.py:213 - ✓ Generated in 0.25s
2025-12-16 23:07:39,892 - src.inference - INFO - inference.py:213 - ✓ Generated in 0.35s
2025-12-16 23:07:40,417 - src.inference - INFO - inference.py:213 - ✓ Generated in 0.52s
2025-12-16 23:07:40,667 - src.inference - INFO - inference.py:213 - ✓ Generated in 0.25s
2025-12-16 23:07:41,175 - src.inference - INFO - inference.py:213 - ✓ Generated in 0.51s
2025-12-16 23:07:41,497 - src.inference - INFO - inference.py:213 - ✓ Generated in 0.32s
2025-12-16 23:07:41,696 - src.inference - INFO - inference.py:213 - ✓ Generated in 0.20s
2025-12-16 23:07:42,627 - src.inference - INFO - inference.py:213 - ✓ Generated in 0.93s
2025-12-16 23:07:42,825 - src.inference - INFO - inference.py:213 - ✓ Generated in 0.20s
2025-12-16 23:07:43,074 - src.inference - INFO - inference.py:213 - ✓ Generated in 0.25s
2025-12-16 23:07:43,423 - src.inference - INFO - inference.py:213 - ✓ Generated in 0.35s
2025-12-16 23:07:43,722 - src.inference - INFO - inference.py:213 - ✓ Generated in 0.30s
2025-12-16 23:07:44,018 - src.inference - INFO - inference.py:213 - ✓ Generated in 0.29s
2025-12-16 23:07:44,412 - src.inference - INFO - inference.py:213 - ✓ Generated in 0.39s
2025-12-16 23:07:44,882 - src.inference - INFO - inference.py:213 - ✓ Generated in 0.47s
2025-12-16 23:07:45,034 - src.inference - INFO - inference.py:213 - ✓ Generated in 0.15s
2025-12-16 23:07:45,691 - src.inference - INFO - inference.py:213 - ✓ Generated in 0.66s
2025-12-16 23:07:45,942 - src.inference - INFO - inference.py:213 - ✓ Generated in 0.25s
2025-12-16 23:07:46,387 - src.inference - INFO - inference.py:213 - ✓ Generated in 0.44s
2025-12-16 23:07:46,879 - src.inference - INFO - inference.py:213 - ✓ Generated in 0.49s
2025-12-16 23:07:47,374 - src.inference - INFO - inference.py:213 - ✓ Generated in 0.49s
2025-12-16 23:07:48,188 - src.inference - INFO - inference.py:213 - ✓ Generated in 0.81s
2025-12-16 23:07:48,923 - src.inference - INFO - inference.py:213 - ✓ Generated in 0.73s
2025-12-16 23:07:49,224 - src.inference - INFO - inference.py:213 - ✓ Generated in 0.30s
2025-12-16 23:07:49,480 - src.inference - INFO - inference.py:213 - ✓ Generated in 0.26s
2025-12-16 23:07:49,681 - src.inference - INFO - inference.py:213 - ✓ Generated in 0.20s
2025-12-16 23:07:50,269 - src.inference - INFO - inference.py:213 - ✓ Generated in 0.59s
2025-12-16 23:07:50,873 - src.inference - INFO - inference.py:213 - ✓ Generated in 0.60s
2025-12-16 23:07:51,643 - src.inference - INFO - inference.py:213 - ✓ Generated in 0.77s
2025-12-16 23:07:52,676 - src.inference - INFO - inference.py:213 - ✓ Generated in 1.03s
2025-12-16 23:07:53,319 - src.inference - INFO - inference.py:213 - ✓ Generated in 0.64s
2025-12-16 23:07:54,101 - src.inference - INFO - inference.py:213 - ✓ Generated in 0.78s
2025-12-16 23:07:54,350 - src.inference - INFO - inference.py:213 - ✓ Generated in 0.25s
2025-12-16 23:07:54,500 - src.inference - INFO - inference.py:213 - ✓ Generated in 0.15s
2025-12-16 23:07:54,774 - src.inference - INFO - inference.py:213 - ✓ Generated in 0.27s
2025-12-16 23:07:55,318 - src.inference - INFO - inference.py:213 - ✓ Generated in 0.54s
2025-12-16 23:07:55,862 - src.inference - INFO - inference.py:213 - ✓ Generated in 0.54s
2025-12-16 23:07:56,112 - src.inference - INFO - inference.py:213 - ✓ Generated in 0.25s
2025-12-16 23:07:56,428 - src.inference - INFO - inference.py:213 - ✓ Generated in 0.31s
2025-12-16 23:07:57,249 - src.inference - INFO - inference.py:213 - ✓ Generated in 0.82s
2025-12-16 23:07:57,920 - src.inference - INFO - inference.py:213 - ✓ Generated in 0.67s
2025-12-16 23:07:58,169 - src.inference - INFO - inference.py:213 - ✓ Generated in 0.25s
2025-12-16 23:07:58,518 - src.inference - INFO - inference.py:213 - ✓ Generated in 0.35s
2025-12-16 23:07:58,816 - src.inference - INFO - inference.py:213 - ✓ Generated in 0.30s
2025-12-16 23:07:59,245 - src.inference - INFO - inference.py:213 - ✓ Generated in 0.43s
2025-12-16 23:07:59,495 - src.inference - INFO - inference.py:213 - ✓ Generated in 0.25s
2025-12-16 23:07:59,988 - src.inference - INFO - inference.py:213 - ✓ Generated in 0.49s
2025-12-16 23:08:00,238 - src.inference - INFO - inference.py:213 - ✓ Generated in 0.25s
2025-12-16 23:08:00,633 - src.inference - INFO - inference.py:213 - ✓ Generated in 0.39s
2025-12-16 23:08:01,030 - src.inference - INFO - inference.py:213 - ✓ Generated in 0.40s
2025-12-16 23:08:01,329 - src.inference - INFO - inference.py:213 - ✓ Generated in 0.30s
2025-12-16 23:08:01,527 - src.inference - INFO - inference.py:213 - ✓ Generated in 0.20s
2025-12-16 23:08:02,030 - src.inference - INFO - inference.py:213 - ✓ Generated in 0.50s
2025-12-16 23:08:02,800 - src.inference - INFO - inference.py:213 - ✓ Generated in 0.77s
2025-12-16 23:08:03,308 - src.inference - INFO - inference.py:213 - ✓ Generated in 0.51s
2025-12-16 23:08:03,559 - src.inference - INFO - inference.py:213 - ✓ Generated in 0.25s
2025-12-16 23:08:03,761 - src.inference - INFO - inference.py:213 - ✓ Generated in 0.20s
2025-12-16 23:08:04,207 - src.inference - INFO - inference.py:213 - ✓ Generated in 0.45s
2025-12-16 23:08:04,601 - src.inference - INFO - inference.py:213 - ✓ Generated in 0.39s
2025-12-16 23:08:05,218 - src.inference - INFO - inference.py:213 - ✓ Generated in 0.62s
2025-12-16 23:08:05,418 - src.inference - INFO - inference.py:213 - ✓ Generated in 0.20s
2025-12-16 23:08:05,570 - src.inference - INFO - inference.py:213 - ✓ Generated in 0.15s
2025-12-16 23:08:05,825 - src.inference - INFO - inference.py:213 - ✓ Generated in 0.25s
2025-12-16 23:08:05,927 - src.inference - INFO - inference.py:213 - ✓ Generated in 0.10s
2025-12-16 23:08:06,127 - src.inference - INFO - inference.py:213 - ✓ Generated in 0.20s
2025-12-16 23:08:06,467 - src.inference - INFO - inference.py:213 - ✓ Generated in 0.34s
2025-12-16 23:08:07,042 - src.inference - INFO - inference.py:213 - ✓ Generated in 0.57s
2025-12-16 23:08:07,682 - src.inference - INFO - inference.py:213 - ✓ Generated in 0.64s
2025-12-16 23:08:08,076 - src.inference - INFO - inference.py:213 - ✓ Generated in 0.39s
2025-12-16 23:08:08,374 - src.inference - INFO - inference.py:213 - ✓ Generated in 0.30s
2025-12-16 23:08:08,769 - src.inference - INFO - inference.py:213 - ✓ Generated in 0.39s
2025-12-16 23:08:09,215 - src.inference - INFO - inference.py:213 - ✓ Generated in 0.45s
2025-12-16 23:08:09,663 - src.inference - INFO - inference.py:213 - ✓ Generated in 0.45s
2025-12-16 23:08:09,962 - src.inference - INFO - inference.py:213 - ✓ Generated in 0.30s
2025-12-16 23:08:10,311 - src.inference - INFO - inference.py:213 - ✓ Generated in 0.35s
2025-12-16 23:08:10,461 - src.inference - INFO - inference.py:213 - ✓ Generated in 0.15s
2025-12-16 23:08:10,709 - src.inference - INFO - inference.py:213 - ✓ Generated in 0.25s
2025-12-16 23:08:11,104 - src.inference - INFO - inference.py:213 - ✓ Generated in 0.40s
2025-12-16 23:08:11,449 - src.inference - INFO - inference.py:213 - ✓ Generated in 0.34s
2025-12-16 23:08:11,648 - src.inference - INFO - inference.py:213 - ✓ Generated in 0.20s
2025-12-16 23:08:11,896 - src.inference - INFO - inference.py:213 - ✓ Generated in 0.25s
2025-12-16 23:08:12,145 - src.inference - INFO - inference.py:213 - ✓ Generated in 0.25s
2025-12-16 23:08:13,890 - src.inference - INFO - inference.py:213 - ✓ Generated in 1.74s
2025-12-16 23:08:14,137 - src.inference - INFO - inference.py:213 - ✓ Generated in 0.25s
2025-12-16 23:08:14,494 - src.inference - INFO - inference.py:213 - ✓ Generated in 0.36s
2025-12-16 23:08:15,034 - src.inference - INFO - inference.py:213 - ✓ Generated in 0.54s
2025-12-16 23:08:15,183 - src.inference - INFO - inference.py:213 - ✓ Generated in 0.15s
2025-12-16 23:08:15,578 - src.inference - INFO - inference.py:213 - ✓ Generated in 0.39s
2025-12-16 23:08:15,827 - src.inference - INFO - inference.py:213 - ✓ Generated in 0.25s
2025-12-16 23:08:16,027 - src.inference - INFO - inference.py:213 - ✓ Generated in 0.20s
2025-12-16 23:08:16,326 - src.inference - INFO - inference.py:213 - ✓ Generated in 0.30s
2025-12-16 23:08:16,721 - src.inference - INFO - inference.py:213 - ✓ Generated in 0.39s
2025-12-16 23:08:16,982 - src.inference - INFO - inference.py:213 - ✓ Generated in 0.26s
2025-12-16 23:08:17,750 - src.inference - INFO - inference.py:213 - ✓ Generated in 0.77s
2025-12-16 23:08:18,146 - src.inference - INFO - inference.py:213 - ✓ Generated in 0.39s
2025-12-16 23:08:18,345 - src.inference - INFO - inference.py:213 - ✓ Generated in 0.20s
2025-12-16 23:08:18,447 - src.inference - INFO - inference.py:213 - ✓ Generated in 0.10s
2025-12-16 23:08:18,696 - src.inference - INFO - inference.py:213 - ✓ Generated in 0.25s
2025-12-16 23:08:19,092 - src.inference - INFO - inference.py:213 - ✓ Generated in 0.40s
2025-12-16 23:08:19,489 - src.inference - INFO - inference.py:213 - ✓ Generated in 0.40s
2025-12-16 23:08:20,242 - src.inference - INFO - inference.py:213 - ✓ Generated in 0.75s
2025-12-16 23:08:20,686 - src.inference - INFO - inference.py:213 - ✓ Generated in 0.44s
2025-12-16 23:08:21,315 - src.inference - INFO - inference.py:213 - ✓ Generated in 0.63s
2025-12-16 23:08:21,520 - src.inference - INFO - inference.py:213 - ✓ Generated in 0.20s
2025-12-16 23:08:21,721 - src.inference - INFO - inference.py:213 - ✓ Generated in 0.20s
2025-12-16 23:08:22,265 - src.inference - INFO - inference.py:213 - ✓ Generated in 0.54s
2025-12-16 23:08:22,465 - src.inference - INFO - inference.py:213 - ✓ Generated in 0.20s
2025-12-16 23:08:23,389 - src.inference - INFO - inference.py:213 - ✓ Generated in 0.92s
2025-12-16 23:08:23,736 - src.inference - INFO - inference.py:213 - ✓ Generated in 0.35s
2025-12-16 23:08:23,886 - src.inference - INFO - inference.py:213 - ✓ Generated in 0.15s
2025-12-16 23:08:24,923 - src.inference - INFO - inference.py:213 - ✓ Generated in 1.04s
2025-12-16 23:08:25,222 - src.inference - INFO - inference.py:213 - ✓ Generated in 0.30s
2025-12-16 23:08:25,913 - src.inference - INFO - inference.py:213 - ✓ Generated in 0.69s
2025-12-16 23:08:26,558 - src.inference - INFO - inference.py:213 - ✓ Generated in 0.64s
2025-12-16 23:08:26,759 - src.inference - INFO - inference.py:213 - ✓ Generated in 0.20s
2025-12-16 23:08:27,622 - src.inference - INFO - inference.py:213 - ✓ Generated in 0.86s
2025-12-16 23:08:28,290 - src.inference - INFO - inference.py:213 - ✓ Generated in 0.67s
2025-12-16 23:08:28,538 - src.inference - INFO - inference.py:213 - ✓ Generated in 0.25s
2025-12-16 23:08:29,261 - src.inference - INFO - inference.py:213 - ✓ Generated in 0.72s
2025-12-16 23:08:29,509 - src.inference - INFO - inference.py:213 - ✓ Generated in 0.25s
2025-12-16 23:08:29,713 - src.inference - INFO - inference.py:213 - ✓ Generated in 0.20s
2025-12-16 23:08:30,160 - src.inference - INFO - inference.py:213 - ✓ Generated in 0.45s
2025-12-16 23:08:30,710 - src.inference - INFO - inference.py:213 - ✓ Generated in 0.55s
2025-12-16 23:08:31,111 - src.inference - INFO - inference.py:213 - ✓ Generated in 0.40s
2025-12-16 23:08:32,152 - src.inference - INFO - inference.py:213 - ✓ Generated in 1.04s
2025-12-16 23:08:32,303 - src.inference - INFO - inference.py:213 - ✓ Generated in 0.15s
2025-12-16 23:08:32,849 - src.inference - INFO - inference.py:213 - ✓ Generated in 0.54s
2025-12-16 23:08:33,147 - src.inference - INFO - inference.py:213 - ✓ Generated in 0.30s
2025-12-16 23:08:33,798 - src.inference - INFO - inference.py:213 - ✓ Generated in 0.65s
2025-12-16 23:08:34,096 - src.inference - INFO - inference.py:213 - ✓ Generated in 0.30s
2025-12-16 23:08:34,395 - src.inference - INFO - inference.py:213 - ✓ Generated in 0.30s
2025-12-16 23:08:34,595 - src.inference - INFO - inference.py:213 - ✓ Generated in 0.20s
2025-12-16 23:08:34,894 - src.inference - INFO - inference.py:213 - ✓ Generated in 0.30s
2025-12-16 23:08:35,097 - src.inference - INFO - inference.py:213 - ✓ Generated in 0.20s
2025-12-16 23:08:35,355 - src.inference - INFO - inference.py:213 - ✓ Generated in 0.26s
2025-12-16 23:08:35,704 - src.inference - INFO - inference.py:213 - ✓ Generated in 0.35s
2025-12-16 23:08:35,954 - src.inference - INFO - inference.py:213 - ✓ Generated in 0.25s
2025-12-16 23:08:36,153 - src.inference - INFO - inference.py:213 - ✓ Generated in 0.20s
2025-12-16 23:08:36,513 - src.inference - INFO - inference.py:213 - ✓ Generated in 0.36s
2025-12-16 23:08:36,665 - src.inference - INFO - inference.py:213 - ✓ Generated in 0.15s
2025-12-16 23:08:36,864 - src.inference - INFO - inference.py:213 - ✓ Generated in 0.20s
2025-12-16 23:08:37,113 - src.inference - INFO - inference.py:213 - ✓ Generated in 0.25s
2025-12-16 23:08:37,215 - src.inference - INFO - inference.py:213 - ✓ Generated in 0.10s
2025-12-16 23:08:37,572 - src.inference - INFO - inference.py:213 - ✓ Generated in 0.36s
2025-12-16 23:08:37,921 - src.inference - INFO - inference.py:213 - ✓ Generated in 0.35s
2025-12-16 23:08:38,266 - src.inference - INFO - inference.py:213 - ✓ Generated in 0.34s
2025-12-16 23:08:38,564 - src.inference - INFO - inference.py:213 - ✓ Generated in 0.30s
2025-12-16 23:08:38,764 - src.inference - INFO - inference.py:213 - ✓ Generated in 0.20s
2025-12-16 23:08:39,011 - src.inference - INFO - inference.py:213 - ✓ Generated in 0.25s
2025-12-16 23:08:39,310 - src.inference - INFO - inference.py:213 - ✓ Generated in 0.30s
2025-12-16 23:08:39,554 - src.inference - INFO - inference.py:213 - ✓ Generated in 0.24s
2025-12-16 23:08:39,966 - src.inference - INFO - inference.py:213 - ✓ Generated in 0.41s
2025-12-16 23:08:40,119 - src.inference - INFO - inference.py:213 - ✓ Generated in 0.15s
2025-12-16 23:08:40,417 - src.inference - INFO - inference.py:213 - ✓ Generated in 0.30s
2025-12-16 23:08:40,665 - src.inference - INFO - inference.py:213 - ✓ Generated in 0.25s
2025-12-16 23:08:41,458 - src.inference - INFO - inference.py:213 - ✓ Generated in 0.79s
2025-12-16 23:08:42,100 - src.inference - INFO - inference.py:213 - ✓ Generated in 0.64s
2025-12-16 23:08:42,399 - src.inference - INFO - inference.py:213 - ✓ Generated in 0.30s
2025-12-16 23:08:42,598 - src.inference - INFO - inference.py:213 - ✓ Generated in 0.20s
2025-12-16 23:08:42,948 - src.inference - INFO - inference.py:213 - ✓ Generated in 0.35s
2025-12-16 23:08:43,542 - src.inference - INFO - inference.py:213 - ✓ Generated in 0.59s
2025-12-16 23:08:43,887 - src.inference - INFO - inference.py:213 - ✓ Generated in 0.34s
2025-12-16 23:08:44,134 - src.inference - INFO - inference.py:213 - ✓ Generated in 0.25s
2025-12-16 23:08:44,382 - src.inference - INFO - inference.py:213 - ✓ Generated in 0.25s
2025-12-16 23:08:44,628 - src.inference - INFO - inference.py:213 - ✓ Generated in 0.25s
2025-12-16 23:08:45,024 - src.inference - INFO - inference.py:213 - ✓ Generated in 0.39s
2025-12-16 23:08:45,736 - src.inference - INFO - inference.py:213 - ✓ Generated in 0.71s
2025-12-16 23:08:45,937 - src.inference - INFO - inference.py:213 - ✓ Generated in 0.20s
2025-12-16 23:08:46,332 - src.inference - INFO - inference.py:213 - ✓ Generated in 0.39s
2025-12-16 23:08:46,483 - src.inference - INFO - inference.py:213 - ✓ Generated in 0.15s
2025-12-16 23:08:46,979 - src.inference - INFO - inference.py:213 - ✓ Generated in 0.50s
2025-12-16 23:08:47,247 - src.inference - INFO - inference.py:213 - ✓ Generated in 0.27s
2025-12-16 23:08:48,075 - src.inference - INFO - inference.py:213 - ✓ Generated in 0.83s
2025-12-16 23:08:48,225 - src.inference - INFO - inference.py:213 - ✓ Generated in 0.15s
2025-12-16 23:08:48,905 - src.inference - INFO - inference.py:213 - ✓ Generated in 0.68s
2025-12-16 23:08:49,214 - src.inference - INFO - inference.py:213 - ✓ Generated in 0.31s
2025-12-16 23:08:49,707 - src.inference - INFO - inference.py:213 - ✓ Generated in 0.49s
2025-12-16 23:08:50,197 - src.inference - INFO - inference.py:213 - ✓ Generated in 0.49s
2025-12-16 23:08:51,346 - src.inference - INFO - inference.py:213 - ✓ Generated in 1.15s
2025-12-16 23:08:51,547 - src.inference - INFO - inference.py:213 - ✓ Generated in 0.20s
2025-12-16 23:08:51,747 - src.inference - INFO - inference.py:213 - ✓ Generated in 0.20s
2025-12-16 23:08:52,042 - src.inference - INFO - inference.py:213 - ✓ Generated in 0.30s
2025-12-16 23:08:52,240 - src.inference - INFO - inference.py:213 - ✓ Generated in 0.20s
2025-12-16 23:08:52,635 - src.inference - INFO - inference.py:213 - ✓ Generated in 0.39s
2025-12-16 23:08:52,833 - src.inference - INFO - inference.py:213 - ✓ Generated in 0.20s
2025-12-16 23:08:53,134 - src.inference - INFO - inference.py:213 - ✓ Generated in 0.30s
2025-12-16 23:08:53,383 - src.inference - INFO - inference.py:213 - ✓ Generated in 0.25s
2025-12-16 23:08:53,682 - src.inference - INFO - inference.py:213 - ✓ Generated in 0.30s
2025-12-16 23:08:53,881 - src.inference - INFO - inference.py:213 - ✓ Generated in 0.20s
2025-12-16 23:08:54,309 - src.inference - INFO - inference.py:213 - ✓ Generated in 0.43s
2025-12-16 23:08:54,460 - src.inference - INFO - inference.py:213 - ✓ Generated in 0.15s
2025-12-16 23:08:54,660 - src.inference - INFO - inference.py:213 - ✓ Generated in 0.20s
2025-12-16 23:08:55,058 - src.inference - INFO - inference.py:213 - ✓ Generated in 0.40s
2025-12-16 23:08:55,556 - src.inference - INFO - inference.py:213 - ✓ Generated in 0.50s
2025-12-16 23:08:55,856 - src.inference - INFO - inference.py:213 - ✓ Generated in 0.30s
2025-12-16 23:08:56,105 - src.inference - INFO - inference.py:213 - ✓ Generated in 0.25s
2025-12-16 23:08:56,412 - src.inference - INFO - inference.py:213 - ✓ Generated in 0.31s
2025-12-16 23:08:56,956 - src.inference - INFO - inference.py:213 - ✓ Generated in 0.54s
2025-12-16 23:08:57,254 - src.inference - INFO - inference.py:213 - ✓ Generated in 0.30s
2025-12-16 23:08:57,454 - src.inference - INFO - inference.py:213 - ✓ Generated in 0.20s
2025-12-16 23:08:57,686 - src.inference - INFO - inference.py:213 - ✓ Generated in 0.23s
2025-12-16 23:08:58,178 - src.inference - INFO - inference.py:213 - ✓ Generated in 0.49s
2025-12-16 23:08:58,526 - src.inference - INFO - inference.py:213 - ✓ Generated in 0.35s
2025-12-16 23:08:58,916 - src.inference - INFO - inference.py:213 - ✓ Generated in 0.39s
2025-12-16 23:08:59,214 - src.inference - INFO - inference.py:213 - ✓ Generated in 0.30s
2025-12-16 23:08:59,841 - src.inference - INFO - inference.py:213 - ✓ Generated in 0.63s
2025-12-16 23:09:00,041 - src.inference - INFO - inference.py:213 - ✓ Generated in 0.20s
2025-12-16 23:09:00,633 - src.inference - INFO - inference.py:213 - ✓ Generated in 0.59s
2025-12-16 23:09:01,061 - src.inference - INFO - inference.py:213 - ✓ Generated in 0.43s
2025-12-16 23:09:01,370 - src.inference - INFO - inference.py:213 - ✓ Generated in 0.31s
2025-12-16 23:09:01,772 - src.inference - INFO - inference.py:213 - ✓ Generated in 0.40s
2025-12-16 23:09:02,003 - src.inference - INFO - inference.py:213 - ✓ Generated in 0.23s
2025-12-16 23:09:02,447 - src.inference - INFO - inference.py:213 - ✓ Generated in 0.44s
2025-12-16 23:09:03,017 - src.inference - INFO - inference.py:213 - ✓ Generated in 0.57s
2025-12-16 23:09:03,264 - src.inference - INFO - inference.py:213 - ✓ Generated in 0.25s
2025-12-16 23:09:03,463 - src.inference - INFO - inference.py:213 - ✓ Generated in 0.20s
2025-12-16 23:09:03,711 - src.inference - INFO - inference.py:213 - ✓ Generated in 0.25s
2025-12-16 23:09:04,012 - src.inference - INFO - inference.py:213 - ✓ Generated in 0.30s
2025-12-16 23:09:04,507 - src.inference - INFO - inference.py:213 - ✓ Generated in 0.49s
2025-12-16 23:09:04,996 - src.inference - INFO - inference.py:213 - ✓ Generated in 0.49s
2025-12-16 23:09:05,244 - src.inference - INFO - inference.py:213 - ✓ Generated in 0.25s
2025-12-16 23:09:05,591 - src.inference - INFO - inference.py:213 - ✓ Generated in 0.35s
2025-12-16 23:09:06,136 - src.inference - INFO - inference.py:213 - ✓ Generated in 0.54s
2025-12-16 23:09:06,385 - src.inference - INFO - inference.py:213 - ✓ Generated in 0.25s
2025-12-16 23:09:06,844 - src.inference - INFO - inference.py:213 - ✓ Generated in 0.46s
2025-12-16 23:09:07,044 - src.inference - INFO - inference.py:213 - ✓ Generated in 0.20s
2025-12-16 23:09:07,392 - src.inference - INFO - inference.py:213 - ✓ Generated in 0.35s
2025-12-16 23:09:08,411 - src.inference - INFO - inference.py:213 - ✓ Generated in 1.02s
2025-12-16 23:09:08,859 - src.inference - INFO - inference.py:213 - ✓ Generated in 0.45s
2025-12-16 23:09:09,155 - src.inference - INFO - inference.py:213 - ✓ Generated in 0.30s
2025-12-16 23:09:09,503 - src.inference - INFO - inference.py:213 - ✓ Generated in 0.35s
2025-12-16 23:09:09,750 - src.inference - INFO - inference.py:213 - ✓ Generated in 0.25s
2025-12-16 23:09:10,194 - src.inference - INFO - inference.py:213 - ✓ Generated in 0.44s
2025-12-16 23:09:10,540 - src.inference - INFO - inference.py:213 - ✓ Generated in 0.35s
2025-12-16 23:09:10,739 - src.inference - INFO - inference.py:213 - ✓ Generated in 0.20s
2025-12-16 23:09:11,498 - src.inference - INFO - inference.py:213 - ✓ Generated in 0.76s
2025-12-16 23:09:11,745 - src.inference - INFO - inference.py:213 - ✓ Generated in 0.25s
2025-12-16 23:09:12,222 - src.inference - INFO - inference.py:213 - ✓ Generated in 0.48s
2025-12-16 23:09:12,470 - src.inference - INFO - inference.py:213 - ✓ Generated in 0.25s
2025-12-16 23:09:12,965 - src.inference - INFO - inference.py:213 - ✓ Generated in 0.49s
2025-12-16 23:09:13,165 - src.inference - INFO - inference.py:213 - ✓ Generated in 0.20s
2025-12-16 23:09:13,494 - src.inference - INFO - inference.py:213 - ✓ Generated in 0.33s
2025-12-16 23:09:14,038 - src.inference - INFO - inference.py:213 - ✓ Generated in 0.54s
2025-12-16 23:09:14,288 - src.inference - INFO - inference.py:213 - ✓ Generated in 0.25s
2025-12-16 23:09:14,586 - src.inference - INFO - inference.py:213 - ✓ Generated in 0.30s
2025-12-16 23:09:15,284 - src.inference - INFO - inference.py:213 - ✓ Generated in 0.70s
2025-12-16 23:09:15,484 - src.inference - INFO - inference.py:213 - ✓ Generated in 0.20s
2025-12-16 23:09:16,205 - src.inference - INFO - inference.py:213 - ✓ Generated in 0.72s
2025-12-16 23:09:16,453 - src.inference - INFO - inference.py:213 - ✓ Generated in 0.25s
2025-12-16 23:09:16,603 - src.inference - INFO - inference.py:213 - ✓ Generated in 0.15s
2025-12-16 23:09:16,852 - src.inference - INFO - inference.py:213 - ✓ Generated in 0.25s
2025-12-16 23:09:17,101 - src.inference - INFO - inference.py:213 - ✓ Generated in 0.25s
2025-12-16 23:09:17,252 - src.inference - INFO - inference.py:213 - ✓ Generated in 0.15s
2025-12-16 23:09:18,386 - src.inference - INFO - inference.py:213 - ✓ Generated in 1.13s
2025-12-16 23:09:18,783 - src.inference - INFO - inference.py:213 - ✓ Generated in 0.40s
2025-12-16 23:09:18,984 - src.inference - INFO - inference.py:213 - ✓ Generated in 0.20s
2025-12-16 23:09:19,873 - src.inference - INFO - inference.py:213 - ✓ Generated in 0.89s
2025-12-16 23:09:20,273 - src.inference - INFO - inference.py:213 - ✓ Generated in 0.40s
2025-12-16 23:09:20,569 - src.inference - INFO - inference.py:213 - ✓ Generated in 0.30s
2025-12-16 23:09:20,998 - src.inference - INFO - inference.py:213 - ✓ Generated in 0.43s
2025-12-16 23:09:21,100 - src.inference - INFO - inference.py:213 - ✓ Generated in 0.10s
2025-12-16 23:09:21,302 - src.inference - INFO - inference.py:213 - ✓ Generated in 0.20s
2025-12-16 23:09:21,829 - src.inference - INFO - inference.py:213 - ✓ Generated in 0.53s
2025-12-16 23:09:21,980 - src.inference - INFO - inference.py:213 - ✓ Generated in 0.15s
2025-12-16 23:09:22,309 - src.inference - INFO - inference.py:213 - ✓ Generated in 0.33s
2025-12-16 23:09:22,706 - src.inference - INFO - inference.py:213 - ✓ Generated in 0.40s
2025-12-16 23:09:23,103 - src.inference - INFO - inference.py:213 - ✓ Generated in 0.40s
2025-12-16 23:09:23,350 - src.inference - INFO - inference.py:213 - ✓ Generated in 0.25s
2025-12-16 23:09:23,550 - src.inference - INFO - inference.py:213 - ✓ Generated in 0.20s
2025-12-16 23:09:23,799 - src.inference - INFO - inference.py:213 - ✓ Generated in 0.25s
2025-12-16 23:09:24,048 - src.inference - INFO - inference.py:213 - ✓ Generated in 0.25s
2025-12-16 23:09:24,801 - src.inference - INFO - inference.py:213 - ✓ Generated in 0.75s
2025-12-16 23:09:24,952 - src.inference - INFO - inference.py:213 - ✓ Generated in 0.15s
2025-12-16 23:09:25,347 - src.inference - INFO - inference.py:213 - ✓ Generated in 0.40s
2025-12-16 23:09:25,497 - src.inference - INFO - inference.py:213 - ✓ Generated in 0.15s
2025-12-16 23:09:25,942 - src.inference - INFO - inference.py:213 - ✓ Generated in 0.44s
2025-12-16 23:09:26,291 - src.inference - INFO - inference.py:213 - ✓ Generated in 0.35s
2025-12-16 23:09:26,588 - src.inference - INFO - inference.py:213 - ✓ Generated in 0.30s
2025-12-16 23:09:27,670 - src.inference - INFO - inference.py:213 - ✓ Generated in 1.08s
2025-12-16 23:09:27,870 - src.inference - INFO - inference.py:213 - ✓ Generated in 0.20s
2025-12-16 23:09:28,068 - src.inference - INFO - inference.py:213 - ✓ Generated in 0.20s
2025-12-16 23:09:28,267 - src.inference - INFO - inference.py:213 - ✓ Generated in 0.20s
2025-12-16 23:09:28,665 - src.inference - INFO - inference.py:213 - ✓ Generated in 0.40s
2025-12-16 23:09:28,911 - src.inference - INFO - inference.py:213 - ✓ Generated in 0.24s
2025-12-16 23:09:29,543 - src.inference - INFO - inference.py:213 - ✓ Generated in 0.63s
2025-12-16 23:09:29,841 - src.inference - INFO - inference.py:213 - ✓ Generated in 0.30s
2025-12-16 23:09:30,139 - src.inference - INFO - inference.py:213 - ✓ Generated in 0.30s
2025-12-16 23:09:30,386 - src.inference - INFO - inference.py:213 - ✓ Generated in 0.25s
2025-12-16 23:09:30,585 - src.inference - INFO - inference.py:213 - ✓ Generated in 0.20s
2025-12-16 23:09:31,130 - src.inference - INFO - inference.py:213 - ✓ Generated in 0.54s
2025-12-16 23:09:31,420 - src.inference - INFO - inference.py:213 - ✓ Generated in 0.29s
2025-12-16 23:09:31,570 - src.inference - INFO - inference.py:213 - ✓ Generated in 0.15s
2025-12-16 23:09:31,769 - src.inference - INFO - inference.py:213 - ✓ Generated in 0.20s
2025-12-16 23:09:31,919 - src.inference - INFO - inference.py:213 - ✓ Generated in 0.15s
2025-12-16 23:09:32,116 - src.inference - INFO - inference.py:213 - ✓ Generated in 0.20s
2025-12-16 23:09:32,461 - src.inference - INFO - inference.py:213 - ✓ Generated in 0.34s
2025-12-16 23:09:32,757 - src.inference - INFO - inference.py:213 - ✓ Generated in 0.30s
2025-12-16 23:09:33,151 - src.inference - INFO - inference.py:213 - ✓ Generated in 0.39s
2025-12-16 23:09:33,399 - src.inference - INFO - inference.py:213 - ✓ Generated in 0.25s
2025-12-16 23:09:34,218 - src.inference - INFO - inference.py:213 - ✓ Generated in 0.82s
2025-12-16 23:09:34,471 - src.inference - INFO - inference.py:213 - ✓ Generated in 0.25s
2025-12-16 23:09:34,621 - src.inference - INFO - inference.py:213 - ✓ Generated in 0.15s
2025-12-16 23:09:34,773 - src.inference - INFO - inference.py:213 - ✓ Generated in 0.15s
2025-12-16 23:09:35,021 - src.inference - INFO - inference.py:213 - ✓ Generated in 0.25s
2025-12-16 23:09:35,175 - src.inference - INFO - inference.py:213 - ✓ Generated in 0.15s
2025-12-16 23:09:35,356 - src.inference - INFO - inference.py:213 - ✓ Generated in 0.18s
2025-12-16 23:09:35,745 - src.inference - INFO - inference.py:213 - ✓ Generated in 0.39s
2025-12-16 23:09:36,506 - src.inference - INFO - inference.py:213 - ✓ Generated in 0.76s
2025-12-16 23:09:37,128 - src.inference - INFO - inference.py:213 - ✓ Generated in 0.62s
2025-12-16 23:09:37,717 - src.inference - INFO - inference.py:213 - ✓ Generated in 0.59s
2025-12-16 23:09:38,374 - src.inference - INFO - inference.py:213 - ✓ Generated in 0.66s
2025-12-16 23:09:38,672 - src.inference - INFO - inference.py:213 - ✓ Generated in 0.30s
2025-12-16 23:09:38,823 - src.inference - INFO - inference.py:213 - ✓ Generated in 0.15s
2025-12-16 23:09:39,072 - src.inference - INFO - inference.py:213 - ✓ Generated in 0.25s
2025-12-16 23:09:39,418 - src.inference - INFO - inference.py:213 - ✓ Generated in 0.35s
2025-12-16 23:09:39,520 - src.inference - INFO - inference.py:213 - ✓ Generated in 0.10s
2025-12-16 23:09:40,312 - src.inference - INFO - inference.py:213 - ✓ Generated in 0.79s
2025-12-16 23:09:40,804 - src.inference - INFO - inference.py:213 - ✓ Generated in 0.49s
2025-12-16 23:09:41,103 - src.inference - INFO - inference.py:213 - ✓ Generated in 0.30s
2025-12-16 23:09:41,303 - src.inference - INFO - inference.py:213 - ✓ Generated in 0.20s
2025-12-16 23:09:41,502 - src.inference - INFO - inference.py:213 - ✓ Generated in 0.20s
2025-12-16 23:09:42,204 - src.inference - INFO - inference.py:213 - ✓ Generated in 0.70s
2025-12-16 23:09:42,502 - src.inference - INFO - inference.py:213 - ✓ Generated in 0.30s
2025-12-16 23:09:43,078 - src.inference - INFO - inference.py:213 - ✓ Generated in 0.57s
2025-12-16 23:09:43,425 - src.inference - INFO - inference.py:213 - ✓ Generated in 0.35s
2025-12-16 23:09:44,013 - src.inference - INFO - inference.py:213 - ✓ Generated in 0.59s
2025-12-16 23:09:44,219 - src.inference - INFO - inference.py:213 - ✓ Generated in 0.20s
2025-12-16 23:09:44,467 - src.inference - INFO - inference.py:213 - ✓ Generated in 0.25s
2025-12-16 23:09:45,163 - src.inference - INFO - inference.py:213 - ✓ Generated in 0.70s
2025-12-16 23:09:45,460 - src.inference - INFO - inference.py:213 - ✓ Generated in 0.30s
2025-12-16 23:09:45,709 - src.inference - INFO - inference.py:213 - ✓ Generated in 0.25s
2025-12-16 23:09:46,030 - src.inference - INFO - inference.py:213 - ✓ Generated in 0.32s
2025-12-16 23:09:46,684 - src.inference - INFO - inference.py:213 - ✓ Generated in 0.65s
2025-12-16 23:09:47,203 - src.inference - INFO - inference.py:213 - ✓ Generated in 0.52s
2025-12-16 23:09:47,777 - src.inference - INFO - inference.py:213 - ✓ Generated in 0.57s
2025-12-16 23:09:47,978 - src.inference - INFO - inference.py:213 - ✓ Generated in 0.20s
2025-12-16 23:09:48,277 - src.inference - INFO - inference.py:213 - ✓ Generated in 0.30s
2025-12-16 23:09:48,574 - src.inference - INFO - inference.py:213 - ✓ Generated in 0.30s
2025-12-16 23:09:48,822 - src.inference - INFO - inference.py:213 - ✓ Generated in 0.25s
2025-12-16 23:09:49,219 - src.inference - INFO - inference.py:213 - ✓ Generated in 0.40s
2025-12-16 23:09:49,953 - src.inference - INFO - inference.py:213 - ✓ Generated in 0.73s
2025-12-16 23:09:50,251 - src.inference - INFO - inference.py:213 - ✓ Generated in 0.30s
2025-12-16 23:09:50,508 - src.inference - INFO - inference.py:213 - ✓ Generated in 0.26s
2025-12-16 23:09:50,929 - src.inference - INFO - inference.py:213 - ✓ Generated in 0.42s
2025-12-16 23:09:51,333 - src.inference - INFO - inference.py:213 - ✓ Generated in 0.40s
2025-12-16 23:09:52,665 - src.inference - INFO - inference.py:213 - ✓ Generated in 1.33s
2025-12-16 23:09:53,010 - src.inference - INFO - inference.py:213 - ✓ Generated in 0.34s
2025-12-16 23:09:53,309 - src.inference - INFO - inference.py:213 - ✓ Generated in 0.30s
2025-12-16 23:09:53,865 - src.inference - INFO - inference.py:213 - ✓ Generated in 0.56s
2025-12-16 23:09:54,118 - src.inference - INFO - inference.py:213 - ✓ Generated in 0.25s
2025-12-16 23:09:54,579 - src.inference - INFO - inference.py:213 - ✓ Generated in 0.46s
2025-12-16 23:09:54,926 - src.inference - INFO - inference.py:213 - ✓ Generated in 0.35s
2025-12-16 23:09:55,079 - src.inference - INFO - inference.py:213 - ✓ Generated in 0.15s
2025-12-16 23:09:55,428 - src.inference - INFO - inference.py:213 - ✓ Generated in 0.35s
2025-12-16 23:09:55,824 - src.inference - INFO - inference.py:213 - ✓ Generated in 0.40s
2025-12-16 23:09:56,320 - src.inference - INFO - inference.py:213 - ✓ Generated in 0.49s
2025-12-16 23:09:56,518 - src.inference - INFO - inference.py:213 - ✓ Generated in 0.20s
2025-12-16 23:09:57,159 - src.inference - INFO - inference.py:213 - ✓ Generated in 0.64s
2025-12-16 23:09:57,669 - src.inference - INFO - inference.py:213 - ✓ Generated in 0.51s
2025-12-16 23:09:57,869 - src.inference - INFO - inference.py:213 - ✓ Generated in 0.20s
2025-12-16 23:09:59,955 - src.inference - INFO - inference.py:213 - ✓ Generated in 2.09s
2025-12-16 23:10:00,116 - src.inference - INFO - inference.py:213 - ✓ Generated in 0.16s
2025-12-16 23:10:00,218 - src.inference - INFO - inference.py:213 - ✓ Generated in 0.10s
2025-12-16 23:10:00,835 - src.inference - INFO - inference.py:213 - ✓ Generated in 0.62s
2025-12-16 23:10:01,538 - src.inference - INFO - inference.py:213 - ✓ Generated in 0.70s
2025-12-16 23:10:01,933 - src.inference - INFO - inference.py:213 - ✓ Generated in 0.39s
2025-12-16 23:10:02,132 - src.inference - INFO - inference.py:213 - ✓ Generated in 0.20s
2025-12-16 23:10:02,674 - src.inference - INFO - inference.py:213 - ✓ Generated in 0.54s
2025-12-16 23:10:03,143 - src.inference - INFO - inference.py:213 - ✓ Generated in 0.47s
2025-12-16 23:10:03,392 - src.inference - INFO - inference.py:213 - ✓ Generated in 0.25s
2025-12-16 23:10:03,641 - src.inference - INFO - inference.py:213 - ✓ Generated in 0.25s
2025-12-16 23:10:04,143 - src.inference - INFO - inference.py:213 - ✓ Generated in 0.50s
2025-12-16 23:10:04,593 - src.inference - INFO - inference.py:213 - ✓ Generated in 0.45s
2025-12-16 23:10:05,041 - src.inference - INFO - inference.py:213 - ✓ Generated in 0.45s
2025-12-16 23:10:05,438 - src.inference - INFO - inference.py:213 - ✓ Generated in 0.40s
2025-12-16 23:10:05,784 - src.inference - INFO - inference.py:213 - ✓ Generated in 0.35s
2025-12-16 23:10:05,993 - src.inference - INFO - inference.py:213 - ✓ Generated in 0.21s
2025-12-16 23:10:06,324 - src.inference - INFO - inference.py:213 - ✓ Generated in 0.33s
2025-12-16 23:10:06,877 - src.inference - INFO - inference.py:213 - ✓ Generated in 0.55s
2025-12-16 23:10:07,127 - src.inference - INFO - inference.py:213 - ✓ Generated in 0.25s
2025-12-16 23:10:07,329 - src.inference - INFO - inference.py:213 - ✓ Generated in 0.20s
2025-12-16 23:10:07,578 - src.inference - INFO - inference.py:213 - ✓ Generated in 0.25s
2025-12-16 23:10:08,386 - src.inference - INFO - inference.py:213 - ✓ Generated in 0.81s
2025-12-16 23:10:08,915 - src.inference - INFO - inference.py:213 - ✓ Generated in 0.53s
2025-12-16 23:10:09,331 - src.inference - INFO - inference.py:213 - ✓ Generated in 0.42s
2025-12-16 23:10:09,481 - src.inference - INFO - inference.py:213 - ✓ Generated in 0.15s
2025-12-16 23:10:09,730 - src.inference - INFO - inference.py:213 - ✓ Generated in 0.25s
2025-12-16 23:10:10,076 - src.inference - INFO - inference.py:213 - ✓ Generated in 0.35s
2025-12-16 23:10:10,326 - src.inference - INFO - inference.py:213 - ✓ Generated in 0.25s
2025-12-16 23:10:11,097 - src.inference - INFO - inference.py:213 - ✓ Generated in 0.77s
2025-12-16 23:10:11,477 - src.inference - INFO - inference.py:213 - ✓ Generated in 0.38s
2025-12-16 23:10:11,825 - src.inference - INFO - inference.py:213 - ✓ Generated in 0.35s
2025-12-16 23:10:12,319 - src.inference - INFO - inference.py:213 - ✓ Generated in 0.49s
2025-12-16 23:10:12,667 - src.inference - INFO - inference.py:213 - ✓ Generated in 0.35s
2025-12-16 23:10:13,614 - src.inference - INFO - inference.py:213 - ✓ Generated in 0.95s
2025-12-16 23:10:14,458 - src.inference - INFO - inference.py:213 - ✓ Generated in 0.84s
2025-12-16 23:10:14,758 - src.inference - INFO - inference.py:213 - ✓ Generated in 0.30s
2025-12-16 23:10:14,957 - src.inference - INFO - inference.py:213 - ✓ Generated in 0.20s
2025-12-16 23:10:15,170 - src.inference - INFO - inference.py:213 - ✓ Generated in 0.21s
2025-12-16 23:10:15,424 - src.inference - INFO - inference.py:213 - ✓ Generated in 0.25s
2025-12-16 23:10:16,161 - src.inference - INFO - inference.py:213 - ✓ Generated in 0.74s
2025-12-16 23:10:16,410 - src.inference - INFO - inference.py:213 - ✓ Generated in 0.25s
2025-12-16 23:10:16,857 - src.inference - INFO - inference.py:213 - ✓ Generated in 0.45s
2025-12-16 23:10:17,257 - src.inference - INFO - inference.py:213 - ✓ Generated in 0.40s
2025-12-16 23:10:17,900 - src.inference - INFO - inference.py:213 - ✓ Generated in 0.64s
2025-12-16 23:10:18,131 - src.inference - INFO - inference.py:213 - ✓ Generated in 0.23s
2025-12-16 23:10:18,726 - src.inference - INFO - inference.py:213 - ✓ Generated in 0.59s
2025-12-16 23:10:19,033 - src.inference - INFO - inference.py:213 - ✓ Generated in 0.31s
2025-12-16 23:10:19,502 - src.inference - INFO - inference.py:213 - ✓ Generated in 0.47s
2025-12-16 23:10:19,757 - src.inference - INFO - inference.py:213 - ✓ Generated in 0.25s
2025-12-16 23:10:20,235 - src.inference - INFO - inference.py:213 - ✓ Generated in 0.48s
2025-12-16 23:10:20,641 - src.inference - INFO - inference.py:213 - ✓ Generated in 0.41s
2025-12-16 23:10:21,156 - src.inference - INFO - inference.py:213 - ✓ Generated in 0.51s
2025-12-16 23:10:21,928 - src.inference - INFO - inference.py:213 - ✓ Generated in 0.77s
2025-12-16 23:10:22,244 - src.inference - INFO - inference.py:213 - ✓ Generated in 0.31s
2025-12-16 23:10:22,542 - src.inference - INFO - inference.py:213 - ✓ Generated in 0.30s
2025-12-16 23:10:22,791 - src.inference - INFO - inference.py:213 - ✓ Generated in 0.25s
2025-12-16 23:10:23,237 - src.inference - INFO - inference.py:213 - ✓ Generated in 0.44s
2025-12-16 23:10:23,586 - src.inference - INFO - inference.py:213 - ✓ Generated in 0.35s
2025-12-16 23:10:23,817 - src.inference - INFO - inference.py:213 - ✓ Generated in 0.23s
2025-12-16 23:10:24,018 - src.inference - INFO - inference.py:213 - ✓ Generated in 0.20s
2025-12-16 23:10:24,949 - src.inference - INFO - inference.py:213 - ✓ Generated in 0.93s
2025-12-16 23:10:25,438 - src.inference - INFO - inference.py:213 - ✓ Generated in 0.49s
2025-12-16 23:10:25,706 - src.inference - INFO - inference.py:213 - ✓ Generated in 0.27s
2025-12-16 23:10:25,964 - src.inference - INFO - inference.py:213 - ✓ Generated in 0.26s
2025-12-16 23:10:26,450 - src.inference - INFO - inference.py:213 - ✓ Generated in 0.48s
2025-12-16 23:10:26,649 - src.inference - INFO - inference.py:213 - ✓ Generated in 0.20s
2025-12-16 23:10:27,105 - src.inference - INFO - inference.py:213 - ✓ Generated in 0.45s
2025-12-16 23:10:27,758 - src.inference - INFO - inference.py:213 - ✓ Generated in 0.65s
2025-12-16 23:10:28,054 - src.inference - INFO - inference.py:213 - ✓ Generated in 0.30s
2025-12-16 23:10:28,353 - src.inference - INFO - inference.py:213 - ✓ Generated in 0.30s
2025-12-16 23:10:28,560 - src.inference - INFO - inference.py:213 - ✓ Generated in 0.21s
2025-12-16 23:10:28,986 - src.inference - INFO - inference.py:213 - ✓ Generated in 0.43s
2025-12-16 23:10:29,235 - src.inference - INFO - inference.py:213 - ✓ Generated in 0.25s
2025-12-16 23:10:29,617 - src.inference - INFO - inference.py:213 - ✓ Generated in 0.38s
2025-12-16 23:10:29,966 - src.inference - INFO - inference.py:213 - ✓ Generated in 0.35s
2025-12-16 23:10:30,213 - src.inference - INFO - inference.py:213 - ✓ Generated in 0.25s
2025-12-16 23:10:30,473 - src.inference - INFO - inference.py:213 - ✓ Generated in 0.26s
2025-12-16 23:10:30,623 - src.inference - INFO - inference.py:213 - ✓ Generated in 0.15s
2025-12-16 23:10:30,823 - src.inference - INFO - inference.py:213 - ✓ Generated in 0.20s
2025-12-16 23:10:31,119 - src.inference - INFO - inference.py:213 - ✓ Generated in 0.30s
2025-12-16 23:10:31,989 - src.inference - INFO - inference.py:213 - ✓ Generated in 0.87s
2025-12-16 23:10:32,527 - src.inference - INFO - inference.py:213 - ✓ Generated in 0.54s
2025-12-16 23:10:33,222 - src.inference - INFO - inference.py:213 - ✓ Generated in 0.69s
2025-12-16 23:10:33,472 - src.inference - INFO - inference.py:213 - ✓ Generated in 0.25s
2025-12-16 23:10:34,399 - src.inference - INFO - inference.py:213 - ✓ Generated in 0.93s
2025-12-16 23:10:34,794 - src.inference - INFO - inference.py:213 - ✓ Generated in 0.39s
2025-12-16 23:10:35,144 - src.inference - INFO - inference.py:213 - ✓ Generated in 0.35s
2025-12-16 23:10:36,617 - src.inference - INFO - inference.py:213 - ✓ Generated in 1.47s
2025-12-16 23:10:36,866 - src.inference - INFO - inference.py:213 - ✓ Generated in 0.25s
2025-12-16 23:10:37,114 - src.inference - INFO - inference.py:213 - ✓ Generated in 0.25s
2025-12-16 23:10:37,948 - src.inference - INFO - inference.py:213 - ✓ Generated in 0.83s
2025-12-16 23:10:38,442 - src.inference - INFO - inference.py:213 - ✓ Generated in 0.49s
2025-12-16 23:10:38,832 - src.inference - INFO - inference.py:213 - ✓ Generated in 0.39s
2025-12-16 23:10:39,084 - src.inference - INFO - inference.py:213 - ✓ Generated in 0.25s
2025-12-16 23:10:39,431 - src.inference - INFO - inference.py:213 - ✓ Generated in 0.35s
2025-12-16 23:10:39,875 - src.inference - INFO - inference.py:213 - ✓ Generated in 0.44s
2025-12-16 23:10:40,028 - src.inference - INFO - inference.py:213 - ✓ Generated in 0.15s
2025-12-16 23:10:40,182 - src.inference - INFO - inference.py:213 - ✓ Generated in 0.15s
2025-12-16 23:10:40,731 - src.inference - INFO - inference.py:213 - ✓ Generated in 0.55s
2025-12-16 23:10:41,036 - src.inference - INFO - inference.py:213 - ✓ Generated in 0.30s
2025-12-16 23:10:41,335 - src.inference - INFO - inference.py:213 - ✓ Generated in 0.30s
2025-12-16 23:10:41,990 - src.inference - INFO - inference.py:213 - ✓ Generated in 0.65s
2025-12-16 23:10:42,340 - src.inference - INFO - inference.py:213 - ✓ Generated in 0.35s
2025-12-16 23:10:42,637 - src.inference - INFO - inference.py:213 - ✓ Generated in 0.30s
2025-12-16 23:10:43,432 - src.inference - INFO - inference.py:213 - ✓ Generated in 0.79s
2025-12-16 23:10:43,679 - src.inference - INFO - inference.py:213 - ✓ Generated in 0.25s
2025-12-16 23:10:43,927 - src.inference - INFO - inference.py:213 - ✓ Generated in 0.25s
2025-12-16 23:10:44,174 - src.inference - INFO - inference.py:213 - ✓ Generated in 0.25s
2025-12-16 23:10:44,846 - src.inference - INFO - inference.py:213 - ✓ Generated in 0.67s
2025-12-16 23:10:45,434 - src.inference - INFO - inference.py:213 - ✓ Generated in 0.59s
2025-12-16 23:10:45,633 - src.inference - INFO - inference.py:213 - ✓ Generated in 0.20s
2025-12-16 23:10:45,930 - src.inference - INFO - inference.py:213 - ✓ Generated in 0.30s
2025-12-16 23:10:46,179 - src.inference - INFO - inference.py:213 - ✓ Generated in 0.25s
2025-12-16 23:10:46,657 - src.inference - INFO - inference.py:213 - ✓ Generated in 0.48s
2025-12-16 23:10:47,243 - src.inference - INFO - inference.py:213 - ✓ Generated in 0.59s
2025-12-16 23:10:47,442 - src.inference - INFO - inference.py:213 - ✓ Generated in 0.20s
2025-12-16 23:10:47,741 - src.inference - INFO - inference.py:213 - ✓ Generated in 0.30s
2025-12-16 23:10:47,939 - src.inference - INFO - inference.py:213 - ✓ Generated in 0.20s
2025-12-16 23:10:48,287 - src.inference - INFO - inference.py:213 - ✓ Generated in 0.35s
2025-12-16 23:10:48,485 - src.inference - INFO - inference.py:213 - ✓ Generated in 0.20s
2025-12-16 23:10:48,834 - src.inference - INFO - inference.py:213 - ✓ Generated in 0.35s
2025-12-16 23:10:49,132 - src.inference - INFO - inference.py:213 - ✓ Generated in 0.30s
2025-12-16 23:10:49,480 - src.inference - INFO - inference.py:213 - ✓ Generated in 0.35s
2025-12-16 23:10:49,778 - src.inference - INFO - inference.py:213 - ✓ Generated in 0.30s
2025-12-16 23:10:50,496 - src.inference - INFO - inference.py:213 - ✓ Generated in 0.72s
2025-12-16 23:10:51,631 - src.inference - INFO - inference.py:213 - ✓ Generated in 1.13s
2025-12-16 23:10:52,158 - src.inference - INFO - inference.py:213 - ✓ Generated in 0.53s
2025-12-16 23:10:52,458 - src.inference - INFO - inference.py:213 - ✓ Generated in 0.30s
2025-12-16 23:10:53,002 - src.inference - INFO - inference.py:213 - ✓ Generated in 0.54s
2025-12-16 23:10:53,449 - src.inference - INFO - inference.py:213 - ✓ Generated in 0.45s
2025-12-16 23:10:53,745 - src.inference - INFO - inference.py:213 - ✓ Generated in 0.30s
2025-12-16 23:10:54,091 - src.inference - INFO - inference.py:213 - ✓ Generated in 0.35s
2025-12-16 23:10:54,733 - src.inference - INFO - inference.py:213 - ✓ Generated in 0.64s
2025-12-16 23:10:55,032 - src.inference - INFO - inference.py:213 - ✓ Generated in 0.30s
2025-12-16 23:10:55,460 - src.inference - INFO - inference.py:213 - ✓ Generated in 0.43s
2025-12-16 23:10:55,907 - src.inference - INFO - inference.py:213 - ✓ Generated in 0.45s
2025-12-16 23:10:56,106 - src.inference - INFO - inference.py:213 - ✓ Generated in 0.20s
2025-12-16 23:10:56,550 - src.inference - INFO - inference.py:213 - ✓ Generated in 0.44s
2025-12-16 23:10:56,799 - src.inference - INFO - inference.py:213 - ✓ Generated in 0.25s
2025-12-16 23:10:57,145 - src.inference - INFO - inference.py:213 - ✓ Generated in 0.35s
2025-12-16 23:10:57,589 - src.inference - INFO - inference.py:213 - ✓ Generated in 0.44s
2025-12-16 23:10:58,085 - src.inference - INFO - inference.py:213 - ✓ Generated in 0.49s
2025-12-16 23:10:58,382 - src.inference - INFO - inference.py:213 - ✓ Generated in 0.30s
2025-12-16 23:10:58,631 - src.inference - INFO - inference.py:213 - ✓ Generated in 0.25s
2025-12-16 23:10:58,977 - src.inference - INFO - inference.py:213 - ✓ Generated in 0.35s
2025-12-16 23:10:59,226 - src.inference - INFO - inference.py:213 - ✓ Generated in 0.25s
2025-12-16 23:11:00,422 - src.inference - INFO - inference.py:213 - ✓ Generated in 1.19s
2025-12-16 23:11:00,768 - src.inference - INFO - inference.py:213 - ✓ Generated in 0.35s
2025-12-16 23:11:01,360 - src.inference - INFO - inference.py:213 - ✓ Generated in 0.59s
2025-12-16 23:11:01,807 - src.inference - INFO - inference.py:213 - ✓ Generated in 0.45s
2025-12-16 23:11:02,057 - src.inference - INFO - inference.py:213 - ✓ Generated in 0.25s
2025-12-16 23:11:02,159 - src.inference - INFO - inference.py:213 - ✓ Generated in 0.10s
2025-12-16 23:11:02,738 - src.inference - INFO - inference.py:213 - ✓ Generated in 0.58s
2025-12-16 23:11:02,888 - src.inference - INFO - inference.py:213 - ✓ Generated in 0.15s
2025-12-16 23:11:03,285 - src.inference - INFO - inference.py:213 - ✓ Generated in 0.40s
2025-12-16 23:11:03,484 - src.inference - INFO - inference.py:213 - ✓ Generated in 0.20s
2025-12-16 23:11:03,732 - src.inference - INFO - inference.py:213 - ✓ Generated in 0.25s
2025-12-16 23:11:04,677 - src.inference - INFO - inference.py:213 - ✓ Generated in 0.94s
2025-12-16 23:11:05,231 - src.inference - INFO - inference.py:213 - ✓ Generated in 0.55s
2025-12-16 23:11:05,431 - src.inference - INFO - inference.py:213 - ✓ Generated in 0.20s
2025-12-16 23:11:06,129 - src.inference - INFO - inference.py:213 - ✓ Generated in 0.70s
2025-12-16 23:11:06,378 - src.inference - INFO - inference.py:213 - ✓ Generated in 0.25s
2025-12-16 23:11:06,680 - src.inference - INFO - inference.py:213 - ✓ Generated in 0.30s
2025-12-16 23:11:06,986 - src.inference - INFO - inference.py:213 - ✓ Generated in 0.31s
2025-12-16 23:11:07,198 - src.inference - INFO - inference.py:213 - ✓ Generated in 0.21s
2025-12-16 23:11:07,479 - src.inference - INFO - inference.py:213 - ✓ Generated in 0.28s
2025-12-16 23:11:07,678 - src.inference - INFO - inference.py:213 - ✓ Generated in 0.20s
2025-12-16 23:11:07,924 - src.inference - INFO - inference.py:213 - ✓ Generated in 0.25s
2025-12-16 23:11:08,173 - src.inference - INFO - inference.py:213 - ✓ Generated in 0.25s
2025-12-16 23:11:08,520 - src.inference - INFO - inference.py:213 - ✓ Generated in 0.35s
2025-12-16 23:11:08,817 - src.inference - INFO - inference.py:213 - ✓ Generated in 0.30s
2025-12-16 23:11:09,017 - src.inference - INFO - inference.py:213 - ✓ Generated in 0.20s
2025-12-16 23:11:09,673 - src.inference - INFO - inference.py:213 - ✓ Generated in 0.66s
2025-12-16 23:11:10,019 - src.inference - INFO - inference.py:213 - ✓ Generated in 0.35s
2025-12-16 23:11:10,227 - src.inference - INFO - inference.py:213 - ✓ Generated in 0.21s
2025-12-16 23:11:11,293 - src.inference - INFO - inference.py:213 - ✓ Generated in 1.06s
2025-12-16 23:11:12,124 - src.inference - INFO - inference.py:213 - ✓ Generated in 0.83s
2025-12-16 23:11:12,471 - src.inference - INFO - inference.py:213 - ✓ Generated in 0.35s
2025-12-16 23:11:12,959 - src.inference - INFO - inference.py:213 - ✓ Generated in 0.49s
2025-12-16 23:11:13,456 - src.inference - INFO - inference.py:213 - ✓ Generated in 0.50s
2025-12-16 23:11:13,705 - src.inference - INFO - inference.py:213 - ✓ Generated in 0.25s
2025-12-16 23:11:13,908 - src.inference - INFO - inference.py:213 - ✓ Generated in 0.20s
2025-12-16 23:11:14,057 - src.inference - INFO - inference.py:213 - ✓ Generated in 0.15s
2025-12-16 23:11:14,503 - src.inference - INFO - inference.py:213 - ✓ Generated in 0.45s
2025-12-16 23:11:14,765 - src.inference - INFO - inference.py:213 - ✓ Generated in 0.26s
2025-12-16 23:11:14,915 - src.inference - INFO - inference.py:213 - ✓ Generated in 0.15s
2025-12-16 23:11:15,583 - src.inference - INFO - inference.py:213 - ✓ Generated in 0.67s
2025-12-16 23:11:15,785 - src.inference - INFO - inference.py:213 - ✓ Generated in 0.20s
2025-12-16 23:11:16,164 - src.inference - INFO - inference.py:213 - ✓ Generated in 0.38s
2025-12-16 23:11:16,609 - src.inference - INFO - inference.py:213 - ✓ Generated in 0.44s
2025-12-16 23:11:16,810 - src.inference - INFO - inference.py:213 - ✓ Generated in 0.20s
2025-12-16 23:11:17,514 - src.inference - INFO - inference.py:213 - ✓ Generated in 0.70s
2025-12-16 23:11:18,302 - src.inference - INFO - inference.py:213 - ✓ Generated in 0.79s
2025-12-16 23:11:18,649 - src.inference - INFO - inference.py:213 - ✓ Generated in 0.35s
2025-12-16 23:11:18,995 - src.inference - INFO - inference.py:213 - ✓ Generated in 0.34s
2025-12-16 23:11:21,219 - src.inference - INFO - inference.py:213 - ✓ Generated in 2.22s
2025-12-16 23:11:21,418 - src.inference - INFO - inference.py:213 - ✓ Generated in 0.20s
2025-12-16 23:11:21,858 - src.inference - INFO - inference.py:213 - ✓ Generated in 0.44s
2025-12-16 23:11:22,354 - src.inference - INFO - inference.py:213 - ✓ Generated in 0.50s
2025-12-16 23:11:22,839 - src.inference - INFO - inference.py:213 - ✓ Generated in 0.48s
2025-12-16 23:11:23,088 - src.inference - INFO - inference.py:213 - ✓ Generated in 0.25s
2025-12-16 23:11:23,728 - src.inference - INFO - inference.py:213 - ✓ Generated in 0.64s
2025-12-16 23:11:23,928 - src.inference - INFO - inference.py:213 - ✓ Generated in 0.20s
2025-12-16 23:11:24,252 - src.inference - INFO - inference.py:213 - ✓ Generated in 0.32s
2025-12-16 23:11:24,747 - src.inference - INFO - inference.py:213 - ✓ Generated in 0.49s
2025-12-16 23:11:24,997 - src.inference - INFO - inference.py:213 - ✓ Generated in 0.25s
2025-12-16 23:11:25,672 - src.inference - INFO - inference.py:213 - ✓ Generated in 0.67s
2025-12-16 23:11:25,970 - src.inference - INFO - inference.py:213 - ✓ Generated in 0.30s
2025-12-16 23:11:26,227 - src.inference - INFO - inference.py:213 - ✓ Generated in 0.26s
2025-12-16 23:11:26,538 - src.inference - INFO - inference.py:213 - ✓ Generated in 0.31s
2025-12-16 23:11:26,787 - src.inference - INFO - inference.py:213 - ✓ Generated in 0.25s
2025-12-16 23:11:27,036 - src.inference - INFO - inference.py:213 - ✓ Generated in 0.25s
2025-12-16 23:11:27,434 - src.inference - INFO - inference.py:213 - ✓ Generated in 0.40s
2025-12-16 23:11:27,738 - src.inference - INFO - inference.py:213 - ✓ Generated in 0.30s
2025-12-16 23:11:27,937 - src.inference - INFO - inference.py:213 - ✓ Generated in 0.20s
2025-12-16 23:11:28,977 - src.inference - INFO - inference.py:213 - ✓ Generated in 1.04s
2025-12-16 23:11:30,083 - src.inference - INFO - inference.py:213 - ✓ Generated in 1.11s
2025-12-16 23:11:30,627 - src.inference - INFO - inference.py:213 - ✓ Generated in 0.54s
2025-12-16 23:11:31,617 - src.inference - INFO - inference.py:213 - ✓ Generated in 0.99s
2025-12-16 23:11:32,014 - src.inference - INFO - inference.py:213 - ✓ Generated in 0.40s
2025-12-16 23:11:32,410 - src.inference - INFO - inference.py:213 - ✓ Generated in 0.40s
2025-12-16 23:11:32,831 - src.inference - INFO - inference.py:213 - ✓ Generated in 0.42s
2025-12-16 23:11:33,326 - src.inference - INFO - inference.py:213 - ✓ Generated in 0.49s
2025-12-16 23:11:33,576 - src.inference - INFO - inference.py:213 - ✓ Generated in 0.25s
2025-12-16 23:11:33,776 - src.inference - INFO - inference.py:213 - ✓ Generated in 0.20s
2025-12-16 23:11:34,027 - src.inference - INFO - inference.py:213 - ✓ Generated in 0.25s
2025-12-16 23:11:34,227 - src.inference - INFO - inference.py:213 - ✓ Generated in 0.20s
2025-12-16 23:11:34,507 - src.inference - INFO - inference.py:213 - ✓ Generated in 0.28s
2025-12-16 23:11:34,756 - src.inference - INFO - inference.py:213 - ✓ Generated in 0.25s
2025-12-16 23:11:35,006 - src.inference - INFO - inference.py:213 - ✓ Generated in 0.25s
2025-12-16 23:11:35,499 - src.inference - INFO - inference.py:213 - ✓ Generated in 0.49s
2025-12-16 23:11:35,848 - src.inference - INFO - inference.py:213 - ✓ Generated in 0.35s
2025-12-16 23:11:35,999 - src.inference - INFO - inference.py:213 - ✓ Generated in 0.15s
2025-12-16 23:11:36,298 - src.inference - INFO - inference.py:213 - ✓ Generated in 0.30s
2025-12-16 23:11:36,548 - src.inference - INFO - inference.py:213 - ✓ Generated in 0.25s
2025-12-16 23:11:36,846 - src.inference - INFO - inference.py:213 - ✓ Generated in 0.30s
2025-12-16 23:11:37,044 - src.inference - INFO - inference.py:213 - ✓ Generated in 0.20s
2025-12-16 23:11:37,355 - src.inference - INFO - inference.py:213 - ✓ Generated in 0.31s
2025-12-16 23:11:38,324 - src.inference - INFO - inference.py:213 - ✓ Generated in 0.97s
2025-12-16 23:11:38,525 - src.inference - INFO - inference.py:213 - ✓ Generated in 0.20s
2025-12-16 23:11:38,823 - src.inference - INFO - inference.py:213 - ✓ Generated in 0.30s
2025-12-16 23:11:38,973 - src.inference - INFO - inference.py:213 - ✓ Generated in 0.15s
2025-12-16 23:11:39,621 - src.inference - INFO - inference.py:213 - ✓ Generated in 0.65s
2025-12-16 23:11:39,870 - src.inference - INFO - inference.py:213 - ✓ Generated in 0.25s
2025-12-16 23:11:40,329 - src.inference - INFO - inference.py:213 - ✓ Generated in 0.46s
2025-12-16 23:11:40,432 - src.inference - INFO - inference.py:213 - ✓ Generated in 0.10s
2025-12-16 23:11:40,971 - src.inference - INFO - inference.py:213 - ✓ Generated in 0.54s
2025-12-16 23:11:41,268 - src.inference - INFO - inference.py:213 - ✓ Generated in 0.30s
2025-12-16 23:11:41,523 - src.inference - INFO - inference.py:213 - ✓ Generated in 0.25s
2025-12-16 23:11:42,063 - src.inference - INFO - inference.py:213 - ✓ Generated in 0.54s
2025-12-16 23:11:42,359 - src.inference - INFO - inference.py:213 - ✓ Generated in 0.30s
2025-12-16 23:11:42,916 - src.inference - INFO - inference.py:213 - ✓ Generated in 0.56s
2025-12-16 23:11:43,070 - src.inference - INFO - inference.py:213 - ✓ Generated in 0.15s
2025-12-16 23:11:43,368 - src.inference - INFO - inference.py:213 - ✓ Generated in 0.30s
2025-12-16 23:11:43,986 - src.inference - INFO - inference.py:213 - ✓ Generated in 0.62s
2025-12-16 23:11:44,136 - src.inference - INFO - inference.py:213 - ✓ Generated in 0.15s
2025-12-16 23:11:44,286 - src.inference - INFO - inference.py:213 - ✓ Generated in 0.15s
2025-12-16 23:11:44,777 - src.inference - INFO - inference.py:213 - ✓ Generated in 0.49s
2025-12-16 23:11:45,076 - src.inference - INFO - inference.py:213 - ✓ Generated in 0.30s
2025-12-16 23:11:45,373 - src.inference - INFO - inference.py:213 - ✓ Generated in 0.30s
2025-12-16 23:11:45,720 - src.inference - INFO - inference.py:213 - ✓ Generated in 0.35s
2025-12-16 23:11:45,968 - src.inference - INFO - inference.py:213 - ✓ Generated in 0.25s
2025-12-16 23:11:46,266 - src.inference - INFO - inference.py:213 - ✓ Generated in 0.30s
2025-12-16 23:11:46,664 - src.inference - INFO - inference.py:213 - ✓ Generated in 0.40s
2025-12-16 23:11:47,110 - src.inference - INFO - inference.py:213 - ✓ Generated in 0.45s
2025-12-16 23:11:47,637 - src.inference - INFO - inference.py:213 - ✓ Generated in 0.53s
2025-12-16 23:11:48,384 - src.inference - INFO - inference.py:213 - ✓ Generated in 0.75s
2025-12-16 23:11:48,681 - src.inference - INFO - inference.py:213 - ✓ Generated in 0.30s
2025-12-16 23:11:48,880 - src.inference - INFO - inference.py:213 - ✓ Generated in 0.20s
2025-12-16 23:11:49,079 - src.inference - INFO - inference.py:213 - ✓ Generated in 0.20s
2025-12-16 23:11:49,230 - src.inference - INFO - inference.py:213 - ✓ Generated in 0.15s
2025-12-16 23:11:49,528 - src.inference - INFO - inference.py:213 - ✓ Generated in 0.30s
2025-12-16 23:11:49,825 - src.inference - INFO - inference.py:213 - ✓ Generated in 0.30s
2025-12-16 23:11:50,936 - src.inference - INFO - inference.py:213 - ✓ Generated in 1.11s
2025-12-16 23:11:51,559 - src.inference - INFO - inference.py:213 - ✓ Generated in 0.62s
2025-12-16 23:11:52,016 - src.inference - INFO - inference.py:213 - ✓ Generated in 0.46s
2025-12-16 23:11:52,874 - src.inference - INFO - inference.py:213 - ✓ Generated in 0.86s
2025-12-16 23:11:53,072 - src.inference - INFO - inference.py:213 - ✓ Generated in 0.20s
2025-12-16 23:11:53,653 - src.inference - INFO - inference.py:213 - ✓ Generated in 0.58s
2025-12-16 23:11:53,900 - src.inference - INFO - inference.py:213 - ✓ Generated in 0.25s
2025-12-16 23:11:54,198 - src.inference - INFO - inference.py:213 - ✓ Generated in 0.30s
2025-12-16 23:11:55,556 - src.inference - INFO - inference.py:213 - ✓ Generated in 1.36s
2025-12-16 23:11:56,002 - src.inference - INFO - inference.py:213 - ✓ Generated in 0.44s
2025-12-16 23:11:56,350 - src.inference - INFO - inference.py:213 - ✓ Generated in 0.35s
2025-12-16 23:11:57,502 - src.inference - INFO - inference.py:213 - ✓ Generated in 1.15s
2025-12-16 23:11:57,896 - src.inference - INFO - inference.py:213 - ✓ Generated in 0.39s
2025-12-16 23:11:58,390 - src.inference - INFO - inference.py:213 - ✓ Generated in 0.49s
2025-12-16 23:11:58,541 - src.inference - INFO - inference.py:213 - ✓ Generated in 0.15s
2025-12-16 23:11:58,746 - src.inference - INFO - inference.py:213 - ✓ Generated in 0.20s
2025-12-16 23:11:58,945 - src.inference - INFO - inference.py:213 - ✓ Generated in 0.20s
2025-12-16 23:11:59,495 - src.inference - INFO - inference.py:213 - ✓ Generated in 0.55s
2025-12-16 23:11:59,743 - src.inference - INFO - inference.py:213 - ✓ Generated in 0.25s
2025-12-16 23:12:00,040 - src.inference - INFO - inference.py:213 - ✓ Generated in 0.30s
2025-12-16 23:12:00,386 - src.inference - INFO - inference.py:213 - ✓ Generated in 0.35s
2025-12-16 23:12:00,781 - src.inference - INFO - inference.py:213 - ✓ Generated in 0.39s
2025-12-16 23:12:01,030 - src.inference - INFO - inference.py:213 - ✓ Generated in 0.25s
2025-12-16 23:12:01,942 - src.inference - INFO - inference.py:213 - ✓ Generated in 0.91s
2025-12-16 23:12:02,290 - src.inference - INFO - inference.py:213 - ✓ Generated in 0.35s
2025-12-16 23:12:02,945 - src.inference - INFO - inference.py:213 - ✓ Generated in 0.65s
2025-12-16 23:12:03,194 - src.inference - INFO - inference.py:213 - ✓ Generated in 0.25s
2025-12-16 23:12:03,393 - src.inference - INFO - inference.py:213 - ✓ Generated in 0.20s
2025-12-16 23:12:03,841 - src.inference - INFO - inference.py:213 - ✓ Generated in 0.45s
2025-12-16 23:12:04,283 - src.inference - INFO - inference.py:213 - ✓ Generated in 0.44s
2025-12-16 23:12:04,531 - src.inference - INFO - inference.py:213 - ✓ Generated in 0.25s
2025-12-16 23:12:05,376 - src.inference - INFO - inference.py:213 - ✓ Generated in 0.84s
2025-12-16 23:12:05,676 - src.inference - INFO - inference.py:213 - ✓ Generated in 0.30s
2025-12-16 23:12:05,875 - src.inference - INFO - inference.py:213 - ✓ Generated in 0.20s
2025-12-16 23:12:06,075 - src.inference - INFO - inference.py:213 - ✓ Generated in 0.20s
2025-12-16 23:12:07,123 - src.inference - INFO - inference.py:213 - ✓ Generated in 1.05s
2025-12-16 23:12:07,422 - src.inference - INFO - inference.py:213 - ✓ Generated in 0.30s
2025-12-16 23:12:07,818 - src.inference - INFO - inference.py:213 - ✓ Generated in 0.40s
2025-12-16 23:12:08,215 - src.inference - INFO - inference.py:213 - ✓ Generated in 0.40s
2025-12-16 23:12:08,464 - src.inference - INFO - inference.py:213 - ✓ Generated in 0.25s
2025-12-16 23:12:08,810 - src.inference - INFO - inference.py:213 - ✓ Generated in 0.35s
2025-12-16 23:12:09,355 - src.inference - INFO - inference.py:213 - ✓ Generated in 0.54s
2025-12-16 23:12:10,379 - src.inference - INFO - inference.py:213 - ✓ Generated in 1.02s
2025-12-16 23:12:10,978 - src.inference - INFO - inference.py:213 - ✓ Generated in 0.60s
2025-12-16 23:12:11,445 - src.inference - INFO - inference.py:213 - ✓ Generated in 0.47s
2025-12-16 23:12:12,126 - src.inference - INFO - inference.py:213 - ✓ Generated in 0.68s
2025-12-16 23:12:12,953 - src.inference - INFO - inference.py:213 - ✓ Generated in 0.83s
2025-12-16 23:12:13,202 - src.inference - INFO - inference.py:213 - ✓ Generated in 0.25s
2025-12-16 23:12:13,707 - src.inference - INFO - inference.py:213 - ✓ Generated in 0.50s
2025-12-16 23:12:14,004 - src.inference - INFO - inference.py:213 - ✓ Generated in 0.30s
2025-12-16 23:12:14,253 - src.inference - INFO - inference.py:213 - ✓ Generated in 0.25s
2025-12-16 23:12:14,927 - src.inference - INFO - inference.py:213 - ✓ Generated in 0.67s
2025-12-16 23:12:15,126 - src.inference - INFO - inference.py:213 - ✓ Generated in 0.20s
2025-12-16 23:12:15,620 - src.inference - INFO - inference.py:213 - ✓ Generated in 0.49s
2025-12-16 23:12:15,770 - src.inference - INFO - inference.py:213 - ✓ Generated in 0.15s
2025-12-16 23:12:16,114 - src.inference - INFO - inference.py:213 - ✓ Generated in 0.34s
2025-12-16 23:12:16,412 - src.inference - INFO - inference.py:213 - ✓ Generated in 0.30s
2025-12-16 23:12:17,061 - src.inference - INFO - inference.py:213 - ✓ Generated in 0.65s
2025-12-16 23:12:17,310 - src.inference - INFO - inference.py:213 - ✓ Generated in 0.25s
2025-12-16 23:12:17,509 - src.inference - INFO - inference.py:213 - ✓ Generated in 0.20s
2025-12-16 23:12:17,879 - src.inference - INFO - inference.py:213 - ✓ Generated in 0.37s
2025-12-16 23:12:18,029 - src.inference - INFO - inference.py:213 - ✓ Generated in 0.15s
2025-12-16 23:12:18,472 - src.inference - INFO - inference.py:213 - ✓ Generated in 0.44s
2025-12-16 23:12:18,917 - src.inference - INFO - inference.py:213 - ✓ Generated in 0.44s
2025-12-16 23:12:19,262 - src.inference - INFO - inference.py:213 - ✓ Generated in 0.34s
2025-12-16 23:12:19,462 - src.inference - INFO - inference.py:213 - ✓ Generated in 0.20s
2025-12-16 23:12:19,662 - src.inference - INFO - inference.py:213 - ✓ Generated in 0.20s
2025-12-16 23:12:20,010 - src.inference - INFO - inference.py:213 - ✓ Generated in 0.35s
2025-12-16 23:12:20,242 - src.inference - INFO - inference.py:213 - ✓ Generated in 0.23s
2025-12-16 23:12:20,786 - src.inference - INFO - inference.py:213 - ✓ Generated in 0.54s
2025-12-16 23:12:21,132 - src.inference - INFO - inference.py:213 - ✓ Generated in 0.35s
2025-12-16 23:12:21,380 - src.inference - INFO - inference.py:213 - ✓ Generated in 0.25s
2025-12-16 23:12:21,530 - src.inference - INFO - inference.py:213 - ✓ Generated in 0.15s
2025-12-16 23:12:21,729 - src.inference - INFO - inference.py:213 - ✓ Generated in 0.20s
2025-12-16 23:12:22,221 - src.inference - INFO - inference.py:213 - ✓ Generated in 0.49s
2025-12-16 23:12:22,420 - src.inference - INFO - inference.py:213 - ✓ Generated in 0.20s
2025-12-16 23:12:22,717 - src.inference - INFO - inference.py:213 - ✓ Generated in 0.30s
2025-12-16 23:12:23,097 - src.inference - INFO - inference.py:213 - ✓ Generated in 0.38s
2025-12-16 23:12:23,346 - src.inference - INFO - inference.py:213 - ✓ Generated in 0.25s
2025-12-16 23:12:23,692 - src.inference - INFO - inference.py:213 - ✓ Generated in 0.35s
2025-12-16 23:12:24,187 - src.inference - INFO - inference.py:213 - ✓ Generated in 0.49s
2025-12-16 23:12:24,633 - src.inference - INFO - inference.py:213 - ✓ Generated in 0.45s
2025-12-16 23:12:25,012 - src.inference - INFO - inference.py:213 - ✓ Generated in 0.38s
2025-12-16 23:12:25,420 - src.inference - INFO - inference.py:213 - ✓ Generated in 0.41s
2025-12-16 23:12:26,251 - src.inference - INFO - inference.py:213 - ✓ Generated in 0.83s
2025-12-16 23:12:26,549 - src.inference - INFO - inference.py:213 - ✓ Generated in 0.30s
2025-12-16 23:12:26,796 - src.inference - INFO - inference.py:213 - ✓ Generated in 0.25s
2025-12-16 23:12:26,995 - src.inference - INFO - inference.py:213 - ✓ Generated in 0.20s
2025-12-16 23:12:27,355 - src.inference - INFO - inference.py:213 - ✓ Generated in 0.36s
2025-12-16 23:12:27,704 - src.inference - INFO - inference.py:213 - ✓ Generated in 0.35s
2025-12-16 23:12:27,903 - src.inference - INFO - inference.py:213 - ✓ Generated in 0.20s
2025-12-16 23:12:28,203 - src.inference - INFO - inference.py:213 - ✓ Generated in 0.30s
2025-12-16 23:12:28,353 - src.inference - INFO - inference.py:213 - ✓ Generated in 0.15s
2025-12-16 23:12:28,650 - src.inference - INFO - inference.py:213 - ✓ Generated in 0.30s
2025-12-16 23:12:29,353 - src.inference - INFO - inference.py:213 - ✓ Generated in 0.70s
2025-12-16 23:12:29,893 - src.inference - INFO - inference.py:213 - ✓ Generated in 0.54s
2025-12-16 23:12:30,253 - src.inference - INFO - inference.py:213 - ✓ Generated in 0.36s
2025-12-16 23:12:30,602 - src.inference - INFO - inference.py:213 - ✓ Generated in 0.35s
2025-12-16 23:12:30,899 - src.inference - INFO - inference.py:213 - ✓ Generated in 0.30s
2025-12-16 23:12:31,111 - src.inference - INFO - inference.py:213 - ✓ Generated in 0.21s
2025-12-16 23:12:31,507 - src.inference - INFO - inference.py:213 - ✓ Generated in 0.40s
2025-12-16 23:12:31,905 - src.inference - INFO - inference.py:213 - ✓ Generated in 0.40s
2025-12-16 23:12:32,155 - src.inference - INFO - inference.py:213 - ✓ Generated in 0.25s
2025-12-16 23:12:32,355 - src.inference - INFO - inference.py:213 - ✓ Generated in 0.20s
2025-12-16 23:12:33,043 - src.inference - INFO - inference.py:213 - ✓ Generated in 0.69s
2025-12-16 23:12:33,292 - src.inference - INFO - inference.py:213 - ✓ Generated in 0.25s
2025-12-16 23:12:33,590 - src.inference - INFO - inference.py:213 - ✓ Generated in 0.30s
2025-12-16 23:12:34,029 - src.inference - INFO - inference.py:213 - ✓ Generated in 0.44s
2025-12-16 23:12:34,230 - src.inference - INFO - inference.py:213 - ✓ Generated in 0.20s
2025-12-16 23:12:34,802 - src.inference - INFO - inference.py:213 - ✓ Generated in 0.57s
2025-12-16 23:12:35,052 - src.inference - INFO - inference.py:213 - ✓ Generated in 0.25s
2025-12-16 23:12:35,300 - src.inference - INFO - inference.py:213 - ✓ Generated in 0.25s
2025-12-16 23:12:35,793 - src.inference - INFO - inference.py:213 - ✓ Generated in 0.49s
2025-12-16 23:12:36,288 - src.inference - INFO - inference.py:213 - ✓ Generated in 0.49s
2025-12-16 23:12:36,486 - src.inference - INFO - inference.py:213 - ✓ Generated in 0.20s
2025-12-16 23:12:36,930 - src.inference - INFO - inference.py:213 - ✓ Generated in 0.44s
2025-12-16 23:12:37,180 - src.inference - INFO - inference.py:213 - ✓ Generated in 0.25s
2025-12-16 23:12:37,675 - src.inference - INFO - inference.py:213 - ✓ Generated in 0.49s
2025-12-16 23:12:37,907 - src.inference - INFO - inference.py:213 - ✓ Generated in 0.23s
2025-12-16 23:12:38,254 - src.inference - INFO - inference.py:213 - ✓ Generated in 0.35s
2025-12-16 23:12:38,502 - src.inference - INFO - inference.py:213 - ✓ Generated in 0.25s
2025-12-16 23:12:38,847 - src.inference - INFO - inference.py:213 - ✓ Generated in 0.34s
2025-12-16 23:12:39,093 - src.inference - INFO - inference.py:213 - ✓ Generated in 0.25s
2025-12-16 23:12:39,293 - src.inference - INFO - inference.py:213 - ✓ Generated in 0.20s
2025-12-16 23:12:39,736 - src.inference - INFO - inference.py:213 - ✓ Generated in 0.44s
2025-12-16 23:12:40,982 - src.inference - INFO - inference.py:213 - ✓ Generated in 1.24s
2025-12-16 23:12:41,184 - src.inference - INFO - inference.py:213 - ✓ Generated in 0.20s
2025-12-16 23:12:41,986 - src.inference - INFO - inference.py:213 - ✓ Generated in 0.80s
2025-12-16 23:12:42,185 - src.inference - INFO - inference.py:213 - ✓ Generated in 0.20s
2025-12-16 23:12:42,483 - src.inference - INFO - inference.py:213 - ✓ Generated in 0.30s
2025-12-16 23:12:42,941 - src.inference - INFO - inference.py:213 - ✓ Generated in 0.46s
2025-12-16 23:12:43,241 - src.inference - INFO - inference.py:213 - ✓ Generated in 0.30s
2025-12-16 23:12:43,392 - src.inference - INFO - inference.py:213 - ✓ Generated in 0.15s
2025-12-16 23:12:43,494 - src.inference - INFO - inference.py:213 - ✓ Generated in 0.10s
2025-12-16 23:12:44,228 - src.inference - INFO - inference.py:213 - ✓ Generated in 0.73s
2025-12-16 23:12:44,476 - src.inference - INFO - inference.py:213 - ✓ Generated in 0.25s
2025-12-16 23:12:44,723 - src.inference - INFO - inference.py:213 - ✓ Generated in 0.25s
2025-12-16 23:12:45,119 - src.inference - INFO - inference.py:213 - ✓ Generated in 0.40s
2025-12-16 23:12:45,318 - src.inference - INFO - inference.py:213 - ✓ Generated in 0.20s
2025-12-16 23:12:45,568 - src.inference - INFO - inference.py:213 - ✓ Generated in 0.25s
2025-12-16 23:12:46,688 - src.inference - INFO - inference.py:213 - ✓ Generated in 1.12s
2025-12-16 23:12:47,117 - src.inference - INFO - inference.py:213 - ✓ Generated in 0.43s
2025-12-16 23:12:47,515 - src.inference - INFO - inference.py:213 - ✓ Generated in 0.40s
2025-12-16 23:12:47,761 - src.inference - INFO - inference.py:213 - ✓ Generated in 0.25s
2025-12-16 23:12:47,992 - src.inference - INFO - inference.py:213 - ✓ Generated in 0.23s
2025-12-16 23:12:48,240 - src.inference - INFO - inference.py:213 - ✓ Generated in 0.25s
2025-12-16 23:12:48,440 - src.inference - INFO - inference.py:213 - ✓ Generated in 0.20s
2025-12-16 23:12:48,933 - src.inference - INFO - inference.py:213 - ✓ Generated in 0.49s
2025-12-16 23:12:49,392 - src.inference - INFO - inference.py:213 - ✓ Generated in 0.46s
2025-12-16 23:12:49,641 - src.inference - INFO - inference.py:213 - ✓ Generated in 0.25s
2025-12-16 23:12:49,921 - src.inference - INFO - inference.py:213 - ✓ Generated in 0.28s
2025-12-16 23:12:50,172 - src.inference - INFO - inference.py:213 - ✓ Generated in 0.25s
2025-12-16 23:12:50,470 - src.inference - INFO - inference.py:213 - ✓ Generated in 0.30s
2025-12-16 23:12:50,818 - src.inference - INFO - inference.py:213 - ✓ Generated in 0.35s
2025-12-16 23:12:51,263 - src.inference - INFO - inference.py:213 - ✓ Generated in 0.44s
2025-12-16 23:12:51,756 - src.inference - INFO - inference.py:213 - ✓ Generated in 0.49s
2025-12-16 23:12:51,954 - src.inference - INFO - inference.py:213 - ✓ Generated in 0.20s
2025-12-16 23:12:52,674 - src.inference - INFO - inference.py:213 - ✓ Generated in 0.72s
2025-12-16 23:12:52,874 - src.inference - INFO - inference.py:213 - ✓ Generated in 0.20s
2025-12-16 23:12:53,318 - src.inference - INFO - inference.py:213 - ✓ Generated in 0.44s
2025-12-16 23:12:53,517 - src.inference - INFO - inference.py:213 - ✓ Generated in 0.20s
2025-12-16 23:12:53,716 - src.inference - INFO - inference.py:213 - ✓ Generated in 0.20s
2025-12-16 23:12:54,307 - src.inference - INFO - inference.py:213 - ✓ Generated in 0.59s
2025-12-16 23:12:54,557 - src.inference - INFO - inference.py:213 - ✓ Generated in 0.25s
2025-12-16 23:12:54,706 - src.inference - INFO - inference.py:213 - ✓ Generated in 0.15s
2025-12-16 23:12:55,489 - src.inference - INFO - inference.py:213 - ✓ Generated in 0.78s
2025-12-16 23:12:55,641 - src.inference - INFO - inference.py:213 - ✓ Generated in 0.15s
2025-12-16 23:12:56,100 - src.inference - INFO - inference.py:213 - ✓ Generated in 0.46s
2025-12-16 23:12:56,298 - src.inference - INFO - inference.py:213 - ✓ Generated in 0.20s
2025-12-16 23:12:56,449 - src.inference - INFO - inference.py:213 - ✓ Generated in 0.15s
2025-12-16 23:12:56,599 - src.inference - INFO - inference.py:213 - ✓ Generated in 0.15s
2025-12-16 23:12:57,137 - src.inference - INFO - inference.py:213 - ✓ Generated in 0.54s
2025-12-16 23:12:58,302 - src.inference - INFO - inference.py:213 - ✓ Generated in 1.16s
2025-12-16 23:12:58,556 - src.inference - INFO - inference.py:213 - ✓ Generated in 0.25s
2025-12-16 23:12:59,045 - src.inference - INFO - inference.py:213 - ✓ Generated in 0.49s
2025-12-16 23:12:59,341 - src.inference - INFO - inference.py:213 - ✓ Generated in 0.30s
2025-12-16 23:12:59,541 - src.inference - INFO - inference.py:213 - ✓ Generated in 0.20s
2025-12-16 23:12:59,790 - src.inference - INFO - inference.py:213 - ✓ Generated in 0.25s
2025-12-16 23:13:00,617 - src.inference - INFO - inference.py:213 - ✓ Generated in 0.83s
2025-12-16 23:13:01,111 - src.inference - INFO - inference.py:213 - ✓ Generated in 0.49s
2025-12-16 23:13:01,341 - src.inference - INFO - inference.py:213 - ✓ Generated in 0.23s
2025-12-16 23:13:01,492 - src.inference - INFO - inference.py:213 - ✓ Generated in 0.15s
2025-12-16 23:13:01,836 - src.inference - INFO - inference.py:213 - ✓ Generated in 0.34s
2025-12-16 23:13:01,987 - src.inference - INFO - inference.py:213 - ✓ Generated in 0.15s
2025-12-16 23:13:02,234 - src.inference - INFO - inference.py:213 - ✓ Generated in 0.25s
2025-12-16 23:13:02,679 - src.inference - INFO - inference.py:213 - ✓ Generated in 0.44s
2025-12-16 23:13:02,977 - src.inference - INFO - inference.py:213 - ✓ Generated in 0.30s
2025-12-16 23:13:03,273 - src.inference - INFO - inference.py:213 - ✓ Generated in 0.29s
2025-12-16 23:13:03,571 - src.inference - INFO - inference.py:213 - ✓ Generated in 0.30s
2025-12-16 23:13:03,916 - src.inference - INFO - inference.py:213 - ✓ Generated in 0.34s
2025-12-16 23:13:04,864 - src.inference - INFO - inference.py:213 - ✓ Generated in 0.95s
2025-12-16 23:13:05,161 - src.inference - INFO - inference.py:213 - ✓ Generated in 0.30s
2025-12-16 23:13:05,311 - src.inference - INFO - inference.py:213 - ✓ Generated in 0.15s
2025-12-16 23:13:05,511 - src.inference - INFO - inference.py:213 - ✓ Generated in 0.20s
2025-12-16 23:13:05,933 - src.inference - INFO - inference.py:213 - ✓ Generated in 0.42s
2025-12-16 23:13:06,330 - src.inference - INFO - inference.py:213 - ✓ Generated in 0.40s
2025-12-16 23:13:06,777 - src.inference - INFO - inference.py:213 - ✓ Generated in 0.45s
2025-12-16 23:13:07,431 - src.inference - INFO - inference.py:213 - ✓ Generated in 0.65s
2025-12-16 23:13:07,712 - src.inference - INFO - inference.py:213 - ✓ Generated in 0.28s
2025-12-16 23:13:07,959 - src.inference - INFO - inference.py:213 - ✓ Generated in 0.25s
2025-12-16 23:13:08,306 - src.inference - INFO - inference.py:213 - ✓ Generated in 0.35s
2025-12-16 23:13:08,700 - src.inference - INFO - inference.py:213 - ✓ Generated in 0.39s
2025-12-16 23:13:08,962 - src.inference - INFO - inference.py:213 - ✓ Generated in 0.26s
2025-12-16 23:13:09,162 - src.inference - INFO - inference.py:213 - ✓ Generated in 0.20s
2025-12-16 23:13:09,362 - src.inference - INFO - inference.py:213 - ✓ Generated in 0.20s
2025-12-16 23:13:09,623 - src.inference - INFO - inference.py:213 - ✓ Generated in 0.26s
2025-12-16 23:13:10,068 - src.inference - INFO - inference.py:213 - ✓ Generated in 0.44s
2025-12-16 23:13:10,582 - src.inference - INFO - inference.py:213 - ✓ Generated in 0.51s
2025-12-16 23:13:11,563 - src.inference - INFO - inference.py:213 - ✓ Generated in 0.98s
2025-12-16 23:13:11,824 - src.inference - INFO - inference.py:213 - ✓ Generated in 0.26s
2025-12-16 23:13:12,120 - src.inference - INFO - inference.py:213 - ✓ Generated in 0.30s
2025-12-16 23:13:12,523 - src.inference - INFO - inference.py:213 - ✓ Generated in 0.40s
2025-12-16 23:13:12,819 - src.inference - INFO - inference.py:213 - ✓ Generated in 0.30s
2025-12-16 23:13:13,439 - src.inference - INFO - inference.py:213 - ✓ Generated in 0.62s
2025-12-16 23:13:13,589 - src.inference - INFO - inference.py:213 - ✓ Generated in 0.15s
2025-12-16 23:13:13,887 - src.inference - INFO - inference.py:213 - ✓ Generated in 0.30s
2025-12-16 23:13:14,331 - src.inference - INFO - inference.py:213 - ✓ Generated in 0.44s
2025-12-16 23:13:14,530 - src.inference - INFO - inference.py:213 - ✓ Generated in 0.20s
2025-12-16 23:13:14,974 - src.inference - INFO - inference.py:213 - ✓ Generated in 0.44s
2025-12-16 23:13:15,420 - src.inference - INFO - inference.py:213 - ✓ Generated in 0.44s
2025-12-16 23:13:15,848 - src.inference - INFO - inference.py:213 - ✓ Generated in 0.43s
2025-12-16 23:13:15,950 - src.inference - INFO - inference.py:213 - ✓ Generated in 0.10s
2025-12-16 23:13:16,273 - src.inference - INFO - inference.py:213 - ✓ Generated in 0.32s
2025-12-16 23:13:16,521 - src.inference - INFO - inference.py:213 - ✓ Generated in 0.25s
2025-12-16 23:13:16,771 - src.inference - INFO - inference.py:213 - ✓ Generated in 0.25s
2025-12-16 23:13:17,019 - src.inference - INFO - inference.py:213 - ✓ Generated in 0.25s
2025-12-16 23:13:17,611 - src.inference - INFO - inference.py:213 - ✓ Generated in 0.59s
2025-12-16 23:13:17,810 - src.inference - INFO - inference.py:213 - ✓ Generated in 0.20s
2025-12-16 23:13:18,009 - src.inference - INFO - inference.py:213 - ✓ Generated in 0.20s
2025-12-16 23:13:18,399 - src.inference - INFO - inference.py:213 - ✓ Generated in 0.39s
2025-12-16 23:13:18,746 - src.inference - INFO - inference.py:213 - ✓ Generated in 0.35s
2025-12-16 23:13:19,191 - src.inference - INFO - inference.py:213 - ✓ Generated in 0.44s
2025-12-16 23:13:19,389 - src.inference - INFO - inference.py:213 - ✓ Generated in 0.20s
2025-12-16 23:13:19,541 - src.inference - INFO - inference.py:213 - ✓ Generated in 0.15s
2025-12-16 23:13:19,789 - src.inference - INFO - inference.py:213 - ✓ Generated in 0.25s
2025-12-16 23:13:19,939 - src.inference - INFO - inference.py:213 - ✓ Generated in 0.15s
2025-12-16 23:13:20,093 - src.inference - INFO - inference.py:213 - ✓ Generated in 0.15s
2025-12-16 23:13:20,391 - src.inference - INFO - inference.py:213 - ✓ Generated in 0.30s
2025-12-16 23:13:20,885 - src.inference - INFO - inference.py:213 - ✓ Generated in 0.49s
2025-12-16 23:13:21,245 - src.inference - INFO - inference.py:213 - ✓ Generated in 0.36s
2025-12-16 23:13:21,541 - src.inference - INFO - inference.py:213 - ✓ Generated in 0.30s
2025-12-16 23:13:22,003 - src.inference - INFO - inference.py:213 - ✓ Generated in 0.46s
2025-12-16 23:13:22,254 - src.inference - INFO - inference.py:213 - ✓ Generated in 0.25s
2025-12-16 23:13:22,681 - src.inference - INFO - inference.py:213 - ✓ Generated in 0.43s
2025-12-16 23:13:22,832 - src.inference - INFO - inference.py:213 - ✓ Generated in 0.15s
2025-12-16 23:13:23,241 - src.inference - INFO - inference.py:213 - ✓ Generated in 0.41s
2025-12-16 23:13:23,494 - src.inference - INFO - inference.py:213 - ✓ Generated in 0.25s
2025-12-16 23:13:23,839 - src.inference - INFO - inference.py:213 - ✓ Generated in 0.34s
2025-12-16 23:13:24,335 - src.inference - INFO - inference.py:213 - ✓ Generated in 0.50s
2025-12-16 23:13:24,633 - src.inference - INFO - inference.py:213 - ✓ Generated in 0.30s
2025-12-16 23:13:25,316 - src.inference - INFO - inference.py:213 - ✓ Generated in 0.68s
2025-12-16 23:13:25,565 - src.inference - INFO - inference.py:213 - ✓ Generated in 0.25s
2025-12-16 23:13:25,813 - src.inference - INFO - inference.py:213 - ✓ Generated in 0.25s
2025-12-16 23:13:26,307 - src.inference - INFO - inference.py:213 - ✓ Generated in 0.49s
2025-12-16 23:13:26,457 - src.inference - INFO - inference.py:213 - ✓ Generated in 0.15s
2025-12-16 23:13:26,665 - src.inference - INFO - inference.py:213 - ✓ Generated in 0.21s
2025-12-16 23:13:27,258 - src.inference - INFO - inference.py:213 - ✓ Generated in 0.59s
2025-12-16 23:13:27,409 - src.inference - INFO - inference.py:213 - ✓ Generated in 0.15s
2025-12-16 23:13:27,803 - src.inference - INFO - inference.py:213 - ✓ Generated in 0.39s
2025-12-16 23:13:28,002 - src.inference - INFO - inference.py:213 - ✓ Generated in 0.20s
2025-12-16 23:13:28,350 - src.inference - INFO - inference.py:213 - ✓ Generated in 0.35s
2025-12-16 23:13:28,892 - src.inference - INFO - inference.py:213 - ✓ Generated in 0.54s
2025-12-16 23:13:29,411 - src.inference - INFO - inference.py:213 - ✓ Generated in 0.52s
2025-12-16 23:13:29,852 - src.inference - INFO - inference.py:213 - ✓ Generated in 0.44s
2025-12-16 23:13:30,359 - src.inference - INFO - inference.py:213 - ✓ Generated in 0.51s
2025-12-16 23:13:30,946 - src.inference - INFO - inference.py:213 - ✓ Generated in 0.59s
2025-12-16 23:13:31,923 - src.inference - INFO - inference.py:213 - ✓ Generated in 0.98s
2025-12-16 23:13:32,272 - src.inference - INFO - inference.py:213 - ✓ Generated in 0.35s
2025-12-16 23:13:32,473 - src.inference - INFO - inference.py:213 - ✓ Generated in 0.20s
2025-12-16 23:13:33,092 - src.inference - INFO - inference.py:213 - ✓ Generated in 0.62s
2025-12-16 23:13:33,301 - src.inference - INFO - inference.py:213 - ✓ Generated in 0.21s
2025-12-16 23:13:33,710 - src.inference - INFO - inference.py:213 - ✓ Generated in 0.41s
2025-12-16 23:13:34,009 - src.inference - INFO - inference.py:213 - ✓ Generated in 0.30s
2025-12-16 23:13:34,353 - src.inference - INFO - inference.py:213 - ✓ Generated in 0.34s
2025-12-16 23:13:34,551 - src.inference - INFO - inference.py:213 - ✓ Generated in 0.20s
2025-12-16 23:13:34,749 - src.inference - INFO - inference.py:213 - ✓ Generated in 0.20s
2025-12-16 23:13:34,999 - src.inference - INFO - inference.py:213 - ✓ Generated in 0.25s
2025-12-16 23:13:35,296 - src.inference - INFO - inference.py:213 - ✓ Generated in 0.30s
2025-12-16 23:13:36,303 - src.inference - INFO - inference.py:213 - ✓ Generated in 1.01s
2025-12-16 23:13:36,551 - src.inference - INFO - inference.py:213 - ✓ Generated in 0.25s
2025-12-16 23:13:36,899 - src.inference - INFO - inference.py:213 - ✓ Generated in 0.35s
2025-12-16 23:13:37,295 - src.inference - INFO - inference.py:213 - ✓ Generated in 0.40s
2025-12-16 23:13:37,635 - src.inference - INFO - inference.py:213 - ✓ Generated in 0.34s
2025-12-16 23:13:37,934 - src.inference - INFO - inference.py:213 - ✓ Generated in 0.30s
2025-12-16 23:13:38,659 - src.inference - INFO - inference.py:213 - ✓ Generated in 0.72s
2025-12-16 23:13:38,909 - src.inference - INFO - inference.py:213 - ✓ Generated in 0.25s
2025-12-16 23:13:39,209 - src.inference - INFO - inference.py:213 - ✓ Generated in 0.30s
2025-12-16 23:13:39,410 - src.inference - INFO - inference.py:213 - ✓ Generated in 0.20s
2025-12-16 23:13:39,609 - src.inference - INFO - inference.py:213 - ✓ Generated in 0.20s
2025-12-16 23:13:40,202 - src.inference - INFO - inference.py:213 - ✓ Generated in 0.59s
2025-12-16 23:13:40,853 - src.inference - INFO - inference.py:213 - ✓ Generated in 0.65s
2025-12-16 23:13:41,294 - src.inference - INFO - inference.py:213 - ✓ Generated in 0.44s
2025-12-16 23:13:41,494 - src.inference - INFO - inference.py:213 - ✓ Generated in 0.20s
2025-12-16 23:13:41,644 - src.inference - INFO - inference.py:213 - ✓ Generated in 0.15s
2025-12-16 23:13:41,989 - src.inference - INFO - inference.py:213 - ✓ Generated in 0.34s
2025-12-16 23:13:42,707 - src.inference - INFO - inference.py:213 - ✓ Generated in 0.72s
2025-12-16 23:13:43,007 - src.inference - INFO - inference.py:213 - ✓ Generated in 0.30s
2025-12-16 23:13:43,303 - src.inference - INFO - inference.py:213 - ✓ Generated in 0.30s
2025-12-16 23:13:43,454 - src.inference - INFO - inference.py:213 - ✓ Generated in 0.15s
2025-12-16 23:13:43,802 - src.inference - INFO - inference.py:213 - ✓ Generated in 0.35s
2025-12-16 23:13:44,180 - src.inference - INFO - inference.py:213 - ✓ Generated in 0.38s
2025-12-16 23:13:44,381 - src.inference - INFO - inference.py:213 - ✓ Generated in 0.20s
2025-12-16 23:13:44,627 - src.inference - INFO - inference.py:213 - ✓ Generated in 0.25s
2025-12-16 23:13:45,509 - src.inference - INFO - inference.py:213 - ✓ Generated in 0.88s
2025-12-16 23:13:45,659 - src.inference - INFO - inference.py:213 - ✓ Generated in 0.15s
2025-12-16 23:13:46,154 - src.inference - INFO - inference.py:213 - ✓ Generated in 0.49s
2025-12-16 23:13:46,453 - src.inference - INFO - inference.py:213 - ✓ Generated in 0.30s
2025-12-16 23:13:47,262 - src.inference - INFO - inference.py:213 - ✓ Generated in 0.81s
2025-12-16 23:13:47,563 - src.inference - INFO - inference.py:213 - ✓ Generated in 0.30s
2025-12-16 23:13:47,811 - src.inference - INFO - inference.py:213 - ✓ Generated in 0.25s
2025-12-16 23:13:48,009 - src.inference - INFO - inference.py:213 - ✓ Generated in 0.20s
2025-12-16 23:13:48,319 - src.inference - INFO - inference.py:213 - ✓ Generated in 0.31s
2025-12-16 23:13:48,469 - src.inference - INFO - inference.py:213 - ✓ Generated in 0.15s
2025-12-16 23:13:48,716 - src.inference - INFO - inference.py:213 - ✓ Generated in 0.25s
2025-12-16 23:13:49,475 - src.inference - INFO - inference.py:213 - ✓ Generated in 0.76s
2025-12-16 23:13:49,967 - src.inference - INFO - inference.py:213 - ✓ Generated in 0.49s
2025-12-16 23:13:50,444 - src.inference - INFO - inference.py:213 - ✓ Generated in 0.48s
2025-12-16 23:13:50,736 - src.inference - INFO - inference.py:213 - ✓ Generated in 0.29s
2025-12-16 23:13:51,144 - src.inference - INFO - inference.py:213 - ✓ Generated in 0.41s
2025-12-16 23:13:51,890 - src.inference - INFO - inference.py:213 - ✓ Generated in 0.75s
2025-12-16 23:13:52,137 - src.inference - INFO - inference.py:213 - ✓ Generated in 0.25s
2025-12-16 23:13:53,282 - src.inference - INFO - inference.py:213 - ✓ Generated in 1.14s
2025-12-16 23:13:54,085 - src.inference - INFO - inference.py:213 - ✓ Generated in 0.80s
2025-12-16 23:13:54,733 - src.inference - INFO - inference.py:213 - ✓ Generated in 0.65s
2025-12-16 23:13:55,128 - src.inference - INFO - inference.py:213 - ✓ Generated in 0.39s
2025-12-16 23:13:55,328 - src.inference - INFO - inference.py:213 - ✓ Generated in 0.20s
2025-12-16 23:13:55,529 - src.inference - INFO - inference.py:213 - ✓ Generated in 0.20s
2025-12-16 23:13:55,876 - src.inference - INFO - inference.py:213 - ✓ Generated in 0.35s
2025-12-16 23:13:56,507 - src.inference - INFO - inference.py:213 - ✓ Generated in 0.63s
2025-12-16 23:13:56,656 - src.inference - INFO - inference.py:213 - ✓ Generated in 0.15s
2025-12-16 23:13:56,904 - src.inference - INFO - inference.py:213 - ✓ Generated in 0.25s
2025-12-16 23:13:57,103 - src.inference - INFO - inference.py:213 - ✓ Generated in 0.20s
2025-12-16 23:13:57,351 - src.inference - INFO - inference.py:213 - ✓ Generated in 0.25s
2025-12-16 23:13:57,599 - src.inference - INFO - inference.py:213 - ✓ Generated in 0.25s
2025-12-16 23:13:58,142 - src.inference - INFO - inference.py:213 - ✓ Generated in 0.54s
2025-12-16 23:13:58,782 - src.inference - INFO - inference.py:213 - ✓ Generated in 0.64s
2025-12-16 23:13:59,030 - src.inference - INFO - inference.py:213 - ✓ Generated in 0.25s
2025-12-16 23:13:59,474 - src.inference - INFO - inference.py:213 - ✓ Generated in 0.44s
2025-12-16 23:13:59,821 - src.inference - INFO - inference.py:213 - ✓ Generated in 0.35s
2025-12-16 23:14:00,219 - src.inference - INFO - inference.py:213 - ✓ Generated in 0.40s
2025-12-16 23:14:00,518 - src.inference - INFO - inference.py:213 - ✓ Generated in 0.30s
2025-12-16 23:14:00,768 - src.inference - INFO - inference.py:213 - ✓ Generated in 0.25s
2025-12-16 23:14:01,063 - src.inference - INFO - inference.py:213 - ✓ Generated in 0.29s
2025-12-16 23:14:01,361 - src.inference - INFO - inference.py:213 - ✓ Generated in 0.30s
2025-12-16 23:14:01,804 - src.inference - INFO - inference.py:213 - ✓ Generated in 0.44s
2025-12-16 23:14:02,257 - src.inference - INFO - inference.py:213 - ✓ Generated in 0.45s
2025-12-16 23:14:02,455 - src.inference - INFO - inference.py:213 - ✓ Generated in 0.20s
2025-12-16 23:14:03,434 - src.inference - INFO - inference.py:213 - ✓ Generated in 0.98s
2025-12-16 23:14:03,887 - src.inference - INFO - inference.py:213 - ✓ Generated in 0.45s
2025-12-16 23:14:04,135 - src.inference - INFO - inference.py:213 - ✓ Generated in 0.25s
2025-12-16 23:14:04,432 - src.inference - INFO - inference.py:213 - ✓ Generated in 0.30s
2025-12-16 23:14:04,649 - src.inference - INFO - inference.py:213 - ✓ Generated in 0.22s
2025-12-16 23:14:05,099 - src.inference - INFO - inference.py:213 - ✓ Generated in 0.45s
2025-12-16 23:14:05,299 - src.inference - INFO - inference.py:213 - ✓ Generated in 0.20s
2025-12-16 23:14:05,747 - src.inference - INFO - inference.py:213 - ✓ Generated in 0.45s
2025-12-16 23:14:06,232 - src.inference - INFO - inference.py:213 - ✓ Generated in 0.48s
2025-12-16 23:14:06,627 - src.inference - INFO - inference.py:213 - ✓ Generated in 0.39s
2025-12-16 23:14:06,925 - src.inference - INFO - inference.py:213 - ✓ Generated in 0.30s
2025-12-16 23:14:07,236 - src.inference - INFO - inference.py:213 - ✓ Generated in 0.31s
2025-12-16 23:14:07,436 - src.inference - INFO - inference.py:213 - ✓ Generated in 0.20s
2025-12-16 23:14:07,893 - src.inference - INFO - inference.py:213 - ✓ Generated in 0.46s
2025-12-16 23:14:08,341 - src.inference - INFO - inference.py:213 - ✓ Generated in 0.45s
2025-12-16 23:14:08,738 - src.inference - INFO - inference.py:213 - ✓ Generated in 0.40s
2025-12-16 23:14:09,037 - src.inference - INFO - inference.py:213 - ✓ Generated in 0.30s
2025-12-16 23:14:09,188 - src.inference - INFO - inference.py:213 - ✓ Generated in 0.15s
2025-12-16 23:14:09,973 - src.inference - INFO - inference.py:213 - ✓ Generated in 0.78s
2025-12-16 23:14:10,172 - src.inference - INFO - inference.py:213 - ✓ Generated in 0.20s
2025-12-16 23:14:10,420 - src.inference - INFO - inference.py:213 - ✓ Generated in 0.25s
2025-12-16 23:14:11,123 - src.inference - INFO - inference.py:213 - ✓ Generated in 0.70s
2025-12-16 23:14:11,711 - src.inference - INFO - inference.py:213 - ✓ Generated in 0.59s
2025-12-16 23:14:12,013 - src.inference - INFO - inference.py:213 - ✓ Generated in 0.30s
2025-12-16 23:14:12,261 - src.inference - INFO - inference.py:213 - ✓ Generated in 0.25s
2025-12-16 23:14:12,509 - src.inference - INFO - inference.py:213 - ✓ Generated in 0.25s
2025-12-16 23:14:12,709 - src.inference - INFO - inference.py:213 - ✓ Generated in 0.20s
2025-12-16 23:14:12,990 - src.inference - INFO - inference.py:213 - ✓ Generated in 0.28s
2025-12-16 23:14:13,189 - src.inference - INFO - inference.py:213 - ✓ Generated in 0.20s
2025-12-16 23:14:14,453 - src.inference - INFO - inference.py:213 - ✓ Generated in 1.26s
2025-12-16 23:14:16,079 - src.inference - INFO - inference.py:213 - ✓ Generated in 1.63s
2025-12-16 23:14:16,421 - src.inference - INFO - inference.py:213 - ✓ Generated in 0.34s
2025-12-16 23:14:16,621 - src.inference - INFO - inference.py:213 - ✓ Generated in 0.20s
2025-12-16 23:14:16,783 - src.inference - INFO - inference.py:213 - ✓ Generated in 0.16s
2025-12-16 23:14:17,128 - src.inference - INFO - inference.py:213 - ✓ Generated in 0.34s
2025-12-16 23:14:17,542 - src.inference - INFO - inference.py:213 - ✓ Generated in 0.41s
2025-12-16 23:14:17,892 - src.inference - INFO - inference.py:213 - ✓ Generated in 0.35s
2025-12-16 23:14:18,286 - src.inference - INFO - inference.py:213 - ✓ Generated in 0.39s
2025-12-16 23:14:18,485 - src.inference - INFO - inference.py:213 - ✓ Generated in 0.20s
2025-12-16 23:14:18,832 - src.inference - INFO - inference.py:213 - ✓ Generated in 0.35s
2025-12-16 23:14:19,030 - src.inference - INFO - inference.py:213 - ✓ Generated in 0.20s
2025-12-16 23:14:19,277 - src.inference - INFO - inference.py:213 - ✓ Generated in 0.25s
2025-12-16 23:14:19,478 - src.inference - INFO - inference.py:213 - ✓ Generated in 0.20s
2025-12-16 23:14:19,741 - src.inference - INFO - inference.py:213 - ✓ Generated in 0.26s
2025-12-16 23:14:20,536 - src.inference - INFO - inference.py:213 - ✓ Generated in 0.79s
2025-12-16 23:14:20,944 - src.inference - INFO - inference.py:213 - ✓ Generated in 0.41s
2025-12-16 23:14:21,243 - src.inference - INFO - inference.py:213 - ✓ Generated in 0.30s
2025-12-16 23:14:21,590 - src.inference - INFO - inference.py:213 - ✓ Generated in 0.35s
2025-12-16 23:14:21,838 - src.inference - INFO - inference.py:213 - ✓ Generated in 0.25s
2025-12-16 23:14:22,183 - src.inference - INFO - inference.py:213 - ✓ Generated in 0.34s
2025-12-16 23:14:22,480 - src.inference - INFO - inference.py:213 - ✓ Generated in 0.30s
2025-12-16 23:14:22,726 - src.inference - INFO - inference.py:213 - ✓ Generated in 0.25s
2025-12-16 23:14:23,301 - src.inference - INFO - inference.py:213 - ✓ Generated in 0.57s
2025-12-16 23:14:23,705 - src.inference - INFO - inference.py:213 - ✓ Generated in 0.40s
2025-12-16 23:14:24,052 - src.inference - INFO - inference.py:213 - ✓ Generated in 0.35s
2025-12-16 23:14:24,299 - src.inference - INFO - inference.py:213 - ✓ Generated in 0.25s
2025-12-16 23:14:24,680 - src.inference - INFO - inference.py:213 - ✓ Generated in 0.38s
2025-12-16 23:14:24,927 - src.inference - INFO - inference.py:213 - ✓ Generated in 0.25s
2025-12-16 23:14:25,126 - src.inference - INFO - inference.py:213 - ✓ Generated in 0.20s
2025-12-16 23:14:25,328 - src.inference - INFO - inference.py:213 - ✓ Generated in 0.20s
2025-12-16 23:14:25,676 - src.inference - INFO - inference.py:213 - ✓ Generated in 0.35s
2025-12-16 23:14:25,882 - src.inference - INFO - inference.py:213 - ✓ Generated in 0.21s
2025-12-16 23:14:26,133 - src.inference - INFO - inference.py:213 - ✓ Generated in 0.25s
2025-12-16 23:14:26,380 - src.inference - INFO - inference.py:213 - ✓ Generated in 0.25s
2025-12-16 23:14:27,028 - src.inference - INFO - inference.py:213 - ✓ Generated in 0.65s
2025-12-16 23:14:27,622 - src.inference - INFO - inference.py:213 - ✓ Generated in 0.59s
2025-12-16 23:14:27,723 - src.inference - INFO - inference.py:213 - ✓ Generated in 0.10s
2025-12-16 23:14:28,535 - src.inference - INFO - inference.py:213 - ✓ Generated in 0.81s
2025-12-16 23:14:28,882 - src.inference - INFO - inference.py:213 - ✓ Generated in 0.35s
2025-12-16 23:14:28,983 - src.inference - INFO - inference.py:213 - ✓ Generated in 0.10s
2025-12-16 23:14:29,282 - src.inference - INFO - inference.py:213 - ✓ Generated in 0.30s
2025-12-16 23:14:29,832 - src.inference - INFO - inference.py:213 - ✓ Generated in 0.55s
2025-12-16 23:14:29,983 - src.inference - INFO - inference.py:213 - ✓ Generated in 0.15s
2025-12-16 23:14:30,241 - src.inference - INFO - inference.py:213 - ✓ Generated in 0.26s
2025-12-16 23:14:30,785 - src.inference - INFO - inference.py:213 - ✓ Generated in 0.54s
2025-12-16 23:14:31,034 - src.inference - INFO - inference.py:213 - ✓ Generated in 0.25s
2025-12-16 23:14:31,281 - src.inference - INFO - inference.py:213 - ✓ Generated in 0.25s
2025-12-16 23:14:31,482 - src.inference - INFO - inference.py:213 - ✓ Generated in 0.20s
2025-12-16 23:14:31,831 - src.inference - INFO - inference.py:213 - ✓ Generated in 0.35s
2025-12-16 23:14:32,031 - src.inference - INFO - inference.py:213 - ✓ Generated in 0.20s
2025-12-16 23:14:32,558 - src.inference - INFO - inference.py:213 - ✓ Generated in 0.53s
2025-12-16 23:14:33,260 - src.inference - INFO - inference.py:213 - ✓ Generated in 0.70s
2025-12-16 23:14:33,510 - src.inference - INFO - inference.py:213 - ✓ Generated in 0.25s
2025-12-16 23:14:33,855 - src.inference - INFO - inference.py:213 - ✓ Generated in 0.34s
2025-12-16 23:14:34,172 - src.inference - INFO - inference.py:213 - ✓ Generated in 0.32s
2025-12-16 23:14:34,518 - src.inference - INFO - inference.py:213 - ✓ Generated in 0.34s
2025-12-16 23:14:34,818 - src.inference - INFO - inference.py:213 - ✓ Generated in 0.30s
2025-12-16 23:14:35,076 - src.inference - INFO - inference.py:213 - ✓ Generated in 0.26s
2025-12-16 23:14:35,289 - src.inference - INFO - inference.py:213 - ✓ Generated in 0.21s
2025-12-16 23:14:35,538 - src.inference - INFO - inference.py:213 - ✓ Generated in 0.25s
2025-12-16 23:14:35,788 - src.inference - INFO - inference.py:213 - ✓ Generated in 0.25s
2025-12-16 23:14:36,131 - src.inference - INFO - inference.py:213 - ✓ Generated in 0.34s
2025-12-16 23:14:36,756 - src.inference - INFO - inference.py:213 - ✓ Generated in 0.62s
2025-12-16 23:14:37,052 - src.inference - INFO - inference.py:213 - ✓ Generated in 0.30s
2025-12-16 23:14:37,300 - src.inference - INFO - inference.py:213 - ✓ Generated in 0.25s
2025-12-16 23:14:37,451 - src.inference - INFO - inference.py:213 - ✓ Generated in 0.15s
2025-12-16 23:14:37,748 - src.inference - INFO - inference.py:213 - ✓ Generated in 0.30s
2025-12-16 23:14:37,996 - src.inference - INFO - inference.py:213 - ✓ Generated in 0.25s
2025-12-16 23:14:38,245 - src.inference - INFO - inference.py:213 - ✓ Generated in 0.25s
2025-12-16 23:14:38,445 - src.inference - INFO - inference.py:213 - ✓ Generated in 0.20s
2025-12-16 23:14:39,039 - src.inference - INFO - inference.py:213 - ✓ Generated in 0.59s
2025-12-16 23:14:39,290 - src.inference - INFO - inference.py:213 - ✓ Generated in 0.25s
2025-12-16 23:14:39,711 - src.inference - INFO - inference.py:213 - ✓ Generated in 0.42s
2025-12-16 23:14:39,911 - src.inference - INFO - inference.py:213 - ✓ Generated in 0.20s
2025-12-16 23:14:40,258 - src.inference - INFO - inference.py:213 - ✓ Generated in 0.35s
2025-12-16 23:14:41,061 - src.inference - INFO - inference.py:213 - ✓ Generated in 0.80s
2025-12-16 23:14:41,212 - src.inference - INFO - inference.py:213 - ✓ Generated in 0.15s
2025-12-16 23:14:41,658 - src.inference - INFO - inference.py:213 - ✓ Generated in 0.45s
2025-12-16 23:14:41,905 - src.inference - INFO - inference.py:213 - ✓ Generated in 0.25s
2025-12-16 23:14:42,302 - src.inference - INFO - inference.py:213 - ✓ Generated in 0.40s
2025-12-16 23:14:42,778 - src.inference - INFO - inference.py:213 - ✓ Generated in 0.48s
2025-12-16 23:14:43,076 - src.inference - INFO - inference.py:213 - ✓ Generated in 0.30s
2025-12-16 23:14:43,374 - src.inference - INFO - inference.py:213 - ✓ Generated in 0.30s
2025-12-16 23:14:43,524 - src.inference - INFO - inference.py:213 - ✓ Generated in 0.15s
2025-12-16 23:14:43,771 - src.inference - INFO - inference.py:213 - ✓ Generated in 0.25s
2025-12-16 23:14:44,021 - src.inference - INFO - inference.py:213 - ✓ Generated in 0.25s
2025-12-16 23:14:44,529 - src.inference - INFO - inference.py:213 - ✓ Generated in 0.51s
2025-12-16 23:14:45,171 - src.inference - INFO - inference.py:213 - ✓ Generated in 0.64s
2025-12-16 23:14:45,321 - src.inference - INFO - inference.py:213 - ✓ Generated in 0.15s
2025-12-16 23:14:45,620 - src.inference - INFO - inference.py:213 - ✓ Generated in 0.30s
2025-12-16 23:14:45,869 - src.inference - INFO - inference.py:213 - ✓ Generated in 0.25s
2025-12-16 23:14:46,167 - src.inference - INFO - inference.py:213 - ✓ Generated in 0.30s
2025-12-16 23:14:46,561 - src.inference - INFO - inference.py:213 - ✓ Generated in 0.39s
2025-12-16 23:14:46,712 - src.inference - INFO - inference.py:213 - ✓ Generated in 0.15s
2025-12-16 23:14:46,861 - src.inference - INFO - inference.py:213 - ✓ Generated in 0.15s
2025-12-16 23:14:47,259 - src.inference - INFO - inference.py:213 - ✓ Generated in 0.40s
2025-12-16 23:14:47,704 - src.inference - INFO - inference.py:213 - ✓ Generated in 0.44s
2025-12-16 23:14:48,034 - src.inference - INFO - inference.py:213 - ✓ Generated in 0.33s
2025-12-16 23:14:48,134 - src.inference - INFO - inference.py:213 - ✓ Generated in 0.10s
2025-12-16 23:14:48,285 - src.inference - INFO - inference.py:213 - ✓ Generated in 0.15s
2025-12-16 23:14:48,535 - src.inference - INFO - inference.py:213 - ✓ Generated in 0.25s
2025-12-16 23:14:48,978 - src.inference - INFO - inference.py:213 - ✓ Generated in 0.44s
2025-12-16 23:14:49,226 - src.inference - INFO - inference.py:213 - ✓ Generated in 0.25s
2025-12-16 23:14:49,636 - src.inference - INFO - inference.py:213 - ✓ Generated in 0.41s
2025-12-16 23:14:49,885 - src.inference - INFO - inference.py:213 - ✓ Generated in 0.25s
2025-12-16 23:14:50,878 - src.inference - INFO - inference.py:213 - ✓ Generated in 0.99s
2025-12-16 23:14:51,546 - src.inference - INFO - inference.py:213 - ✓ Generated in 0.67s
2025-12-16 23:14:51,842 - src.inference - INFO - inference.py:213 - ✓ Generated in 0.30s
2025-12-16 23:14:52,141 - src.inference - INFO - inference.py:213 - ✓ Generated in 0.30s
2025-12-16 23:14:52,588 - src.inference - INFO - inference.py:213 - ✓ Generated in 0.45s
2025-12-16 23:14:52,737 - src.inference - INFO - inference.py:213 - ✓ Generated in 0.15s
2025-12-16 23:14:53,080 - src.inference - INFO - inference.py:213 - ✓ Generated in 0.34s
2025-12-16 23:14:54,081 - src.inference - INFO - inference.py:213 - ✓ Generated in 1.00s
2025-12-16 23:14:55,000 - src.inference - INFO - inference.py:213 - ✓ Generated in 0.92s
2025-12-16 23:14:55,198 - src.inference - INFO - inference.py:213 - ✓ Generated in 0.20s
2025-12-16 23:14:55,914 - src.inference - INFO - inference.py:213 - ✓ Generated in 0.72s
2025-12-16 23:14:56,113 - src.inference - INFO - inference.py:213 - ✓ Generated in 0.20s
2025-12-16 23:14:56,263 - src.inference - INFO - inference.py:213 - ✓ Generated in 0.15s
2025-12-16 23:14:56,460 - src.inference - INFO - inference.py:213 - ✓ Generated in 0.20s
2025-12-16 23:14:56,660 - src.inference - INFO - inference.py:213 - ✓ Generated in 0.20s
2025-12-16 23:14:56,865 - src.inference - INFO - inference.py:213 - ✓ Generated in 0.20s
2025-12-16 23:14:57,173 - src.inference - INFO - inference.py:213 - ✓ Generated in 0.31s
2025-12-16 23:14:57,420 - src.inference - INFO - inference.py:213 - ✓ Generated in 0.25s
2025-12-16 23:14:57,762 - src.inference - INFO - inference.py:213 - ✓ Generated in 0.34s
2025-12-16 23:14:58,218 - src.inference - INFO - inference.py:213 - ✓ Generated in 0.46s
2025-12-16 23:14:58,711 - src.inference - INFO - inference.py:213 - ✓ Generated in 0.49s
2025-12-16 23:14:59,526 - src.inference - INFO - inference.py:213 - ✓ Generated in 0.81s
2025-12-16 23:14:59,869 - src.inference - INFO - inference.py:213 - ✓ Generated in 0.34s
2025-12-16 23:15:01,570 - src.inference - INFO - inference.py:213 - ✓ Generated in 1.70s
2025-12-16 23:15:01,818 - src.inference - INFO - inference.py:213 - ✓ Generated in 0.25s
2025-12-16 23:15:02,160 - src.inference - INFO - inference.py:213 - ✓ Generated in 0.34s
2025-12-16 23:15:02,408 - src.inference - INFO - inference.py:213 - ✓ Generated in 0.25s
2025-12-16 23:15:02,607 - src.inference - INFO - inference.py:213 - ✓ Generated in 0.20s
2025-12-16 23:15:02,854 - src.inference - INFO - inference.py:213 - ✓ Generated in 0.25s
2025-12-16 23:15:03,052 - src.inference - INFO - inference.py:213 - ✓ Generated in 0.20s
2025-12-16 23:15:03,448 - src.inference - INFO - inference.py:213 - ✓ Generated in 0.40s
2025-12-16 23:15:03,745 - src.inference - INFO - inference.py:213 - ✓ Generated in 0.30s
2025-12-16 23:15:03,953 - src.inference - INFO - inference.py:213 - ✓ Generated in 0.21s
2025-12-16 23:15:04,348 - src.inference - INFO - inference.py:213 - ✓ Generated in 0.39s
2025-12-16 23:15:04,595 - src.inference - INFO - inference.py:213 - ✓ Generated in 0.25s
2025-12-16 23:33:38,155 - src.inference - INFO - inference.py:48 - ============================================================
2025-12-16 23:33:38,155 - src.inference - INFO - inference.py:49 - Initializing Chatbot Inference
2025-12-16 23:33:38,155 - src.inference - INFO - inference.py:50 - Base model: /root/autodl-tmp/modelscope/hub/models/ZhipuAI/chatglm3-6b
2025-12-16 23:33:38,156 - src.inference - INFO - inference.py:51 - LoRA weights: checkpoints/best_model
2025-12-16 23:33:38,156 - src.inference - INFO - inference.py:52 - Device: cuda
2025-12-16 23:33:38,156 - src.inference - INFO - inference.py:53 - FP16: False
2025-12-16 23:33:38,156 - src.inference - INFO - inference.py:54 - ============================================================
2025-12-16 23:33:40,785 - src.inference - INFO - inference.py:81 - Loading config...
2025-12-16 23:33:40,789 - src.inference - INFO - inference.py:99 - Loading tokenizer...
2025-12-16 23:33:41,018 - src.inference - INFO - inference.py:109 - Loading model...
2025-12-16 23:33:41,542 - accelerate.utils.modeling - INFO - modeling.py:987 - We will use 90% of the memory on device 0 for storing the model, and 10% for the buffer to avoid OOM. You can set `max_memory` in to a higher value to use more memory (at your own risk).
2025-12-16 23:40:21,457 - src.inference - INFO - inference.py:48 - ============================================================
2025-12-16 23:40:21,458 - src.inference - INFO - inference.py:49 - Initializing Chatbot Inference
2025-12-16 23:40:21,458 - src.inference - INFO - inference.py:50 - Base model: /root/autodl-tmp/modelscope/hub/models/ZhipuAI/chatglm3-6b
2025-12-16 23:40:21,458 - src.inference - INFO - inference.py:51 - LoRA weights: checkpoints/best_model
2025-12-16 23:40:21,459 - src.inference - INFO - inference.py:52 - Device: cuda
2025-12-16 23:40:21,459 - src.inference - INFO - inference.py:53 - FP16: False
2025-12-16 23:40:21,459 - src.inference - INFO - inference.py:54 - ============================================================
2025-12-16 23:40:25,622 - src.inference - INFO - inference.py:81 - Loading config...
2025-12-16 23:40:25,628 - src.inference - INFO - inference.py:99 - Loading tokenizer...
2025-12-16 23:40:25,867 - src.inference - INFO - inference.py:109 - Loading model...
2025-12-16 23:40:26,591 - accelerate.utils.modeling - INFO - modeling.py:987 - We will use 90% of the memory on device 0 for storing the model, and 10% for the buffer to avoid OOM. You can set `max_memory` in to a higher value to use more memory (at your own risk).
2025-12-16 23:41:42,157 - src.inference - INFO - inference.py:119 - Loading LoRA weights from: checkpoints/best_model
2025-12-16 23:41:42,585 - src.inference - INFO - inference.py:128 - Merging LoRA weights into base model...
2025-12-16 23:41:42,769 - src.inference - INFO - inference.py:130 - ✓ LoRA weights merged successfully
2025-12-16 23:41:42,769 - src.inference - INFO - inference.py:141 - ✓ Added _extract_past_from_model_output method
2025-12-16 23:41:42,770 - src.inference - INFO - inference.py:158 - ✓ Patched _update_model_kwargs_for_generation method
2025-12-16 23:41:42,771 - src.inference - INFO - inference.py:161 - ✓ Model loaded in torch.float32
2025-12-16 23:41:42,771 - src.inference - INFO - inference.py:69 - Chatbot initialized successfully!

2025-12-16 23:41:44,186 - src.inference - INFO - inference.py:213 - ✓ Generated in 1.39s
2025-12-16 23:41:44,728 - src.inference - INFO - inference.py:213 - ✓ Generated in 0.54s
2025-12-16 23:41:45,392 - src.inference - INFO - inference.py:213 - ✓ Generated in 0.66s
2025-12-16 23:41:45,839 - src.inference - INFO - inference.py:213 - ✓ Generated in 0.45s
2025-12-16 23:41:46,263 - src.inference - INFO - inference.py:213 - ✓ Generated in 0.42s
2025-12-16 23:41:46,569 - src.inference - INFO - inference.py:213 - ✓ Generated in 0.31s
2025-12-16 23:41:47,016 - src.inference - INFO - inference.py:213 - ✓ Generated in 0.45s
2025-12-16 23:41:47,216 - src.inference - INFO - inference.py:213 - ✓ Generated in 0.20s
2025-12-16 23:41:47,415 - src.inference - INFO - inference.py:213 - ✓ Generated in 0.20s
2025-12-16 23:41:48,067 - src.inference - INFO - inference.py:213 - ✓ Generated in 0.65s
2025-12-16 23:41:48,365 - src.inference - INFO - inference.py:213 - ✓ Generated in 0.30s
2025-12-16 23:41:49,054 - src.inference - INFO - inference.py:213 - ✓ Generated in 0.69s
2025-12-16 23:41:49,449 - src.inference - INFO - inference.py:213 - ✓ Generated in 0.39s
2025-12-16 23:41:49,649 - src.inference - INFO - inference.py:213 - ✓ Generated in 0.20s
2025-12-16 23:41:49,995 - src.inference - INFO - inference.py:213 - ✓ Generated in 0.34s
2025-12-16 23:41:51,855 - src.inference - INFO - inference.py:213 - ✓ Generated in 1.86s
2025-12-16 23:41:52,007 - src.inference - INFO - inference.py:213 - ✓ Generated in 0.15s
2025-12-16 23:41:52,737 - src.inference - INFO - inference.py:213 - ✓ Generated in 0.73s
2025-12-16 23:41:52,938 - src.inference - INFO - inference.py:213 - ✓ Generated in 0.20s
2025-12-16 23:41:53,236 - src.inference - INFO - inference.py:213 - ✓ Generated in 0.30s
2025-12-16 23:41:53,685 - src.inference - INFO - inference.py:213 - ✓ Generated in 0.45s
2025-12-16 23:41:53,979 - src.inference - INFO - inference.py:213 - ✓ Generated in 0.29s
2025-12-16 23:41:54,177 - src.inference - INFO - inference.py:213 - ✓ Generated in 0.20s
2025-12-16 23:41:54,326 - src.inference - INFO - inference.py:213 - ✓ Generated in 0.15s
2025-12-16 23:41:55,447 - src.inference - INFO - inference.py:213 - ✓ Generated in 1.12s
2025-12-16 23:41:55,697 - src.inference - INFO - inference.py:213 - ✓ Generated in 0.25s
2025-12-16 23:41:55,894 - src.inference - INFO - inference.py:213 - ✓ Generated in 0.20s
2025-12-16 23:41:56,142 - src.inference - INFO - inference.py:213 - ✓ Generated in 0.25s
2025-12-16 23:41:56,388 - src.inference - INFO - inference.py:213 - ✓ Generated in 0.25s
2025-12-16 23:41:56,686 - src.inference - INFO - inference.py:213 - ✓ Generated in 0.30s
2025-12-16 23:41:57,032 - src.inference - INFO - inference.py:213 - ✓ Generated in 0.35s
2025-12-16 23:41:57,311 - src.inference - INFO - inference.py:213 - ✓ Generated in 0.28s
2025-12-16 23:41:57,657 - src.inference - INFO - inference.py:213 - ✓ Generated in 0.35s
2025-12-16 23:41:57,855 - src.inference - INFO - inference.py:213 - ✓ Generated in 0.20s
2025-12-16 23:41:58,348 - src.inference - INFO - inference.py:213 - ✓ Generated in 0.49s
2025-12-16 23:41:58,646 - src.inference - INFO - inference.py:213 - ✓ Generated in 0.30s
2025-12-16 23:41:59,237 - src.inference - INFO - inference.py:213 - ✓ Generated in 0.59s
2025-12-16 23:41:59,436 - src.inference - INFO - inference.py:213 - ✓ Generated in 0.20s
2025-12-16 23:41:59,835 - src.inference - INFO - inference.py:213 - ✓ Generated in 0.40s
2025-12-16 23:42:00,327 - src.inference - INFO - inference.py:213 - ✓ Generated in 0.49s
2025-12-16 23:42:02,257 - src.inference - INFO - inference.py:213 - ✓ Generated in 1.93s
2025-12-16 23:42:02,554 - src.inference - INFO - inference.py:213 - ✓ Generated in 0.30s
2025-12-16 23:42:02,804 - src.inference - INFO - inference.py:213 - ✓ Generated in 0.25s
2025-12-16 23:42:03,153 - src.inference - INFO - inference.py:213 - ✓ Generated in 0.35s
2025-12-16 23:42:03,861 - src.inference - INFO - inference.py:213 - ✓ Generated in 0.71s
2025-12-16 23:42:04,011 - src.inference - INFO - inference.py:213 - ✓ Generated in 0.15s
2025-12-16 23:42:04,308 - src.inference - INFO - inference.py:213 - ✓ Generated in 0.30s
2025-12-16 23:42:04,653 - src.inference - INFO - inference.py:213 - ✓ Generated in 0.34s
2025-12-16 23:42:05,060 - src.inference - INFO - inference.py:213 - ✓ Generated in 0.41s
2025-12-16 23:42:05,576 - src.inference - INFO - inference.py:213 - ✓ Generated in 0.52s
2025-12-16 23:42:05,974 - src.inference - INFO - inference.py:213 - ✓ Generated in 0.40s
2025-12-16 23:42:06,678 - src.inference - INFO - inference.py:213 - ✓ Generated in 0.70s
2025-12-16 23:42:07,025 - src.inference - INFO - inference.py:213 - ✓ Generated in 0.35s
2025-12-16 23:42:07,328 - src.inference - INFO - inference.py:213 - ✓ Generated in 0.30s
2025-12-16 23:42:07,748 - src.inference - INFO - inference.py:213 - ✓ Generated in 0.42s
2025-12-16 23:42:07,999 - src.inference - INFO - inference.py:213 - ✓ Generated in 0.25s
2025-12-16 23:42:08,249 - src.inference - INFO - inference.py:213 - ✓ Generated in 0.25s
2025-12-16 23:42:08,547 - src.inference - INFO - inference.py:213 - ✓ Generated in 0.30s
2025-12-16 23:42:09,487 - src.inference - INFO - inference.py:213 - ✓ Generated in 0.94s
2025-12-16 23:42:09,687 - src.inference - INFO - inference.py:213 - ✓ Generated in 0.20s
2025-12-16 23:42:10,319 - src.inference - INFO - inference.py:213 - ✓ Generated in 0.63s
2025-12-16 23:42:10,666 - src.inference - INFO - inference.py:213 - ✓ Generated in 0.35s
2025-12-16 23:42:11,015 - src.inference - INFO - inference.py:213 - ✓ Generated in 0.35s
2025-12-16 23:42:11,360 - src.inference - INFO - inference.py:213 - ✓ Generated in 0.35s
2025-12-16 23:42:11,706 - src.inference - INFO - inference.py:213 - ✓ Generated in 0.34s
2025-12-16 23:42:11,955 - src.inference - INFO - inference.py:213 - ✓ Generated in 0.25s
2025-12-16 23:42:12,546 - src.inference - INFO - inference.py:213 - ✓ Generated in 0.59s
2025-12-16 23:42:12,796 - src.inference - INFO - inference.py:213 - ✓ Generated in 0.25s
2025-12-16 23:42:13,328 - src.inference - INFO - inference.py:213 - ✓ Generated in 0.53s
2025-12-16 23:42:13,752 - src.inference - INFO - inference.py:213 - ✓ Generated in 0.42s
2025-12-16 23:42:14,199 - src.inference - INFO - inference.py:213 - ✓ Generated in 0.45s
2025-12-16 23:42:14,743 - src.inference - INFO - inference.py:213 - ✓ Generated in 0.54s
2025-12-16 23:42:14,991 - src.inference - INFO - inference.py:213 - ✓ Generated in 0.25s
2025-12-16 23:42:15,914 - src.inference - INFO - inference.py:213 - ✓ Generated in 0.92s
2025-12-16 23:42:16,164 - src.inference - INFO - inference.py:213 - ✓ Generated in 0.25s
2025-12-16 23:42:16,414 - src.inference - INFO - inference.py:213 - ✓ Generated in 0.25s
2025-12-16 23:42:16,663 - src.inference - INFO - inference.py:213 - ✓ Generated in 0.25s
2025-12-16 23:42:17,508 - src.inference - INFO - inference.py:213 - ✓ Generated in 0.84s
2025-12-16 23:42:17,720 - src.inference - INFO - inference.py:213 - ✓ Generated in 0.21s
2025-12-16 23:42:18,267 - src.inference - INFO - inference.py:213 - ✓ Generated in 0.55s
2025-12-16 23:42:18,616 - src.inference - INFO - inference.py:213 - ✓ Generated in 0.35s
2025-12-16 23:42:19,436 - src.inference - INFO - inference.py:213 - ✓ Generated in 0.82s
2025-12-16 23:42:19,639 - src.inference - INFO - inference.py:213 - ✓ Generated in 0.20s
2025-12-16 23:42:19,847 - src.inference - INFO - inference.py:213 - ✓ Generated in 0.21s
2025-12-16 23:42:20,034 - src.inference - INFO - inference.py:213 - ✓ Generated in 0.19s
2025-12-16 23:42:20,386 - src.inference - INFO - inference.py:213 - ✓ Generated in 0.35s
2025-12-16 23:42:20,930 - src.inference - INFO - inference.py:213 - ✓ Generated in 0.54s
2025-12-16 23:42:21,082 - src.inference - INFO - inference.py:213 - ✓ Generated in 0.15s
2025-12-16 23:42:21,480 - src.inference - INFO - inference.py:213 - ✓ Generated in 0.40s
2025-12-16 23:42:21,727 - src.inference - INFO - inference.py:213 - ✓ Generated in 0.25s
2025-12-16 23:42:22,025 - src.inference - INFO - inference.py:213 - ✓ Generated in 0.30s
2025-12-16 23:42:22,127 - src.inference - INFO - inference.py:213 - ✓ Generated in 0.10s
2025-12-16 23:42:22,332 - src.inference - INFO - inference.py:213 - ✓ Generated in 0.20s
2025-12-16 23:42:22,614 - src.inference - INFO - inference.py:213 - ✓ Generated in 0.28s
2025-12-16 23:42:22,912 - src.inference - INFO - inference.py:213 - ✓ Generated in 0.30s
2025-12-16 23:42:23,160 - src.inference - INFO - inference.py:213 - ✓ Generated in 0.25s
2025-12-16 23:42:23,311 - src.inference - INFO - inference.py:213 - ✓ Generated in 0.15s
2025-12-16 23:42:23,511 - src.inference - INFO - inference.py:213 - ✓ Generated in 0.20s
2025-12-16 23:42:24,337 - src.inference - INFO - inference.py:213 - ✓ Generated in 0.83s
2025-12-16 23:42:24,759 - src.inference - INFO - inference.py:213 - ✓ Generated in 0.42s
2025-12-16 23:42:25,006 - src.inference - INFO - inference.py:213 - ✓ Generated in 0.25s
2025-12-16 23:42:25,215 - src.inference - INFO - inference.py:213 - ✓ Generated in 0.21s
2025-12-16 23:42:25,562 - src.inference - INFO - inference.py:213 - ✓ Generated in 0.35s
2025-12-16 23:42:25,908 - src.inference - INFO - inference.py:213 - ✓ Generated in 0.35s
2025-12-16 23:42:26,126 - src.inference - INFO - inference.py:213 - ✓ Generated in 0.22s
2025-12-16 23:42:26,290 - src.inference - INFO - inference.py:213 - ✓ Generated in 0.16s
2025-12-16 23:42:26,557 - src.inference - INFO - inference.py:213 - ✓ Generated in 0.27s
2025-12-16 23:42:26,985 - src.inference - INFO - inference.py:213 - ✓ Generated in 0.43s
2025-12-16 23:42:27,511 - src.inference - INFO - inference.py:213 - ✓ Generated in 0.53s
2025-12-16 23:42:28,243 - src.inference - INFO - inference.py:213 - ✓ Generated in 0.73s
2025-12-16 23:42:28,491 - src.inference - INFO - inference.py:213 - ✓ Generated in 0.25s
2025-12-16 23:42:28,821 - src.inference - INFO - inference.py:213 - ✓ Generated in 0.33s
2025-12-16 23:42:29,070 - src.inference - INFO - inference.py:213 - ✓ Generated in 0.25s
2025-12-16 23:42:29,796 - src.inference - INFO - inference.py:213 - ✓ Generated in 0.73s
2025-12-16 23:42:31,781 - src.inference - INFO - inference.py:213 - ✓ Generated in 1.98s
2025-12-16 23:42:32,272 - src.inference - INFO - inference.py:213 - ✓ Generated in 0.49s
2025-12-16 23:42:32,470 - src.inference - INFO - inference.py:213 - ✓ Generated in 0.20s
2025-12-16 23:42:32,817 - src.inference - INFO - inference.py:213 - ✓ Generated in 0.35s
2025-12-16 23:42:33,016 - src.inference - INFO - inference.py:213 - ✓ Generated in 0.20s
2025-12-16 23:42:33,263 - src.inference - INFO - inference.py:213 - ✓ Generated in 0.25s
2025-12-16 23:42:33,512 - src.inference - INFO - inference.py:213 - ✓ Generated in 0.25s
2025-12-16 23:42:34,806 - src.inference - INFO - inference.py:213 - ✓ Generated in 1.29s
2025-12-16 23:42:34,957 - src.inference - INFO - inference.py:213 - ✓ Generated in 0.15s
2025-12-16 23:42:35,213 - src.inference - INFO - inference.py:213 - ✓ Generated in 0.26s
2025-12-16 23:42:35,656 - src.inference - INFO - inference.py:213 - ✓ Generated in 0.44s
2025-12-16 23:42:35,952 - src.inference - INFO - inference.py:213 - ✓ Generated in 0.30s
2025-12-16 23:42:36,300 - src.inference - INFO - inference.py:213 - ✓ Generated in 0.35s
2025-12-16 23:42:36,550 - src.inference - INFO - inference.py:213 - ✓ Generated in 0.25s
2025-12-16 23:42:36,800 - src.inference - INFO - inference.py:213 - ✓ Generated in 0.25s
2025-12-16 23:42:37,000 - src.inference - INFO - inference.py:213 - ✓ Generated in 0.20s
2025-12-16 23:42:37,543 - src.inference - INFO - inference.py:213 - ✓ Generated in 0.54s
2025-12-16 23:42:37,892 - src.inference - INFO - inference.py:213 - ✓ Generated in 0.35s
2025-12-16 23:42:38,190 - src.inference - INFO - inference.py:213 - ✓ Generated in 0.30s
2025-12-16 23:42:39,035 - src.inference - INFO - inference.py:213 - ✓ Generated in 0.84s
2025-12-16 23:42:39,380 - src.inference - INFO - inference.py:213 - ✓ Generated in 0.34s
2025-12-16 23:42:40,330 - src.inference - INFO - inference.py:213 - ✓ Generated in 0.95s
2025-12-16 23:42:40,736 - src.inference - INFO - inference.py:213 - ✓ Generated in 0.41s
2025-12-16 23:42:41,082 - src.inference - INFO - inference.py:213 - ✓ Generated in 0.34s
2025-12-16 23:42:41,385 - src.inference - INFO - inference.py:213 - ✓ Generated in 0.30s
2025-12-16 23:42:42,160 - src.inference - INFO - inference.py:213 - ✓ Generated in 0.77s
2025-12-16 23:42:42,660 - src.inference - INFO - inference.py:213 - ✓ Generated in 0.50s
2025-12-16 23:42:42,909 - src.inference - INFO - inference.py:213 - ✓ Generated in 0.25s
2025-12-16 23:42:43,361 - src.inference - INFO - inference.py:213 - ✓ Generated in 0.45s
2025-12-16 23:42:43,751 - src.inference - INFO - inference.py:213 - ✓ Generated in 0.39s
2025-12-16 23:42:44,293 - src.inference - INFO - inference.py:213 - ✓ Generated in 0.54s
2025-12-16 23:42:44,738 - src.inference - INFO - inference.py:213 - ✓ Generated in 0.44s
2025-12-16 23:42:45,359 - src.inference - INFO - inference.py:213 - ✓ Generated in 0.62s
2025-12-16 23:42:45,832 - src.inference - INFO - inference.py:213 - ✓ Generated in 0.47s
2025-12-16 23:42:46,136 - src.inference - INFO - inference.py:213 - ✓ Generated in 0.30s
2025-12-16 23:42:46,487 - src.inference - INFO - inference.py:213 - ✓ Generated in 0.35s
2025-12-16 23:42:46,980 - src.inference - INFO - inference.py:213 - ✓ Generated in 0.49s
2025-12-16 23:42:47,178 - src.inference - INFO - inference.py:213 - ✓ Generated in 0.20s
2025-12-16 23:42:47,655 - src.inference - INFO - inference.py:213 - ✓ Generated in 0.48s
2025-12-16 23:42:47,855 - src.inference - INFO - inference.py:213 - ✓ Generated in 0.20s
2025-12-16 23:42:48,540 - src.inference - INFO - inference.py:213 - ✓ Generated in 0.68s
2025-12-16 23:42:48,888 - src.inference - INFO - inference.py:213 - ✓ Generated in 0.35s
2025-12-16 23:42:49,291 - src.inference - INFO - inference.py:213 - ✓ Generated in 0.40s
2025-12-16 23:42:49,546 - src.inference - INFO - inference.py:213 - ✓ Generated in 0.26s
2025-12-16 23:42:49,793 - src.inference - INFO - inference.py:213 - ✓ Generated in 0.25s
2025-12-16 23:42:50,091 - src.inference - INFO - inference.py:213 - ✓ Generated in 0.30s
2025-12-16 23:42:50,811 - src.inference - INFO - inference.py:213 - ✓ Generated in 0.72s
2025-12-16 23:42:51,161 - src.inference - INFO - inference.py:213 - ✓ Generated in 0.35s
2025-12-16 23:42:51,506 - src.inference - INFO - inference.py:213 - ✓ Generated in 0.35s
2025-12-16 23:42:51,705 - src.inference - INFO - inference.py:213 - ✓ Generated in 0.20s
2025-12-16 23:42:52,024 - src.inference - INFO - inference.py:213 - ✓ Generated in 0.32s
2025-12-16 23:42:53,407 - src.inference - INFO - inference.py:213 - ✓ Generated in 1.38s
2025-12-16 23:42:53,655 - src.inference - INFO - inference.py:213 - ✓ Generated in 0.25s
2025-12-16 23:42:53,953 - src.inference - INFO - inference.py:213 - ✓ Generated in 0.30s
2025-12-16 23:42:54,448 - src.inference - INFO - inference.py:213 - ✓ Generated in 0.50s
2025-12-16 23:42:54,696 - src.inference - INFO - inference.py:213 - ✓ Generated in 0.25s
2025-12-16 23:42:54,992 - src.inference - INFO - inference.py:213 - ✓ Generated in 0.30s
2025-12-16 23:42:55,142 - src.inference - INFO - inference.py:213 - ✓ Generated in 0.15s
2025-12-16 23:42:55,941 - src.inference - INFO - inference.py:213 - ✓ Generated in 0.80s
2025-12-16 23:42:56,506 - src.inference - INFO - inference.py:213 - ✓ Generated in 0.56s
2025-12-16 23:42:56,807 - src.inference - INFO - inference.py:213 - ✓ Generated in 0.30s
2025-12-16 23:42:57,007 - src.inference - INFO - inference.py:213 - ✓ Generated in 0.20s
2025-12-16 23:42:57,206 - src.inference - INFO - inference.py:213 - ✓ Generated in 0.20s
2025-12-16 23:42:57,406 - src.inference - INFO - inference.py:213 - ✓ Generated in 0.20s
2025-12-16 23:42:57,561 - src.inference - INFO - inference.py:213 - ✓ Generated in 0.15s
2025-12-16 23:42:57,891 - src.inference - INFO - inference.py:213 - ✓ Generated in 0.33s
2025-12-16 23:42:58,237 - src.inference - INFO - inference.py:213 - ✓ Generated in 0.35s
2025-12-16 23:42:58,729 - src.inference - INFO - inference.py:213 - ✓ Generated in 0.49s
2025-12-16 23:42:59,875 - src.inference - INFO - inference.py:213 - ✓ Generated in 1.15s
2025-12-16 23:43:00,188 - src.inference - INFO - inference.py:213 - ✓ Generated in 0.31s
2025-12-16 23:43:00,339 - src.inference - INFO - inference.py:213 - ✓ Generated in 0.15s
2025-12-16 23:43:00,898 - src.inference - INFO - inference.py:213 - ✓ Generated in 0.56s
2025-12-16 23:43:01,345 - src.inference - INFO - inference.py:213 - ✓ Generated in 0.45s
2025-12-16 23:43:01,740 - src.inference - INFO - inference.py:213 - ✓ Generated in 0.39s
2025-12-16 23:43:02,452 - src.inference - INFO - inference.py:213 - ✓ Generated in 0.71s
2025-12-16 23:43:02,750 - src.inference - INFO - inference.py:213 - ✓ Generated in 0.30s
2025-12-16 23:43:02,998 - src.inference - INFO - inference.py:213 - ✓ Generated in 0.25s
2025-12-16 23:43:03,158 - src.inference - INFO - inference.py:213 - ✓ Generated in 0.16s
2025-12-16 23:43:03,825 - src.inference - INFO - inference.py:213 - ✓ Generated in 0.67s
2025-12-16 23:43:04,025 - src.inference - INFO - inference.py:213 - ✓ Generated in 0.20s
2025-12-16 23:43:04,225 - src.inference - INFO - inference.py:213 - ✓ Generated in 0.20s
2025-12-16 23:43:04,750 - src.inference - INFO - inference.py:213 - ✓ Generated in 0.53s
2025-12-16 23:43:05,295 - src.inference - INFO - inference.py:213 - ✓ Generated in 0.54s
2025-12-16 23:43:05,688 - src.inference - INFO - inference.py:213 - ✓ Generated in 0.39s
2025-12-16 23:43:06,136 - src.inference - INFO - inference.py:213 - ✓ Generated in 0.45s
2025-12-16 23:43:06,289 - src.inference - INFO - inference.py:213 - ✓ Generated in 0.15s
2025-12-16 23:43:06,737 - src.inference - INFO - inference.py:213 - ✓ Generated in 0.45s
2025-12-16 23:43:07,034 - src.inference - INFO - inference.py:213 - ✓ Generated in 0.30s
2025-12-16 23:43:07,479 - src.inference - INFO - inference.py:213 - ✓ Generated in 0.44s
2025-12-16 23:43:07,777 - src.inference - INFO - inference.py:213 - ✓ Generated in 0.30s
2025-12-16 23:43:08,027 - src.inference - INFO - inference.py:213 - ✓ Generated in 0.25s
2025-12-16 23:43:08,617 - src.inference - INFO - inference.py:213 - ✓ Generated in 0.59s
2025-12-16 23:43:08,914 - src.inference - INFO - inference.py:213 - ✓ Generated in 0.30s
2025-12-16 23:43:09,618 - src.inference - INFO - inference.py:213 - ✓ Generated in 0.70s
2025-12-16 23:43:10,066 - src.inference - INFO - inference.py:213 - ✓ Generated in 0.45s
2025-12-16 23:43:10,364 - src.inference - INFO - inference.py:213 - ✓ Generated in 0.30s
2025-12-16 23:43:10,921 - src.inference - INFO - inference.py:213 - ✓ Generated in 0.56s
2025-12-16 23:43:11,171 - src.inference - INFO - inference.py:213 - ✓ Generated in 0.25s
2025-12-16 23:43:11,420 - src.inference - INFO - inference.py:213 - ✓ Generated in 0.25s
2025-12-16 23:43:11,668 - src.inference - INFO - inference.py:213 - ✓ Generated in 0.25s
2025-12-16 23:43:11,819 - src.inference - INFO - inference.py:213 - ✓ Generated in 0.15s
2025-12-16 23:43:12,497 - src.inference - INFO - inference.py:213 - ✓ Generated in 0.68s
2025-12-16 23:43:12,793 - src.inference - INFO - inference.py:213 - ✓ Generated in 0.30s
2025-12-16 23:43:12,991 - src.inference - INFO - inference.py:213 - ✓ Generated in 0.20s
2025-12-16 23:43:13,140 - src.inference - INFO - inference.py:213 - ✓ Generated in 0.15s
2025-12-16 23:43:13,340 - src.inference - INFO - inference.py:213 - ✓ Generated in 0.20s
2025-12-16 23:43:13,636 - src.inference - INFO - inference.py:213 - ✓ Generated in 0.30s
2025-12-16 23:43:13,934 - src.inference - INFO - inference.py:213 - ✓ Generated in 0.30s
2025-12-16 23:43:14,084 - src.inference - INFO - inference.py:213 - ✓ Generated in 0.15s
2025-12-16 23:43:14,332 - src.inference - INFO - inference.py:213 - ✓ Generated in 0.25s
2025-12-16 23:43:14,483 - src.inference - INFO - inference.py:213 - ✓ Generated in 0.15s
2025-12-16 23:43:14,879 - src.inference - INFO - inference.py:213 - ✓ Generated in 0.40s
2025-12-16 23:43:15,079 - src.inference - INFO - inference.py:213 - ✓ Generated in 0.20s
2025-12-16 23:43:15,518 - src.inference - INFO - inference.py:213 - ✓ Generated in 0.44s
2025-12-16 23:43:15,916 - src.inference - INFO - inference.py:213 - ✓ Generated in 0.40s
2025-12-16 23:43:16,067 - src.inference - INFO - inference.py:213 - ✓ Generated in 0.15s
2025-12-16 23:43:16,461 - src.inference - INFO - inference.py:213 - ✓ Generated in 0.39s
2025-12-16 23:43:17,021 - src.inference - INFO - inference.py:213 - ✓ Generated in 0.56s
2025-12-16 23:43:17,320 - src.inference - INFO - inference.py:213 - ✓ Generated in 0.30s
2025-12-16 23:43:17,667 - src.inference - INFO - inference.py:213 - ✓ Generated in 0.35s
2025-12-16 23:43:18,014 - src.inference - INFO - inference.py:213 - ✓ Generated in 0.35s
2025-12-16 23:43:18,263 - src.inference - INFO - inference.py:213 - ✓ Generated in 0.25s
2025-12-16 23:43:18,413 - src.inference - INFO - inference.py:213 - ✓ Generated in 0.15s
2025-12-16 23:43:18,910 - src.inference - INFO - inference.py:213 - ✓ Generated in 0.50s
2025-12-16 23:43:19,208 - src.inference - INFO - inference.py:213 - ✓ Generated in 0.30s
2025-12-16 23:43:19,357 - src.inference - INFO - inference.py:213 - ✓ Generated in 0.15s
2025-12-16 23:43:19,773 - src.inference - INFO - inference.py:213 - ✓ Generated in 0.41s
2025-12-16 23:43:20,118 - src.inference - INFO - inference.py:213 - ✓ Generated in 0.35s
2025-12-16 23:43:20,316 - src.inference - INFO - inference.py:213 - ✓ Generated in 0.20s
2025-12-16 23:43:20,561 - src.inference - INFO - inference.py:213 - ✓ Generated in 0.24s
2025-12-16 23:43:21,356 - src.inference - INFO - inference.py:213 - ✓ Generated in 0.79s
2025-12-16 23:43:21,936 - src.inference - INFO - inference.py:213 - ✓ Generated in 0.58s
2025-12-16 23:43:22,086 - src.inference - INFO - inference.py:213 - ✓ Generated in 0.15s
2025-12-16 23:43:22,381 - src.inference - INFO - inference.py:213 - ✓ Generated in 0.29s
2025-12-16 23:43:22,729 - src.inference - INFO - inference.py:213 - ✓ Generated in 0.35s
2025-12-16 23:43:23,075 - src.inference - INFO - inference.py:213 - ✓ Generated in 0.35s
2025-12-16 23:43:23,570 - src.inference - INFO - inference.py:213 - ✓ Generated in 0.49s
2025-12-16 23:43:24,040 - src.inference - INFO - inference.py:213 - ✓ Generated in 0.47s
2025-12-16 23:43:24,190 - src.inference - INFO - inference.py:213 - ✓ Generated in 0.15s
2025-12-16 23:43:24,341 - src.inference - INFO - inference.py:213 - ✓ Generated in 0.15s
2025-12-16 23:43:24,491 - src.inference - INFO - inference.py:213 - ✓ Generated in 0.15s
2025-12-16 23:43:24,690 - src.inference - INFO - inference.py:213 - ✓ Generated in 0.20s
2025-12-16 23:43:25,040 - src.inference - INFO - inference.py:213 - ✓ Generated in 0.35s
2025-12-16 23:43:25,240 - src.inference - INFO - inference.py:213 - ✓ Generated in 0.20s
2025-12-16 23:43:25,591 - src.inference - INFO - inference.py:213 - ✓ Generated in 0.35s
2025-12-16 23:43:25,790 - src.inference - INFO - inference.py:213 - ✓ Generated in 0.20s
2025-12-16 23:43:26,039 - src.inference - INFO - inference.py:213 - ✓ Generated in 0.25s
2025-12-16 23:43:26,486 - src.inference - INFO - inference.py:213 - ✓ Generated in 0.45s
2025-12-16 23:43:26,636 - src.inference - INFO - inference.py:213 - ✓ Generated in 0.15s
2025-12-16 23:43:26,945 - src.inference - INFO - inference.py:213 - ✓ Generated in 0.31s
2025-12-16 23:43:27,244 - src.inference - INFO - inference.py:213 - ✓ Generated in 0.30s
2025-12-16 23:43:27,592 - src.inference - INFO - inference.py:213 - ✓ Generated in 0.35s
2025-12-16 23:43:27,941 - src.inference - INFO - inference.py:213 - ✓ Generated in 0.35s
2025-12-16 23:43:28,139 - src.inference - INFO - inference.py:213 - ✓ Generated in 0.20s
2025-12-16 23:43:28,584 - src.inference - INFO - inference.py:213 - ✓ Generated in 0.44s
2025-12-16 23:43:28,833 - src.inference - INFO - inference.py:213 - ✓ Generated in 0.25s
2025-12-16 23:43:29,536 - src.inference - INFO - inference.py:213 - ✓ Generated in 0.70s
2025-12-16 23:43:29,831 - src.inference - INFO - inference.py:213 - ✓ Generated in 0.30s
2025-12-16 23:43:30,561 - src.inference - INFO - inference.py:213 - ✓ Generated in 0.73s
2025-12-16 23:43:30,865 - src.inference - INFO - inference.py:213 - ✓ Generated in 0.30s
2025-12-16 23:43:31,171 - src.inference - INFO - inference.py:213 - ✓ Generated in 0.31s
2025-12-16 23:43:32,030 - src.inference - INFO - inference.py:213 - ✓ Generated in 0.86s
2025-12-16 23:43:32,311 - src.inference - INFO - inference.py:213 - ✓ Generated in 0.28s
2025-12-16 23:43:32,947 - src.inference - INFO - inference.py:213 - ✓ Generated in 0.64s
2025-12-16 23:43:33,345 - src.inference - INFO - inference.py:213 - ✓ Generated in 0.40s
2025-12-16 23:43:33,641 - src.inference - INFO - inference.py:213 - ✓ Generated in 0.30s
2025-12-16 23:43:33,989 - src.inference - INFO - inference.py:213 - ✓ Generated in 0.35s
2025-12-16 23:43:34,809 - src.inference - INFO - inference.py:213 - ✓ Generated in 0.82s
2025-12-16 23:43:35,189 - src.inference - INFO - inference.py:213 - ✓ Generated in 0.38s
2025-12-16 23:43:35,485 - src.inference - INFO - inference.py:213 - ✓ Generated in 0.30s
2025-12-16 23:43:35,784 - src.inference - INFO - inference.py:213 - ✓ Generated in 0.30s
2025-12-16 23:43:36,180 - src.inference - INFO - inference.py:213 - ✓ Generated in 0.40s
2025-12-16 23:43:36,476 - src.inference - INFO - inference.py:213 - ✓ Generated in 0.30s
2025-12-16 23:43:36,675 - src.inference - INFO - inference.py:213 - ✓ Generated in 0.20s
2025-12-16 23:43:37,719 - src.inference - INFO - inference.py:213 - ✓ Generated in 1.04s
2025-12-16 23:43:38,440 - src.inference - INFO - inference.py:213 - ✓ Generated in 0.72s
2025-12-16 23:43:38,689 - src.inference - INFO - inference.py:213 - ✓ Generated in 0.25s
2025-12-16 23:43:38,936 - src.inference - INFO - inference.py:213 - ✓ Generated in 0.25s
2025-12-16 23:43:39,688 - src.inference - INFO - inference.py:213 - ✓ Generated in 0.75s
2025-12-16 23:43:39,887 - src.inference - INFO - inference.py:213 - ✓ Generated in 0.20s
2025-12-16 23:43:40,088 - src.inference - INFO - inference.py:213 - ✓ Generated in 0.20s
2025-12-16 23:43:40,335 - src.inference - INFO - inference.py:213 - ✓ Generated in 0.25s
2025-12-16 23:43:40,891 - src.inference - INFO - inference.py:213 - ✓ Generated in 0.56s
2025-12-16 23:43:41,138 - src.inference - INFO - inference.py:213 - ✓ Generated in 0.25s
2025-12-16 23:43:41,664 - src.inference - INFO - inference.py:213 - ✓ Generated in 0.53s
2025-12-16 23:43:42,525 - src.inference - INFO - inference.py:213 - ✓ Generated in 0.86s
2025-12-16 23:43:42,922 - src.inference - INFO - inference.py:213 - ✓ Generated in 0.40s
2025-12-16 23:43:43,170 - src.inference - INFO - inference.py:213 - ✓ Generated in 0.25s
2025-12-16 23:43:43,515 - src.inference - INFO - inference.py:213 - ✓ Generated in 0.35s
2025-12-16 23:43:44,003 - src.inference - INFO - inference.py:213 - ✓ Generated in 0.49s
2025-12-16 23:43:44,957 - src.inference - INFO - inference.py:213 - ✓ Generated in 0.95s
2025-12-16 23:43:45,672 - src.inference - INFO - inference.py:213 - ✓ Generated in 0.71s
2025-12-16 23:43:45,872 - src.inference - INFO - inference.py:213 - ✓ Generated in 0.20s
2025-12-16 23:43:46,071 - src.inference - INFO - inference.py:213 - ✓ Generated in 0.20s
2025-12-16 23:43:46,613 - src.inference - INFO - inference.py:213 - ✓ Generated in 0.54s
2025-12-16 23:43:47,102 - src.inference - INFO - inference.py:213 - ✓ Generated in 0.49s
2025-12-16 23:43:47,787 - src.inference - INFO - inference.py:213 - ✓ Generated in 0.68s
2025-12-16 23:43:48,612 - src.inference - INFO - inference.py:213 - ✓ Generated in 0.83s
2025-12-16 23:43:48,812 - src.inference - INFO - inference.py:213 - ✓ Generated in 0.20s
2025-12-16 23:43:49,208 - src.inference - INFO - inference.py:213 - ✓ Generated in 0.40s
2025-12-16 23:43:49,576 - src.inference - INFO - inference.py:213 - ✓ Generated in 0.37s
2025-12-16 23:43:49,872 - src.inference - INFO - inference.py:213 - ✓ Generated in 0.30s
2025-12-16 23:43:50,022 - src.inference - INFO - inference.py:213 - ✓ Generated in 0.15s
2025-12-16 23:43:50,271 - src.inference - INFO - inference.py:213 - ✓ Generated in 0.25s
2025-12-16 23:43:50,519 - src.inference - INFO - inference.py:213 - ✓ Generated in 0.25s
2025-12-16 23:43:50,914 - src.inference - INFO - inference.py:213 - ✓ Generated in 0.39s
2025-12-16 23:43:51,662 - src.inference - INFO - inference.py:213 - ✓ Generated in 0.75s
2025-12-16 23:43:51,961 - src.inference - INFO - inference.py:213 - ✓ Generated in 0.30s
2025-12-16 23:43:52,210 - src.inference - INFO - inference.py:213 - ✓ Generated in 0.25s
2025-12-16 23:43:52,408 - src.inference - INFO - inference.py:213 - ✓ Generated in 0.20s
2025-12-16 23:43:52,856 - src.inference - INFO - inference.py:213 - ✓ Generated in 0.45s
2025-12-16 23:43:53,400 - src.inference - INFO - inference.py:213 - ✓ Generated in 0.54s
2025-12-16 23:43:53,697 - src.inference - INFO - inference.py:213 - ✓ Generated in 0.30s
2025-12-16 23:43:53,946 - src.inference - INFO - inference.py:213 - ✓ Generated in 0.25s
2025-12-16 23:43:54,145 - src.inference - INFO - inference.py:213 - ✓ Generated in 0.20s
2025-12-16 23:43:54,600 - src.inference - INFO - inference.py:213 - ✓ Generated in 0.45s
2025-12-16 23:43:55,262 - src.inference - INFO - inference.py:213 - ✓ Generated in 0.66s
2025-12-16 23:43:55,658 - src.inference - INFO - inference.py:213 - ✓ Generated in 0.40s
2025-12-16 23:43:55,906 - src.inference - INFO - inference.py:213 - ✓ Generated in 0.25s
2025-12-16 23:43:56,742 - src.inference - INFO - inference.py:213 - ✓ Generated in 0.84s
2025-12-16 23:43:57,513 - src.inference - INFO - inference.py:213 - ✓ Generated in 0.77s
2025-12-16 23:43:57,763 - src.inference - INFO - inference.py:213 - ✓ Generated in 0.25s
2025-12-16 23:43:58,011 - src.inference - INFO - inference.py:213 - ✓ Generated in 0.25s
2025-12-16 23:43:58,171 - src.inference - INFO - inference.py:213 - ✓ Generated in 0.16s
2025-12-16 23:43:58,420 - src.inference - INFO - inference.py:213 - ✓ Generated in 0.25s
2025-12-16 23:43:58,668 - src.inference - INFO - inference.py:213 - ✓ Generated in 0.25s
2025-12-16 23:43:59,415 - src.inference - INFO - inference.py:213 - ✓ Generated in 0.75s
2025-12-16 23:43:59,819 - src.inference - INFO - inference.py:213 - ✓ Generated in 0.40s
2025-12-16 23:44:00,069 - src.inference - INFO - inference.py:213 - ✓ Generated in 0.25s
2025-12-16 23:44:00,521 - src.inference - INFO - inference.py:213 - ✓ Generated in 0.45s
2025-12-16 23:44:01,290 - src.inference - INFO - inference.py:213 - ✓ Generated in 0.77s
2025-12-16 23:44:01,489 - src.inference - INFO - inference.py:213 - ✓ Generated in 0.20s
2025-12-16 23:44:01,639 - src.inference - INFO - inference.py:213 - ✓ Generated in 0.15s
2025-12-16 23:44:02,099 - src.inference - INFO - inference.py:213 - ✓ Generated in 0.46s
2025-12-16 23:44:02,739 - src.inference - INFO - inference.py:213 - ✓ Generated in 0.64s
2025-12-16 23:44:03,282 - src.inference - INFO - inference.py:213 - ✓ Generated in 0.54s
2025-12-16 23:44:03,671 - src.inference - INFO - inference.py:213 - ✓ Generated in 0.39s
2025-12-16 23:44:03,871 - src.inference - INFO - inference.py:213 - ✓ Generated in 0.20s
2025-12-16 23:44:04,447 - src.inference - INFO - inference.py:213 - ✓ Generated in 0.58s
2025-12-16 23:44:04,647 - src.inference - INFO - inference.py:213 - ✓ Generated in 0.20s
2025-12-16 23:44:04,845 - src.inference - INFO - inference.py:213 - ✓ Generated in 0.20s
2025-12-16 23:44:05,190 - src.inference - INFO - inference.py:213 - ✓ Generated in 0.34s
2025-12-16 23:44:05,438 - src.inference - INFO - inference.py:213 - ✓ Generated in 0.25s
2025-12-16 23:44:05,637 - src.inference - INFO - inference.py:213 - ✓ Generated in 0.20s
2025-12-16 23:44:05,983 - src.inference - INFO - inference.py:213 - ✓ Generated in 0.35s
2025-12-16 23:44:06,677 - src.inference - INFO - inference.py:213 - ✓ Generated in 0.69s
2025-12-16 23:44:06,973 - src.inference - INFO - inference.py:213 - ✓ Generated in 0.30s
2025-12-16 23:44:07,175 - src.inference - INFO - inference.py:213 - ✓ Generated in 0.20s
2025-12-16 23:44:07,921 - src.inference - INFO - inference.py:213 - ✓ Generated in 0.75s
2025-12-16 23:44:08,170 - src.inference - INFO - inference.py:213 - ✓ Generated in 0.25s
2025-12-16 23:44:08,368 - src.inference - INFO - inference.py:213 - ✓ Generated in 0.20s
2025-12-16 23:44:08,758 - src.inference - INFO - inference.py:213 - ✓ Generated in 0.39s
2025-12-16 23:44:09,104 - src.inference - INFO - inference.py:213 - ✓ Generated in 0.35s
2025-12-16 23:44:09,401 - src.inference - INFO - inference.py:213 - ✓ Generated in 0.30s
2025-12-16 23:44:10,312 - src.inference - INFO - inference.py:213 - ✓ Generated in 0.91s
2025-12-16 23:44:10,563 - src.inference - INFO - inference.py:213 - ✓ Generated in 0.25s
2025-12-16 23:44:10,912 - src.inference - INFO - inference.py:213 - ✓ Generated in 0.35s
2025-12-16 23:44:11,456 - src.inference - INFO - inference.py:213 - ✓ Generated in 0.54s
2025-12-16 23:44:11,849 - src.inference - INFO - inference.py:213 - ✓ Generated in 0.39s
2025-12-16 23:44:12,277 - src.inference - INFO - inference.py:213 - ✓ Generated in 0.43s
2025-12-16 23:44:12,655 - src.inference - INFO - inference.py:213 - ✓ Generated in 0.38s
2025-12-16 23:44:13,201 - src.inference - INFO - inference.py:213 - ✓ Generated in 0.54s
2025-12-16 23:44:13,597 - src.inference - INFO - inference.py:213 - ✓ Generated in 0.40s
2025-12-16 23:44:13,796 - src.inference - INFO - inference.py:213 - ✓ Generated in 0.20s
2025-12-16 23:44:14,143 - src.inference - INFO - inference.py:213 - ✓ Generated in 0.35s
2025-12-16 23:44:14,588 - src.inference - INFO - inference.py:213 - ✓ Generated in 0.44s
2025-12-16 23:44:14,788 - src.inference - INFO - inference.py:213 - ✓ Generated in 0.20s
2025-12-16 23:44:15,036 - src.inference - INFO - inference.py:213 - ✓ Generated in 0.25s
2025-12-16 23:44:15,334 - src.inference - INFO - inference.py:213 - ✓ Generated in 0.30s
2025-12-16 23:44:16,289 - src.inference - INFO - inference.py:213 - ✓ Generated in 0.95s
2025-12-16 23:44:16,585 - src.inference - INFO - inference.py:213 - ✓ Generated in 0.30s
2025-12-16 23:44:16,983 - src.inference - INFO - inference.py:213 - ✓ Generated in 0.40s
2025-12-16 23:44:17,232 - src.inference - INFO - inference.py:213 - ✓ Generated in 0.25s
2025-12-16 23:44:17,529 - src.inference - INFO - inference.py:213 - ✓ Generated in 0.30s
2025-12-16 23:44:17,951 - src.inference - INFO - inference.py:213 - ✓ Generated in 0.42s
2025-12-16 23:44:18,544 - src.inference - INFO - inference.py:213 - ✓ Generated in 0.59s
2025-12-16 23:44:18,841 - src.inference - INFO - inference.py:213 - ✓ Generated in 0.30s
2025-12-16 23:44:19,090 - src.inference - INFO - inference.py:213 - ✓ Generated in 0.25s
2025-12-16 23:44:19,647 - src.inference - INFO - inference.py:213 - ✓ Generated in 0.56s
2025-12-16 23:44:19,897 - src.inference - INFO - inference.py:213 - ✓ Generated in 0.25s
2025-12-16 23:44:20,440 - src.inference - INFO - inference.py:213 - ✓ Generated in 0.54s
2025-12-16 23:44:20,819 - src.inference - INFO - inference.py:213 - ✓ Generated in 0.38s
2025-12-16 23:44:21,277 - src.inference - INFO - inference.py:213 - ✓ Generated in 0.46s
2025-12-16 23:44:21,526 - src.inference - INFO - inference.py:213 - ✓ Generated in 0.25s
2025-12-16 23:44:21,774 - src.inference - INFO - inference.py:213 - ✓ Generated in 0.25s
2025-12-16 23:44:21,924 - src.inference - INFO - inference.py:213 - ✓ Generated in 0.15s
2025-12-16 23:44:22,124 - src.inference - INFO - inference.py:213 - ✓ Generated in 0.20s
2025-12-16 23:44:22,544 - src.inference - INFO - inference.py:213 - ✓ Generated in 0.42s
2025-12-16 23:44:22,743 - src.inference - INFO - inference.py:213 - ✓ Generated in 0.20s
2025-12-16 23:44:23,246 - src.inference - INFO - inference.py:213 - ✓ Generated in 0.50s
2025-12-16 23:44:23,444 - src.inference - INFO - inference.py:213 - ✓ Generated in 0.20s
2025-12-16 23:44:23,657 - src.inference - INFO - inference.py:213 - ✓ Generated in 0.21s
2025-12-16 23:44:24,102 - src.inference - INFO - inference.py:213 - ✓ Generated in 0.44s
2025-12-16 23:44:24,351 - src.inference - INFO - inference.py:213 - ✓ Generated in 0.25s
2025-12-16 23:44:24,958 - src.inference - INFO - inference.py:213 - ✓ Generated in 0.61s
2025-12-16 23:44:25,564 - src.inference - INFO - inference.py:213 - ✓ Generated in 0.61s
2025-12-16 23:44:25,912 - src.inference - INFO - inference.py:213 - ✓ Generated in 0.35s
2025-12-16 23:44:26,210 - src.inference - INFO - inference.py:213 - ✓ Generated in 0.30s
2025-12-16 23:44:26,458 - src.inference - INFO - inference.py:213 - ✓ Generated in 0.25s
2025-12-16 23:44:26,805 - src.inference - INFO - inference.py:213 - ✓ Generated in 0.35s
2025-12-16 23:44:27,200 - src.inference - INFO - inference.py:213 - ✓ Generated in 0.39s
2025-12-16 23:44:27,550 - src.inference - INFO - inference.py:213 - ✓ Generated in 0.35s
2025-12-16 23:44:27,845 - src.inference - INFO - inference.py:213 - ✓ Generated in 0.29s
2025-12-16 23:44:28,094 - src.inference - INFO - inference.py:213 - ✓ Generated in 0.25s
2025-12-16 23:44:28,343 - src.inference - INFO - inference.py:213 - ✓ Generated in 0.25s
2025-12-16 23:44:28,836 - src.inference - INFO - inference.py:213 - ✓ Generated in 0.49s
2025-12-16 23:44:29,082 - src.inference - INFO - inference.py:213 - ✓ Generated in 0.25s
2025-12-16 23:44:29,234 - src.inference - INFO - inference.py:213 - ✓ Generated in 0.15s
2025-12-16 23:44:29,333 - src.inference - INFO - inference.py:213 - ✓ Generated in 0.10s
2025-12-16 23:44:29,532 - src.inference - INFO - inference.py:213 - ✓ Generated in 0.20s
2025-12-16 23:44:29,828 - src.inference - INFO - inference.py:213 - ✓ Generated in 0.30s
2025-12-16 23:44:30,077 - src.inference - INFO - inference.py:213 - ✓ Generated in 0.25s
2025-12-16 23:44:30,633 - src.inference - INFO - inference.py:213 - ✓ Generated in 0.56s
2025-12-16 23:44:31,209 - src.inference - INFO - inference.py:213 - ✓ Generated in 0.58s
2025-12-16 23:44:31,420 - src.inference - INFO - inference.py:213 - ✓ Generated in 0.21s
2025-12-16 23:44:31,915 - src.inference - INFO - inference.py:213 - ✓ Generated in 0.49s
2025-12-16 23:44:32,456 - src.inference - INFO - inference.py:213 - ✓ Generated in 0.54s
2025-12-16 23:44:32,704 - src.inference - INFO - inference.py:213 - ✓ Generated in 0.25s
2025-12-16 23:44:32,904 - src.inference - INFO - inference.py:213 - ✓ Generated in 0.20s
2025-12-16 23:44:33,200 - src.inference - INFO - inference.py:213 - ✓ Generated in 0.30s
2025-12-16 23:44:33,935 - src.inference - INFO - inference.py:213 - ✓ Generated in 0.74s
2025-12-16 23:44:34,480 - src.inference - INFO - inference.py:213 - ✓ Generated in 0.54s
2025-12-16 23:44:35,311 - src.inference - INFO - inference.py:213 - ✓ Generated in 0.83s
2025-12-16 23:44:35,970 - src.inference - INFO - inference.py:213 - ✓ Generated in 0.66s
2025-12-16 23:44:36,843 - src.inference - INFO - inference.py:213 - ✓ Generated in 0.87s
2025-12-16 23:44:37,385 - src.inference - INFO - inference.py:213 - ✓ Generated in 0.54s
2025-12-16 23:44:37,636 - src.inference - INFO - inference.py:213 - ✓ Generated in 0.25s
2025-12-16 23:44:37,932 - src.inference - INFO - inference.py:213 - ✓ Generated in 0.30s
2025-12-16 23:44:38,083 - src.inference - INFO - inference.py:213 - ✓ Generated in 0.15s
2025-12-16 23:44:38,687 - src.inference - INFO - inference.py:213 - ✓ Generated in 0.60s
2025-12-16 23:44:38,936 - src.inference - INFO - inference.py:213 - ✓ Generated in 0.25s
2025-12-16 23:44:39,233 - src.inference - INFO - inference.py:213 - ✓ Generated in 0.30s
2025-12-16 23:44:39,630 - src.inference - INFO - inference.py:213 - ✓ Generated in 0.40s
2025-12-16 23:44:39,780 - src.inference - INFO - inference.py:213 - ✓ Generated in 0.15s
2025-12-16 23:44:40,788 - src.inference - INFO - inference.py:213 - ✓ Generated in 1.01s
2025-12-16 23:44:41,281 - src.inference - INFO - inference.py:213 - ✓ Generated in 0.49s
2025-12-16 23:44:41,531 - src.inference - INFO - inference.py:213 - ✓ Generated in 0.25s
2025-12-16 23:44:41,782 - src.inference - INFO - inference.py:213 - ✓ Generated in 0.25s
2025-12-16 23:44:42,081 - src.inference - INFO - inference.py:213 - ✓ Generated in 0.30s
2025-12-16 23:44:42,329 - src.inference - INFO - inference.py:213 - ✓ Generated in 0.25s
2025-12-16 23:44:42,577 - src.inference - INFO - inference.py:213 - ✓ Generated in 0.25s
2025-12-16 23:44:42,823 - src.inference - INFO - inference.py:213 - ✓ Generated in 0.25s
2025-12-16 23:44:43,415 - src.inference - INFO - inference.py:213 - ✓ Generated in 0.59s
2025-12-16 23:44:44,435 - src.inference - INFO - inference.py:213 - ✓ Generated in 1.02s
2025-12-16 23:44:44,904 - src.inference - INFO - inference.py:213 - ✓ Generated in 0.47s
2025-12-16 23:44:45,251 - src.inference - INFO - inference.py:213 - ✓ Generated in 0.35s
2025-12-16 23:44:45,547 - src.inference - INFO - inference.py:213 - ✓ Generated in 0.30s
2025-12-16 23:44:45,746 - src.inference - INFO - inference.py:213 - ✓ Generated in 0.20s
2025-12-16 23:44:46,191 - src.inference - INFO - inference.py:213 - ✓ Generated in 0.44s
2025-12-16 23:44:46,440 - src.inference - INFO - inference.py:213 - ✓ Generated in 0.25s
2025-12-16 23:44:46,849 - src.inference - INFO - inference.py:213 - ✓ Generated in 0.41s
2025-12-16 23:44:47,096 - src.inference - INFO - inference.py:213 - ✓ Generated in 0.25s
2025-12-16 23:44:47,344 - src.inference - INFO - inference.py:213 - ✓ Generated in 0.25s
2025-12-16 23:44:48,206 - src.inference - INFO - inference.py:213 - ✓ Generated in 0.86s
2025-12-16 23:44:49,991 - src.inference - INFO - inference.py:213 - ✓ Generated in 1.79s
2025-12-16 23:44:50,241 - src.inference - INFO - inference.py:213 - ✓ Generated in 0.25s
2025-12-16 23:44:50,440 - src.inference - INFO - inference.py:213 - ✓ Generated in 0.20s
2025-12-16 23:44:50,788 - src.inference - INFO - inference.py:213 - ✓ Generated in 0.35s
2025-12-16 23:44:51,734 - src.inference - INFO - inference.py:213 - ✓ Generated in 0.94s
2025-12-16 23:44:51,982 - src.inference - INFO - inference.py:213 - ✓ Generated in 0.25s
2025-12-16 23:44:52,740 - src.inference - INFO - inference.py:213 - ✓ Generated in 0.76s
2025-12-16 23:44:53,247 - src.inference - INFO - inference.py:213 - ✓ Generated in 0.51s
2025-12-16 23:44:53,545 - src.inference - INFO - inference.py:213 - ✓ Generated in 0.30s
2025-12-16 23:44:53,742 - src.inference - INFO - inference.py:213 - ✓ Generated in 0.20s
2025-12-16 23:44:53,993 - src.inference - INFO - inference.py:213 - ✓ Generated in 0.25s
2025-12-16 23:44:54,143 - src.inference - INFO - inference.py:213 - ✓ Generated in 0.15s
2025-12-16 23:44:54,492 - src.inference - INFO - inference.py:213 - ✓ Generated in 0.35s
2025-12-16 23:44:54,740 - src.inference - INFO - inference.py:213 - ✓ Generated in 0.25s
2025-12-16 23:44:55,138 - src.inference - INFO - inference.py:213 - ✓ Generated in 0.40s
2025-12-16 23:44:55,483 - src.inference - INFO - inference.py:213 - ✓ Generated in 0.34s
2025-12-16 23:44:55,781 - src.inference - INFO - inference.py:213 - ✓ Generated in 0.30s
2025-12-16 23:44:56,031 - src.inference - INFO - inference.py:213 - ✓ Generated in 0.25s
2025-12-16 23:44:56,274 - src.inference - INFO - inference.py:213 - ✓ Generated in 0.24s
2025-12-16 23:44:56,522 - src.inference - INFO - inference.py:213 - ✓ Generated in 0.25s
2025-12-16 23:44:56,820 - src.inference - INFO - inference.py:213 - ✓ Generated in 0.30s
2025-12-16 23:44:58,978 - src.inference - INFO - inference.py:213 - ✓ Generated in 2.16s
2025-12-16 23:44:59,422 - src.inference - INFO - inference.py:213 - ✓ Generated in 0.44s
2025-12-16 23:44:59,720 - src.inference - INFO - inference.py:213 - ✓ Generated in 0.30s
2025-12-16 23:45:00,314 - src.inference - INFO - inference.py:213 - ✓ Generated in 0.59s
2025-12-16 23:45:00,513 - src.inference - INFO - inference.py:213 - ✓ Generated in 0.20s
2025-12-16 23:45:00,910 - src.inference - INFO - inference.py:213 - ✓ Generated in 0.40s
2025-12-16 23:45:01,209 - src.inference - INFO - inference.py:213 - ✓ Generated in 0.30s
2025-12-16 23:45:01,703 - src.inference - INFO - inference.py:213 - ✓ Generated in 0.49s
2025-12-16 23:45:02,442 - src.inference - INFO - inference.py:213 - ✓ Generated in 0.74s
2025-12-16 23:45:02,786 - src.inference - INFO - inference.py:213 - ✓ Generated in 0.34s
2025-12-16 23:45:03,342 - src.inference - INFO - inference.py:213 - ✓ Generated in 0.56s
2025-12-16 23:45:03,693 - src.inference - INFO - inference.py:213 - ✓ Generated in 0.35s
2025-12-16 23:45:04,039 - src.inference - INFO - inference.py:213 - ✓ Generated in 0.35s
2025-12-16 23:45:04,431 - src.inference - INFO - inference.py:213 - ✓ Generated in 0.39s
2025-12-16 23:45:04,583 - src.inference - INFO - inference.py:213 - ✓ Generated in 0.15s
2025-12-16 23:45:04,930 - src.inference - INFO - inference.py:213 - ✓ Generated in 0.35s
2025-12-16 23:45:05,519 - src.inference - INFO - inference.py:213 - ✓ Generated in 0.59s
2025-12-16 23:45:06,124 - src.inference - INFO - inference.py:213 - ✓ Generated in 0.61s
2025-12-16 23:45:06,602 - src.inference - INFO - inference.py:213 - ✓ Generated in 0.48s
2025-12-16 23:45:06,802 - src.inference - INFO - inference.py:213 - ✓ Generated in 0.20s
2025-12-16 23:45:07,400 - src.inference - INFO - inference.py:213 - ✓ Generated in 0.60s
2025-12-16 23:45:07,679 - src.inference - INFO - inference.py:213 - ✓ Generated in 0.28s
2025-12-16 23:45:08,071 - src.inference - INFO - inference.py:213 - ✓ Generated in 0.39s
2025-12-16 23:45:08,666 - src.inference - INFO - inference.py:213 - ✓ Generated in 0.59s
2025-12-16 23:45:09,076 - src.inference - INFO - inference.py:213 - ✓ Generated in 0.41s
2025-12-16 23:45:09,425 - src.inference - INFO - inference.py:213 - ✓ Generated in 0.35s
2025-12-16 23:45:09,674 - src.inference - INFO - inference.py:213 - ✓ Generated in 0.25s
2025-12-16 23:45:10,122 - src.inference - INFO - inference.py:213 - ✓ Generated in 0.45s
2025-12-16 23:45:10,368 - src.inference - INFO - inference.py:213 - ✓ Generated in 0.25s
2025-12-16 23:45:10,517 - src.inference - INFO - inference.py:213 - ✓ Generated in 0.15s
2025-12-16 23:45:11,059 - src.inference - INFO - inference.py:213 - ✓ Generated in 0.54s
2025-12-16 23:45:11,800 - src.inference - INFO - inference.py:213 - ✓ Generated in 0.74s
2025-12-16 23:45:12,049 - src.inference - INFO - inference.py:213 - ✓ Generated in 0.25s
2025-12-16 23:45:12,299 - src.inference - INFO - inference.py:213 - ✓ Generated in 0.25s
2025-12-16 23:45:12,696 - src.inference - INFO - inference.py:213 - ✓ Generated in 0.40s
2025-12-16 23:45:13,140 - src.inference - INFO - inference.py:213 - ✓ Generated in 0.44s
2025-12-16 23:45:13,340 - src.inference - INFO - inference.py:213 - ✓ Generated in 0.20s
2025-12-16 23:45:13,638 - src.inference - INFO - inference.py:213 - ✓ Generated in 0.30s
2025-12-16 23:45:13,788 - src.inference - INFO - inference.py:213 - ✓ Generated in 0.15s
2025-12-16 23:45:14,035 - src.inference - INFO - inference.py:213 - ✓ Generated in 0.25s
2025-12-16 23:45:14,577 - src.inference - INFO - inference.py:213 - ✓ Generated in 0.54s
2025-12-16 23:45:14,826 - src.inference - INFO - inference.py:213 - ✓ Generated in 0.25s
2025-12-16 23:45:15,172 - src.inference - INFO - inference.py:213 - ✓ Generated in 0.35s
2025-12-16 23:45:15,517 - src.inference - INFO - inference.py:213 - ✓ Generated in 0.34s
2025-12-16 23:45:15,668 - src.inference - INFO - inference.py:213 - ✓ Generated in 0.15s
2025-12-16 23:45:15,916 - src.inference - INFO - inference.py:213 - ✓ Generated in 0.25s
2025-12-16 23:45:16,214 - src.inference - INFO - inference.py:213 - ✓ Generated in 0.30s
2025-12-16 23:45:16,523 - src.inference - INFO - inference.py:213 - ✓ Generated in 0.31s
2025-12-16 23:45:16,673 - src.inference - INFO - inference.py:213 - ✓ Generated in 0.15s
2025-12-16 23:45:16,996 - src.inference - INFO - inference.py:213 - ✓ Generated in 0.32s
2025-12-16 23:45:17,786 - src.inference - INFO - inference.py:213 - ✓ Generated in 0.79s
2025-12-16 23:45:17,986 - src.inference - INFO - inference.py:213 - ✓ Generated in 0.20s
2025-12-16 23:45:18,237 - src.inference - INFO - inference.py:213 - ✓ Generated in 0.25s
2025-12-16 23:45:18,435 - src.inference - INFO - inference.py:213 - ✓ Generated in 0.20s
2025-12-16 23:45:18,991 - src.inference - INFO - inference.py:213 - ✓ Generated in 0.56s
2025-12-16 23:45:19,191 - src.inference - INFO - inference.py:213 - ✓ Generated in 0.20s
2025-12-16 23:45:19,341 - src.inference - INFO - inference.py:213 - ✓ Generated in 0.15s
2025-12-16 23:45:19,934 - src.inference - INFO - inference.py:213 - ✓ Generated in 0.59s
2025-12-16 23:45:20,484 - src.inference - INFO - inference.py:213 - ✓ Generated in 0.55s
2025-12-16 23:45:20,732 - src.inference - INFO - inference.py:213 - ✓ Generated in 0.25s
2025-12-16 23:45:21,460 - src.inference - INFO - inference.py:213 - ✓ Generated in 0.73s
2025-12-16 23:45:22,101 - src.inference - INFO - inference.py:213 - ✓ Generated in 0.64s
2025-12-16 23:45:22,397 - src.inference - INFO - inference.py:213 - ✓ Generated in 0.30s
2025-12-16 23:45:22,841 - src.inference - INFO - inference.py:213 - ✓ Generated in 0.44s
2025-12-16 23:45:23,189 - src.inference - INFO - inference.py:213 - ✓ Generated in 0.35s
2025-12-16 23:45:23,581 - src.inference - INFO - inference.py:213 - ✓ Generated in 0.39s
2025-12-16 23:45:25,836 - src.inference - INFO - inference.py:213 - ✓ Generated in 2.25s
2025-12-16 23:45:26,042 - src.inference - INFO - inference.py:213 - ✓ Generated in 0.21s
2025-12-16 23:45:26,343 - src.inference - INFO - inference.py:213 - ✓ Generated in 0.30s
2025-12-16 23:45:27,779 - src.inference - INFO - inference.py:213 - ✓ Generated in 1.44s
2025-12-16 23:45:27,978 - src.inference - INFO - inference.py:213 - ✓ Generated in 0.20s
2025-12-16 23:45:28,229 - src.inference - INFO - inference.py:213 - ✓ Generated in 0.25s
2025-12-16 23:45:28,539 - src.inference - INFO - inference.py:213 - ✓ Generated in 0.31s
2025-12-16 23:45:29,161 - src.inference - INFO - inference.py:213 - ✓ Generated in 0.62s
2025-12-16 23:45:29,412 - src.inference - INFO - inference.py:213 - ✓ Generated in 0.25s
2025-12-16 23:45:29,613 - src.inference - INFO - inference.py:213 - ✓ Generated in 0.20s
2025-12-16 23:45:29,860 - src.inference - INFO - inference.py:213 - ✓ Generated in 0.25s
2025-12-16 23:45:31,135 - src.inference - INFO - inference.py:213 - ✓ Generated in 1.27s
2025-12-16 23:45:31,432 - src.inference - INFO - inference.py:213 - ✓ Generated in 0.30s
2025-12-16 23:45:31,825 - src.inference - INFO - inference.py:213 - ✓ Generated in 0.39s
2025-12-16 23:45:32,122 - src.inference - INFO - inference.py:213 - ✓ Generated in 0.30s
2025-12-16 23:45:32,795 - src.inference - INFO - inference.py:213 - ✓ Generated in 0.67s
2025-12-16 23:45:33,155 - src.inference - INFO - inference.py:213 - ✓ Generated in 0.36s
2025-12-16 23:45:33,455 - src.inference - INFO - inference.py:213 - ✓ Generated in 0.30s
2025-12-16 23:45:33,655 - src.inference - INFO - inference.py:213 - ✓ Generated in 0.20s
2025-12-16 23:45:33,804 - src.inference - INFO - inference.py:213 - ✓ Generated in 0.15s
2025-12-16 23:45:34,003 - src.inference - INFO - inference.py:213 - ✓ Generated in 0.20s
2025-12-16 23:45:34,497 - src.inference - INFO - inference.py:213 - ✓ Generated in 0.49s
2025-12-16 23:45:34,748 - src.inference - INFO - inference.py:213 - ✓ Generated in 0.25s
2025-12-16 23:45:35,343 - src.inference - INFO - inference.py:213 - ✓ Generated in 0.59s
2025-12-16 23:45:35,593 - src.inference - INFO - inference.py:213 - ✓ Generated in 0.25s
2025-12-16 23:45:35,940 - src.inference - INFO - inference.py:213 - ✓ Generated in 0.35s
2025-12-16 23:45:36,141 - src.inference - INFO - inference.py:213 - ✓ Generated in 0.20s
2025-12-16 23:45:37,470 - src.inference - INFO - inference.py:213 - ✓ Generated in 1.33s
2025-12-16 23:45:38,270 - src.inference - INFO - inference.py:213 - ✓ Generated in 0.80s
2025-12-16 23:45:38,568 - src.inference - INFO - inference.py:213 - ✓ Generated in 0.30s
2025-12-16 23:45:38,914 - src.inference - INFO - inference.py:213 - ✓ Generated in 0.35s
2025-12-16 23:45:39,211 - src.inference - INFO - inference.py:213 - ✓ Generated in 0.30s
2025-12-16 23:45:39,932 - src.inference - INFO - inference.py:213 - ✓ Generated in 0.72s
2025-12-16 23:45:41,929 - src.inference - INFO - inference.py:213 - ✓ Generated in 2.00s
2025-12-16 23:45:42,327 - src.inference - INFO - inference.py:213 - ✓ Generated in 0.40s
2025-12-16 23:45:42,526 - src.inference - INFO - inference.py:213 - ✓ Generated in 0.20s
2025-12-16 23:45:42,727 - src.inference - INFO - inference.py:213 - ✓ Generated in 0.20s
2025-12-16 23:45:43,616 - src.inference - INFO - inference.py:213 - ✓ Generated in 0.89s
2025-12-16 23:45:43,766 - src.inference - INFO - inference.py:213 - ✓ Generated in 0.15s
2025-12-16 23:45:44,014 - src.inference - INFO - inference.py:213 - ✓ Generated in 0.25s
2025-12-16 23:45:44,441 - src.inference - INFO - inference.py:213 - ✓ Generated in 0.43s
2025-12-16 23:45:44,783 - src.inference - INFO - inference.py:213 - ✓ Generated in 0.34s
2025-12-16 23:45:44,983 - src.inference - INFO - inference.py:213 - ✓ Generated in 0.20s
2025-12-16 23:45:45,182 - src.inference - INFO - inference.py:213 - ✓ Generated in 0.20s
2025-12-16 23:45:45,430 - src.inference - INFO - inference.py:213 - ✓ Generated in 0.25s
2025-12-16 23:45:46,478 - src.inference - INFO - inference.py:213 - ✓ Generated in 1.05s
2025-12-16 23:45:47,562 - src.inference - INFO - inference.py:213 - ✓ Generated in 1.08s
2025-12-16 23:45:47,811 - src.inference - INFO - inference.py:213 - ✓ Generated in 0.25s
2025-12-16 23:45:48,058 - src.inference - INFO - inference.py:213 - ✓ Generated in 0.25s
2025-12-16 23:45:48,651 - src.inference - INFO - inference.py:213 - ✓ Generated in 0.59s
2025-12-16 23:45:49,195 - src.inference - INFO - inference.py:213 - ✓ Generated in 0.54s
2025-12-16 23:45:49,345 - src.inference - INFO - inference.py:213 - ✓ Generated in 0.15s
2025-12-16 23:45:50,101 - src.inference - INFO - inference.py:213 - ✓ Generated in 0.76s
2025-12-16 23:45:50,645 - src.inference - INFO - inference.py:213 - ✓ Generated in 0.54s
2025-12-16 23:45:50,843 - src.inference - INFO - inference.py:213 - ✓ Generated in 0.20s
2025-12-16 23:45:51,192 - src.inference - INFO - inference.py:213 - ✓ Generated in 0.35s
2025-12-16 23:45:51,537 - src.inference - INFO - inference.py:213 - ✓ Generated in 0.35s
2025-12-16 23:45:51,738 - src.inference - INFO - inference.py:213 - ✓ Generated in 0.20s
2025-12-16 23:45:52,182 - src.inference - INFO - inference.py:213 - ✓ Generated in 0.44s
2025-12-16 23:45:52,431 - src.inference - INFO - inference.py:213 - ✓ Generated in 0.25s
2025-12-16 23:45:52,871 - src.inference - INFO - inference.py:213 - ✓ Generated in 0.44s
2025-12-16 23:45:53,218 - src.inference - INFO - inference.py:213 - ✓ Generated in 0.35s
2025-12-16 23:45:53,497 - src.inference - INFO - inference.py:213 - ✓ Generated in 0.28s
2025-12-16 23:45:53,745 - src.inference - INFO - inference.py:213 - ✓ Generated in 0.25s
2025-12-16 23:45:53,993 - src.inference - INFO - inference.py:213 - ✓ Generated in 0.25s
2025-12-16 23:45:54,342 - src.inference - INFO - inference.py:213 - ✓ Generated in 0.35s
2025-12-16 23:45:54,543 - src.inference - INFO - inference.py:213 - ✓ Generated in 0.20s
2025-12-16 23:45:54,793 - src.inference - INFO - inference.py:213 - ✓ Generated in 0.25s
2025-12-16 23:45:55,664 - src.inference - INFO - inference.py:213 - ✓ Generated in 0.87s
2025-12-16 23:45:55,913 - src.inference - INFO - inference.py:213 - ✓ Generated in 0.25s
2025-12-16 23:45:56,383 - src.inference - INFO - inference.py:213 - ✓ Generated in 0.47s
2025-12-16 23:45:56,675 - src.inference - INFO - inference.py:213 - ✓ Generated in 0.29s
2025-12-16 23:45:57,003 - src.inference - INFO - inference.py:213 - ✓ Generated in 0.33s
2025-12-16 23:45:57,941 - src.inference - INFO - inference.py:213 - ✓ Generated in 0.94s
2025-12-16 23:45:58,041 - src.inference - INFO - inference.py:213 - ✓ Generated in 0.10s
2025-12-16 23:45:58,240 - src.inference - INFO - inference.py:213 - ✓ Generated in 0.20s
2025-12-16 23:45:58,537 - src.inference - INFO - inference.py:213 - ✓ Generated in 0.30s
2025-12-16 23:45:58,835 - src.inference - INFO - inference.py:213 - ✓ Generated in 0.30s
2025-12-16 23:45:59,649 - src.inference - INFO - inference.py:213 - ✓ Generated in 0.81s
2025-12-16 23:45:59,952 - src.inference - INFO - inference.py:213 - ✓ Generated in 0.30s
2025-12-16 23:46:00,151 - src.inference - INFO - inference.py:213 - ✓ Generated in 0.20s
2025-12-16 23:46:00,643 - src.inference - INFO - inference.py:213 - ✓ Generated in 0.49s
2025-12-16 23:46:01,332 - src.inference - INFO - inference.py:213 - ✓ Generated in 0.69s
2025-12-16 23:46:01,850 - src.inference - INFO - inference.py:213 - ✓ Generated in 0.52s
2025-12-16 23:46:02,195 - src.inference - INFO - inference.py:213 - ✓ Generated in 0.34s
2025-12-16 23:46:02,691 - src.inference - INFO - inference.py:213 - ✓ Generated in 0.49s
2025-12-16 23:46:03,032 - src.inference - INFO - inference.py:213 - ✓ Generated in 0.34s
2025-12-16 23:46:03,502 - src.inference - INFO - inference.py:213 - ✓ Generated in 0.47s
2025-12-16 23:46:03,702 - src.inference - INFO - inference.py:213 - ✓ Generated in 0.20s
2025-12-16 23:46:03,951 - src.inference - INFO - inference.py:213 - ✓ Generated in 0.25s
2025-12-16 23:46:04,199 - src.inference - INFO - inference.py:213 - ✓ Generated in 0.25s
2025-12-16 23:46:04,529 - src.inference - INFO - inference.py:213 - ✓ Generated in 0.33s
2025-12-16 23:46:04,926 - src.inference - INFO - inference.py:213 - ✓ Generated in 0.40s
2025-12-16 23:46:05,076 - src.inference - INFO - inference.py:213 - ✓ Generated in 0.15s
2025-12-16 23:46:05,226 - src.inference - INFO - inference.py:213 - ✓ Generated in 0.15s
2025-12-16 23:46:05,426 - src.inference - INFO - inference.py:213 - ✓ Generated in 0.20s
2025-12-16 23:46:05,872 - src.inference - INFO - inference.py:213 - ✓ Generated in 0.45s
2025-12-16 23:46:06,118 - src.inference - INFO - inference.py:213 - ✓ Generated in 0.25s
2025-12-16 23:46:06,315 - src.inference - INFO - inference.py:213 - ✓ Generated in 0.20s
2025-12-16 23:46:06,563 - src.inference - INFO - inference.py:213 - ✓ Generated in 0.25s
2025-12-16 23:46:06,959 - src.inference - INFO - inference.py:213 - ✓ Generated in 0.40s
2025-12-16 23:46:07,255 - src.inference - INFO - inference.py:213 - ✓ Generated in 0.30s
2025-12-16 23:46:07,893 - src.inference - INFO - inference.py:213 - ✓ Generated in 0.64s
2025-12-16 23:46:08,094 - src.inference - INFO - inference.py:213 - ✓ Generated in 0.20s
2025-12-16 23:46:08,590 - src.inference - INFO - inference.py:213 - ✓ Generated in 0.50s
2025-12-16 23:46:09,035 - src.inference - INFO - inference.py:213 - ✓ Generated in 0.44s
2025-12-16 23:46:09,941 - src.inference - INFO - inference.py:213 - ✓ Generated in 0.91s
2025-12-16 23:46:10,239 - src.inference - INFO - inference.py:213 - ✓ Generated in 0.30s
2025-12-16 23:46:10,537 - src.inference - INFO - inference.py:213 - ✓ Generated in 0.30s
2025-12-16 23:46:10,915 - src.inference - INFO - inference.py:213 - ✓ Generated in 0.38s
2025-12-16 23:46:11,213 - src.inference - INFO - inference.py:213 - ✓ Generated in 0.30s
2025-12-16 23:46:11,560 - src.inference - INFO - inference.py:213 - ✓ Generated in 0.35s
2025-12-16 23:46:12,121 - src.inference - INFO - inference.py:213 - ✓ Generated in 0.56s
2025-12-16 23:46:12,450 - src.inference - INFO - inference.py:213 - ✓ Generated in 0.33s
2025-12-16 23:46:13,527 - src.inference - INFO - inference.py:213 - ✓ Generated in 1.08s
2025-12-16 23:46:13,936 - src.inference - INFO - inference.py:213 - ✓ Generated in 0.41s
2025-12-16 23:46:14,089 - src.inference - INFO - inference.py:213 - ✓ Generated in 0.15s
2025-12-16 23:46:14,339 - src.inference - INFO - inference.py:213 - ✓ Generated in 0.25s
2025-12-16 23:46:14,734 - src.inference - INFO - inference.py:213 - ✓ Generated in 0.39s
2025-12-16 23:46:15,079 - src.inference - INFO - inference.py:213 - ✓ Generated in 0.35s
2025-12-16 23:46:15,377 - src.inference - INFO - inference.py:213 - ✓ Generated in 0.30s
2025-12-16 23:46:15,723 - src.inference - INFO - inference.py:213 - ✓ Generated in 0.35s
2025-12-16 23:46:16,117 - src.inference - INFO - inference.py:213 - ✓ Generated in 0.39s
2025-12-16 23:46:16,365 - src.inference - INFO - inference.py:213 - ✓ Generated in 0.25s
2025-12-16 23:46:16,707 - src.inference - INFO - inference.py:213 - ✓ Generated in 0.34s
2025-12-16 23:46:17,508 - src.inference - INFO - inference.py:213 - ✓ Generated in 0.80s
2025-12-16 23:46:17,888 - src.inference - INFO - inference.py:213 - ✓ Generated in 0.38s
2025-12-16 23:46:18,136 - src.inference - INFO - inference.py:213 - ✓ Generated in 0.25s
2025-12-16 23:46:19,061 - src.inference - INFO - inference.py:213 - ✓ Generated in 0.93s
2025-12-16 23:46:19,409 - src.inference - INFO - inference.py:213 - ✓ Generated in 0.35s
2025-12-16 23:46:19,607 - src.inference - INFO - inference.py:213 - ✓ Generated in 0.20s
2025-12-16 23:46:20,470 - src.inference - INFO - inference.py:213 - ✓ Generated in 0.86s
2025-12-16 23:46:20,772 - src.inference - INFO - inference.py:213 - ✓ Generated in 0.30s
2025-12-16 23:46:20,972 - src.inference - INFO - inference.py:213 - ✓ Generated in 0.20s
2025-12-16 23:46:21,500 - src.inference - INFO - inference.py:213 - ✓ Generated in 0.53s
2025-12-16 23:46:22,349 - src.inference - INFO - inference.py:213 - ✓ Generated in 0.85s
2025-12-16 23:46:23,022 - src.inference - INFO - inference.py:213 - ✓ Generated in 0.67s
2025-12-16 23:46:23,172 - src.inference - INFO - inference.py:213 - ✓ Generated in 0.15s
2025-12-16 23:46:23,420 - src.inference - INFO - inference.py:213 - ✓ Generated in 0.25s
2025-12-16 23:46:23,942 - src.inference - INFO - inference.py:213 - ✓ Generated in 0.52s
2025-12-16 23:46:24,441 - src.inference - INFO - inference.py:213 - ✓ Generated in 0.50s
2025-12-16 23:46:24,786 - src.inference - INFO - inference.py:213 - ✓ Generated in 0.34s
2025-12-16 23:46:25,364 - src.inference - INFO - inference.py:213 - ✓ Generated in 0.58s
2025-12-16 23:46:25,613 - src.inference - INFO - inference.py:213 - ✓ Generated in 0.25s
2025-12-16 23:46:25,910 - src.inference - INFO - inference.py:213 - ✓ Generated in 0.30s
2025-12-16 23:46:26,404 - src.inference - INFO - inference.py:213 - ✓ Generated in 0.49s
2025-12-16 23:46:26,553 - src.inference - INFO - inference.py:213 - ✓ Generated in 0.15s
2025-12-16 23:46:26,902 - src.inference - INFO - inference.py:213 - ✓ Generated in 0.35s
2025-12-16 23:46:27,149 - src.inference - INFO - inference.py:213 - ✓ Generated in 0.25s
2025-12-16 23:46:27,859 - src.inference - INFO - inference.py:213 - ✓ Generated in 0.71s
2025-12-16 23:46:28,545 - src.inference - INFO - inference.py:213 - ✓ Generated in 0.69s
2025-12-16 23:46:28,842 - src.inference - INFO - inference.py:213 - ✓ Generated in 0.30s
2025-12-16 23:46:29,284 - src.inference - INFO - inference.py:213 - ✓ Generated in 0.44s
2025-12-16 23:46:29,583 - src.inference - INFO - inference.py:213 - ✓ Generated in 0.30s
2025-12-16 23:46:30,548 - src.inference - INFO - inference.py:213 - ✓ Generated in 0.96s
2025-12-16 23:46:30,895 - src.inference - INFO - inference.py:213 - ✓ Generated in 0.35s
2025-12-16 23:46:32,435 - src.inference - INFO - inference.py:213 - ✓ Generated in 1.54s
2025-12-16 23:46:33,004 - src.inference - INFO - inference.py:213 - ✓ Generated in 0.57s
2025-12-16 23:46:33,204 - src.inference - INFO - inference.py:213 - ✓ Generated in 0.20s
2025-12-16 23:46:33,750 - src.inference - INFO - inference.py:213 - ✓ Generated in 0.55s
2025-12-16 23:46:34,047 - src.inference - INFO - inference.py:213 - ✓ Generated in 0.30s
2025-12-16 23:46:34,537 - src.inference - INFO - inference.py:213 - ✓ Generated in 0.49s
2025-12-16 23:46:34,738 - src.inference - INFO - inference.py:213 - ✓ Generated in 0.20s
2025-12-16 23:46:34,985 - src.inference - INFO - inference.py:213 - ✓ Generated in 0.25s
2025-12-16 23:46:35,788 - src.inference - INFO - inference.py:213 - ✓ Generated in 0.80s
2025-12-16 23:46:36,037 - src.inference - INFO - inference.py:213 - ✓ Generated in 0.25s
2025-12-16 23:46:36,236 - src.inference - INFO - inference.py:213 - ✓ Generated in 0.20s
2025-12-16 23:46:36,798 - src.inference - INFO - inference.py:213 - ✓ Generated in 0.56s
2025-12-16 23:46:37,681 - src.inference - INFO - inference.py:213 - ✓ Generated in 0.88s
2025-12-16 23:46:37,928 - src.inference - INFO - inference.py:213 - ✓ Generated in 0.25s
2025-12-16 23:46:38,937 - src.inference - INFO - inference.py:213 - ✓ Generated in 1.01s
2025-12-16 23:46:39,040 - src.inference - INFO - inference.py:213 - ✓ Generated in 0.10s
2025-12-16 23:46:39,240 - src.inference - INFO - inference.py:213 - ✓ Generated in 0.20s
2025-12-16 23:46:39,781 - src.inference - INFO - inference.py:213 - ✓ Generated in 0.54s
2025-12-16 23:46:40,210 - src.inference - INFO - inference.py:213 - ✓ Generated in 0.43s
2025-12-16 23:46:40,599 - src.inference - INFO - inference.py:213 - ✓ Generated in 0.39s
2025-12-16 23:46:40,947 - src.inference - INFO - inference.py:213 - ✓ Generated in 0.35s
2025-12-16 23:46:41,328 - src.inference - INFO - inference.py:213 - ✓ Generated in 0.38s
2025-12-16 23:46:41,576 - src.inference - INFO - inference.py:213 - ✓ Generated in 0.25s
2025-12-16 23:46:41,986 - src.inference - INFO - inference.py:213 - ✓ Generated in 0.41s
2025-12-16 23:46:42,282 - src.inference - INFO - inference.py:213 - ✓ Generated in 0.30s
2025-12-16 23:46:42,479 - src.inference - INFO - inference.py:213 - ✓ Generated in 0.20s
2025-12-16 23:46:42,826 - src.inference - INFO - inference.py:213 - ✓ Generated in 0.35s
2025-12-16 23:46:43,221 - src.inference - INFO - inference.py:213 - ✓ Generated in 0.40s
2025-12-16 23:46:43,372 - src.inference - INFO - inference.py:213 - ✓ Generated in 0.15s
2025-12-16 23:46:43,522 - src.inference - INFO - inference.py:213 - ✓ Generated in 0.15s
2025-12-16 23:46:43,722 - src.inference - INFO - inference.py:213 - ✓ Generated in 0.20s
2025-12-16 23:46:43,970 - src.inference - INFO - inference.py:213 - ✓ Generated in 0.25s
2025-12-16 23:46:44,527 - src.inference - INFO - inference.py:213 - ✓ Generated in 0.56s
2025-12-16 23:46:44,728 - src.inference - INFO - inference.py:213 - ✓ Generated in 0.20s
2025-12-16 23:46:45,236 - src.inference - INFO - inference.py:213 - ✓ Generated in 0.51s
2025-12-16 23:46:45,485 - src.inference - INFO - inference.py:213 - ✓ Generated in 0.25s
2025-12-16 23:46:45,733 - src.inference - INFO - inference.py:213 - ✓ Generated in 0.25s
2025-12-16 23:46:45,932 - src.inference - INFO - inference.py:213 - ✓ Generated in 0.20s
2025-12-16 23:46:46,131 - src.inference - INFO - inference.py:213 - ✓ Generated in 0.20s
2025-12-16 23:46:46,379 - src.inference - INFO - inference.py:213 - ✓ Generated in 0.25s
2025-12-16 23:46:46,686 - src.inference - INFO - inference.py:213 - ✓ Generated in 0.31s
2025-12-16 23:46:46,885 - src.inference - INFO - inference.py:213 - ✓ Generated in 0.20s
2025-12-16 23:46:47,182 - src.inference - INFO - inference.py:213 - ✓ Generated in 0.30s
2025-12-16 23:46:47,430 - src.inference - INFO - inference.py:213 - ✓ Generated in 0.25s
2025-12-16 23:46:47,741 - src.inference - INFO - inference.py:213 - ✓ Generated in 0.31s
2025-12-16 23:46:48,138 - src.inference - INFO - inference.py:213 - ✓ Generated in 0.40s
2025-12-16 23:46:49,622 - src.inference - INFO - inference.py:213 - ✓ Generated in 1.48s
2025-12-16 23:46:50,018 - src.inference - INFO - inference.py:213 - ✓ Generated in 0.40s
2025-12-16 23:46:50,756 - src.inference - INFO - inference.py:213 - ✓ Generated in 0.74s
2025-12-16 23:46:50,906 - src.inference - INFO - inference.py:213 - ✓ Generated in 0.15s
2025-12-16 23:46:51,155 - src.inference - INFO - inference.py:213 - ✓ Generated in 0.25s
2025-12-16 23:46:51,698 - src.inference - INFO - inference.py:213 - ✓ Generated in 0.54s
2025-12-16 23:46:52,142 - src.inference - INFO - inference.py:213 - ✓ Generated in 0.44s
2025-12-16 23:46:52,639 - src.inference - INFO - inference.py:213 - ✓ Generated in 0.50s
2025-12-16 23:46:52,935 - src.inference - INFO - inference.py:213 - ✓ Generated in 0.30s
2025-12-16 23:46:53,133 - src.inference - INFO - inference.py:213 - ✓ Generated in 0.20s
2025-12-16 23:46:53,332 - src.inference - INFO - inference.py:213 - ✓ Generated in 0.20s
2025-12-16 23:46:53,752 - src.inference - INFO - inference.py:213 - ✓ Generated in 0.42s
2025-12-16 23:46:54,394 - src.inference - INFO - inference.py:213 - ✓ Generated in 0.64s
2025-12-16 23:46:55,103 - src.inference - INFO - inference.py:213 - ✓ Generated in 0.71s
2025-12-16 23:46:56,148 - src.inference - INFO - inference.py:213 - ✓ Generated in 1.04s
2025-12-16 23:46:56,495 - src.inference - INFO - inference.py:213 - ✓ Generated in 0.35s
2025-12-16 23:46:56,692 - src.inference - INFO - inference.py:213 - ✓ Generated in 0.20s
2025-12-16 23:46:57,201 - src.inference - INFO - inference.py:213 - ✓ Generated in 0.51s
2025-12-16 23:46:57,710 - src.inference - INFO - inference.py:213 - ✓ Generated in 0.51s
2025-12-16 23:46:57,961 - src.inference - INFO - inference.py:213 - ✓ Generated in 0.25s
2025-12-16 23:46:58,191 - src.inference - INFO - inference.py:213 - ✓ Generated in 0.23s
2025-12-16 23:46:58,392 - src.inference - INFO - inference.py:213 - ✓ Generated in 0.20s
2025-12-16 23:46:58,839 - src.inference - INFO - inference.py:213 - ✓ Generated in 0.45s
2025-12-16 23:46:59,238 - src.inference - INFO - inference.py:213 - ✓ Generated in 0.40s
2025-12-16 23:46:59,536 - src.inference - INFO - inference.py:213 - ✓ Generated in 0.30s
2025-12-16 23:46:59,846 - src.inference - INFO - inference.py:213 - ✓ Generated in 0.31s
2025-12-16 23:47:00,646 - src.inference - INFO - inference.py:213 - ✓ Generated in 0.80s
2025-12-16 23:47:01,400 - src.inference - INFO - inference.py:213 - ✓ Generated in 0.75s
2025-12-16 23:47:01,976 - src.inference - INFO - inference.py:213 - ✓ Generated in 0.58s
2025-12-16 23:47:02,373 - src.inference - INFO - inference.py:213 - ✓ Generated in 0.40s
2025-12-16 23:47:03,124 - src.inference - INFO - inference.py:213 - ✓ Generated in 0.75s
2025-12-16 23:47:03,617 - src.inference - INFO - inference.py:213 - ✓ Generated in 0.49s
2025-12-16 23:47:03,928 - src.inference - INFO - inference.py:213 - ✓ Generated in 0.31s
2025-12-16 23:47:04,142 - src.inference - INFO - inference.py:213 - ✓ Generated in 0.21s
2025-12-16 23:47:05,343 - src.inference - INFO - inference.py:213 - ✓ Generated in 1.20s
2025-12-16 23:47:05,836 - src.inference - INFO - inference.py:213 - ✓ Generated in 0.49s
2025-12-16 23:47:06,621 - src.inference - INFO - inference.py:213 - ✓ Generated in 0.78s
2025-12-16 23:47:06,820 - src.inference - INFO - inference.py:213 - ✓ Generated in 0.20s
2025-12-16 23:47:07,542 - src.inference - INFO - inference.py:213 - ✓ Generated in 0.72s
2025-12-16 23:47:07,840 - src.inference - INFO - inference.py:213 - ✓ Generated in 0.30s
2025-12-16 23:47:07,942 - src.inference - INFO - inference.py:213 - ✓ Generated in 0.10s
2025-12-16 23:47:08,141 - src.inference - INFO - inference.py:213 - ✓ Generated in 0.20s
2025-12-16 23:47:08,649 - src.inference - INFO - inference.py:213 - ✓ Generated in 0.51s
2025-12-16 23:47:09,000 - src.inference - INFO - inference.py:213 - ✓ Generated in 0.35s
2025-12-16 23:47:09,955 - src.inference - INFO - inference.py:213 - ✓ Generated in 0.95s
2025-12-16 23:47:10,408 - src.inference - INFO - inference.py:213 - ✓ Generated in 0.45s
2025-12-16 23:47:10,707 - src.inference - INFO - inference.py:213 - ✓ Generated in 0.30s
2025-12-16 23:47:10,905 - src.inference - INFO - inference.py:213 - ✓ Generated in 0.20s
2025-12-16 23:47:11,153 - src.inference - INFO - inference.py:213 - ✓ Generated in 0.25s
2025-12-16 23:47:11,305 - src.inference - INFO - inference.py:213 - ✓ Generated in 0.15s
2025-12-16 23:47:11,615 - src.inference - INFO - inference.py:213 - ✓ Generated in 0.31s
2025-12-16 23:47:12,059 - src.inference - INFO - inference.py:213 - ✓ Generated in 0.44s
2025-12-16 23:47:12,533 - src.inference - INFO - inference.py:213 - ✓ Generated in 0.47s
2025-12-16 23:47:13,483 - src.inference - INFO - inference.py:213 - ✓ Generated in 0.95s
2025-12-16 23:47:13,810 - src.inference - INFO - inference.py:213 - ✓ Generated in 0.33s
2025-12-16 23:47:14,202 - src.inference - INFO - inference.py:213 - ✓ Generated in 0.39s
2025-12-16 23:47:14,548 - src.inference - INFO - inference.py:213 - ✓ Generated in 0.34s
2025-12-16 23:47:14,891 - src.inference - INFO - inference.py:213 - ✓ Generated in 0.34s
2025-12-16 23:47:15,960 - src.inference - INFO - inference.py:213 - ✓ Generated in 1.07s
2025-12-16 23:47:16,546 - src.inference - INFO - inference.py:213 - ✓ Generated in 0.59s
2025-12-16 23:47:16,792 - src.inference - INFO - inference.py:213 - ✓ Generated in 0.25s
2025-12-16 23:47:17,089 - src.inference - INFO - inference.py:213 - ✓ Generated in 0.30s
2025-12-16 23:47:17,434 - src.inference - INFO - inference.py:213 - ✓ Generated in 0.34s
2025-12-16 23:47:17,680 - src.inference - INFO - inference.py:213 - ✓ Generated in 0.25s
2025-12-16 23:47:18,233 - src.inference - INFO - inference.py:213 - ✓ Generated in 0.55s
2025-12-16 23:47:18,480 - src.inference - INFO - inference.py:213 - ✓ Generated in 0.25s
2025-12-16 23:47:18,727 - src.inference - INFO - inference.py:213 - ✓ Generated in 0.25s
2025-12-16 23:47:18,828 - src.inference - INFO - inference.py:213 - ✓ Generated in 0.10s
2025-12-16 23:47:19,025 - src.inference - INFO - inference.py:213 - ✓ Generated in 0.20s
2025-12-16 23:47:19,548 - src.inference - INFO - inference.py:213 - ✓ Generated in 0.52s
2025-12-16 23:47:20,088 - src.inference - INFO - inference.py:213 - ✓ Generated in 0.54s
2025-12-16 23:47:20,609 - src.inference - INFO - inference.py:213 - ✓ Generated in 0.52s
2025-12-16 23:47:20,905 - src.inference - INFO - inference.py:213 - ✓ Generated in 0.29s
2025-12-16 23:47:21,447 - src.inference - INFO - inference.py:213 - ✓ Generated in 0.54s
2025-12-16 23:47:22,122 - src.inference - INFO - inference.py:213 - ✓ Generated in 0.67s
2025-12-16 23:47:22,563 - src.inference - INFO - inference.py:213 - ✓ Generated in 0.44s
2025-12-16 23:47:22,954 - src.inference - INFO - inference.py:213 - ✓ Generated in 0.39s
2025-12-16 23:47:23,299 - src.inference - INFO - inference.py:213 - ✓ Generated in 0.34s
2025-12-16 23:47:23,692 - src.inference - INFO - inference.py:213 - ✓ Generated in 0.39s
2025-12-16 23:47:25,950 - src.inference - INFO - inference.py:213 - ✓ Generated in 2.26s
2025-12-16 23:47:26,295 - src.inference - INFO - inference.py:213 - ✓ Generated in 0.34s
2025-12-16 23:47:26,737 - src.inference - INFO - inference.py:213 - ✓ Generated in 0.44s
2025-12-16 23:47:27,081 - src.inference - INFO - inference.py:213 - ✓ Generated in 0.34s
2025-12-16 23:47:27,344 - src.inference - INFO - inference.py:213 - ✓ Generated in 0.26s
2025-12-16 23:47:27,785 - src.inference - INFO - inference.py:213 - ✓ Generated in 0.44s
2025-12-16 23:47:28,032 - src.inference - INFO - inference.py:213 - ✓ Generated in 0.25s
2025-12-16 23:47:28,231 - src.inference - INFO - inference.py:213 - ✓ Generated in 0.20s
2025-12-16 23:47:28,479 - src.inference - INFO - inference.py:213 - ✓ Generated in 0.25s
2025-12-16 23:47:29,168 - src.inference - INFO - inference.py:213 - ✓ Generated in 0.69s
2025-12-16 23:47:29,659 - src.inference - INFO - inference.py:213 - ✓ Generated in 0.49s
2025-12-16 23:47:30,703 - src.inference - INFO - inference.py:213 - ✓ Generated in 1.04s
2025-12-16 23:47:30,903 - src.inference - INFO - inference.py:213 - ✓ Generated in 0.20s
2025-12-16 23:47:31,710 - src.inference - INFO - inference.py:213 - ✓ Generated in 0.81s
2025-12-16 23:47:31,859 - src.inference - INFO - inference.py:213 - ✓ Generated in 0.15s
2025-12-16 23:47:32,606 - src.inference - INFO - inference.py:213 - ✓ Generated in 0.75s
2025-12-16 23:47:32,820 - src.inference - INFO - inference.py:213 - ✓ Generated in 0.21s
2025-12-16 23:47:33,113 - src.inference - INFO - inference.py:213 - ✓ Generated in 0.29s
2025-12-16 23:47:33,408 - src.inference - INFO - inference.py:213 - ✓ Generated in 0.29s
2025-12-16 23:47:33,704 - src.inference - INFO - inference.py:213 - ✓ Generated in 0.30s
2025-12-16 23:47:34,048 - src.inference - INFO - inference.py:213 - ✓ Generated in 0.34s
2025-12-16 23:47:34,359 - src.inference - INFO - inference.py:213 - ✓ Generated in 0.31s
2025-12-16 23:47:34,508 - src.inference - INFO - inference.py:213 - ✓ Generated in 0.15s
2025-12-16 23:47:34,706 - src.inference - INFO - inference.py:213 - ✓ Generated in 0.20s
2025-12-16 23:47:34,953 - src.inference - INFO - inference.py:213 - ✓ Generated in 0.25s
2025-12-16 23:47:35,152 - src.inference - INFO - inference.py:213 - ✓ Generated in 0.20s
2025-12-16 23:47:35,510 - src.inference - INFO - inference.py:213 - ✓ Generated in 0.36s
2025-12-16 23:47:35,806 - src.inference - INFO - inference.py:213 - ✓ Generated in 0.29s
2025-12-16 23:47:36,052 - src.inference - INFO - inference.py:213 - ✓ Generated in 0.25s
2025-12-16 23:47:36,399 - src.inference - INFO - inference.py:213 - ✓ Generated in 0.35s
2025-12-16 23:47:36,548 - src.inference - INFO - inference.py:213 - ✓ Generated in 0.15s
2025-12-16 23:47:37,136 - src.inference - INFO - inference.py:213 - ✓ Generated in 0.59s
2025-12-16 23:47:37,432 - src.inference - INFO - inference.py:213 - ✓ Generated in 0.30s
2025-12-16 23:47:37,825 - src.inference - INFO - inference.py:213 - ✓ Generated in 0.39s
2025-12-16 23:47:38,216 - src.inference - INFO - inference.py:213 - ✓ Generated in 0.39s
2025-12-16 23:47:38,414 - src.inference - INFO - inference.py:213 - ✓ Generated in 0.20s
2025-12-16 23:47:38,667 - src.inference - INFO - inference.py:213 - ✓ Generated in 0.25s
2025-12-16 23:47:39,011 - src.inference - INFO - inference.py:213 - ✓ Generated in 0.34s
2025-12-16 23:47:39,257 - src.inference - INFO - inference.py:213 - ✓ Generated in 0.25s
2025-12-16 23:47:39,506 - src.inference - INFO - inference.py:213 - ✓ Generated in 0.25s
2025-12-16 23:47:39,852 - src.inference - INFO - inference.py:213 - ✓ Generated in 0.35s
2025-12-16 23:47:40,104 - src.inference - INFO - inference.py:213 - ✓ Generated in 0.25s
2025-12-16 23:47:40,351 - src.inference - INFO - inference.py:213 - ✓ Generated in 0.25s
2025-12-16 23:47:40,596 - src.inference - INFO - inference.py:213 - ✓ Generated in 0.24s
2025-12-16 23:47:40,843 - src.inference - INFO - inference.py:213 - ✓ Generated in 0.25s
2025-12-16 23:47:41,102 - src.inference - INFO - inference.py:213 - ✓ Generated in 0.26s
2025-12-16 23:47:41,446 - src.inference - INFO - inference.py:213 - ✓ Generated in 0.34s
2025-12-16 23:47:41,871 - src.inference - INFO - inference.py:213 - ✓ Generated in 0.42s
2025-12-16 23:47:42,441 - src.inference - INFO - inference.py:213 - ✓ Generated in 0.57s
2025-12-16 23:47:43,054 - src.inference - INFO - inference.py:213 - ✓ Generated in 0.61s
2025-12-16 23:47:43,771 - src.inference - INFO - inference.py:213 - ✓ Generated in 0.72s
2025-12-16 23:47:44,465 - src.inference - INFO - inference.py:213 - ✓ Generated in 0.69s
2025-12-16 23:47:44,859 - src.inference - INFO - inference.py:213 - ✓ Generated in 0.39s
2025-12-16 23:47:45,249 - src.inference - INFO - inference.py:213 - ✓ Generated in 0.39s
2025-12-16 23:47:46,186 - src.inference - INFO - inference.py:213 - ✓ Generated in 0.94s
2025-12-16 23:47:46,384 - src.inference - INFO - inference.py:213 - ✓ Generated in 0.20s
2025-12-16 23:47:46,919 - src.inference - INFO - inference.py:213 - ✓ Generated in 0.53s
2025-12-16 23:47:47,067 - src.inference - INFO - inference.py:213 - ✓ Generated in 0.15s
2025-12-16 23:47:47,424 - src.inference - INFO - inference.py:213 - ✓ Generated in 0.36s
2025-12-16 23:47:47,867 - src.inference - INFO - inference.py:213 - ✓ Generated in 0.44s
2025-12-16 23:47:48,662 - src.inference - INFO - inference.py:213 - ✓ Generated in 0.79s
2025-12-16 23:47:49,054 - src.inference - INFO - inference.py:213 - ✓ Generated in 0.39s
2025-12-16 23:47:49,298 - src.inference - INFO - inference.py:213 - ✓ Generated in 0.24s
2025-12-16 23:47:49,399 - src.inference - INFO - inference.py:213 - ✓ Generated in 0.10s
2025-12-16 23:47:49,939 - src.inference - INFO - inference.py:213 - ✓ Generated in 0.54s
2025-12-16 23:47:50,283 - src.inference - INFO - inference.py:213 - ✓ Generated in 0.34s
2025-12-16 23:47:50,482 - src.inference - INFO - inference.py:213 - ✓ Generated in 0.20s
2025-12-16 23:47:50,679 - src.inference - INFO - inference.py:213 - ✓ Generated in 0.20s
2025-12-16 23:47:51,072 - src.inference - INFO - inference.py:213 - ✓ Generated in 0.39s
2025-12-16 23:47:51,928 - src.inference - INFO - inference.py:213 - ✓ Generated in 0.86s
2025-12-16 23:47:52,554 - src.inference - INFO - inference.py:213 - ✓ Generated in 0.63s
2025-12-16 23:47:52,950 - src.inference - INFO - inference.py:213 - ✓ Generated in 0.39s
2025-12-16 23:47:53,254 - src.inference - INFO - inference.py:213 - ✓ Generated in 0.30s
2025-12-16 23:47:53,599 - src.inference - INFO - inference.py:213 - ✓ Generated in 0.34s
2025-12-16 23:47:54,122 - src.inference - INFO - inference.py:213 - ✓ Generated in 0.52s
2025-12-16 23:47:54,694 - src.inference - INFO - inference.py:213 - ✓ Generated in 0.57s
2025-12-16 23:47:54,941 - src.inference - INFO - inference.py:213 - ✓ Generated in 0.25s
2025-12-16 23:47:55,487 - src.inference - INFO - inference.py:213 - ✓ Generated in 0.55s
2025-12-16 23:47:55,831 - src.inference - INFO - inference.py:213 - ✓ Generated in 0.34s
2025-12-16 23:47:56,416 - src.inference - INFO - inference.py:213 - ✓ Generated in 0.58s
2025-12-16 23:47:56,665 - src.inference - INFO - inference.py:213 - ✓ Generated in 0.25s
2025-12-16 23:47:56,863 - src.inference - INFO - inference.py:213 - ✓ Generated in 0.20s
2025-12-16 23:47:57,362 - src.inference - INFO - inference.py:213 - ✓ Generated in 0.50s
2025-12-16 23:47:57,657 - src.inference - INFO - inference.py:213 - ✓ Generated in 0.29s
2025-12-16 23:47:57,909 - src.inference - INFO - inference.py:213 - ✓ Generated in 0.25s
2025-12-16 23:47:58,155 - src.inference - INFO - inference.py:213 - ✓ Generated in 0.25s
2025-12-16 23:47:59,123 - src.inference - INFO - inference.py:213 - ✓ Generated in 0.97s
2025-12-16 23:47:59,858 - src.inference - INFO - inference.py:213 - ✓ Generated in 0.73s
2025-12-16 23:48:00,217 - src.inference - INFO - inference.py:213 - ✓ Generated in 0.36s
2025-12-16 23:48:00,465 - src.inference - INFO - inference.py:213 - ✓ Generated in 0.25s
2025-12-16 23:48:00,815 - src.inference - INFO - inference.py:213 - ✓ Generated in 0.35s
2025-12-16 23:48:00,964 - src.inference - INFO - inference.py:213 - ✓ Generated in 0.15s
2025-12-16 23:48:01,309 - src.inference - INFO - inference.py:213 - ✓ Generated in 0.34s
2025-12-16 23:48:01,897 - src.inference - INFO - inference.py:213 - ✓ Generated in 0.59s
2025-12-16 23:48:02,296 - src.inference - INFO - inference.py:213 - ✓ Generated in 0.40s
2025-12-16 23:48:02,543 - src.inference - INFO - inference.py:213 - ✓ Generated in 0.25s
2025-12-16 23:48:02,838 - src.inference - INFO - inference.py:213 - ✓ Generated in 0.29s
2025-12-16 23:48:03,083 - src.inference - INFO - inference.py:213 - ✓ Generated in 0.24s
2025-12-16 23:48:03,392 - src.inference - INFO - inference.py:213 - ✓ Generated in 0.31s
2025-12-16 23:48:03,877 - src.inference - INFO - inference.py:213 - ✓ Generated in 0.49s
2025-12-16 23:48:04,174 - src.inference - INFO - inference.py:213 - ✓ Generated in 0.30s
2025-12-16 23:48:04,372 - src.inference - INFO - inference.py:213 - ✓ Generated in 0.20s
2025-12-16 23:48:05,057 - src.inference - INFO - inference.py:213 - ✓ Generated in 0.68s
2025-12-16 23:48:05,741 - src.inference - INFO - inference.py:213 - ✓ Generated in 0.68s
2025-12-16 23:48:06,037 - src.inference - INFO - inference.py:213 - ✓ Generated in 0.29s
2025-12-16 23:48:06,234 - src.inference - INFO - inference.py:213 - ✓ Generated in 0.20s
2025-12-16 23:48:06,432 - src.inference - INFO - inference.py:213 - ✓ Generated in 0.20s
2025-12-16 23:48:06,680 - src.inference - INFO - inference.py:213 - ✓ Generated in 0.25s
2025-12-16 23:48:06,841 - src.inference - INFO - inference.py:213 - ✓ Generated in 0.16s
2025-12-16 23:48:07,153 - src.inference - INFO - inference.py:213 - ✓ Generated in 0.31s
2025-12-16 23:48:07,301 - src.inference - INFO - inference.py:213 - ✓ Generated in 0.15s
2025-12-16 23:48:07,499 - src.inference - INFO - inference.py:213 - ✓ Generated in 0.20s
2025-12-16 23:48:08,069 - src.inference - INFO - inference.py:213 - ✓ Generated in 0.57s
2025-12-16 23:48:08,280 - src.inference - INFO - inference.py:213 - ✓ Generated in 0.21s
2025-12-16 23:48:08,526 - src.inference - INFO - inference.py:213 - ✓ Generated in 0.24s
2025-12-16 23:48:09,297 - src.inference - INFO - inference.py:213 - ✓ Generated in 0.77s
2025-12-16 23:48:09,836 - src.inference - INFO - inference.py:213 - ✓ Generated in 0.54s
2025-12-16 23:48:10,085 - src.inference - INFO - inference.py:213 - ✓ Generated in 0.25s
2025-12-16 23:48:10,379 - src.inference - INFO - inference.py:213 - ✓ Generated in 0.29s
2025-12-16 23:48:10,625 - src.inference - INFO - inference.py:213 - ✓ Generated in 0.25s
2025-12-16 23:48:10,821 - src.inference - INFO - inference.py:213 - ✓ Generated in 0.20s
2025-12-16 23:48:11,117 - src.inference - INFO - inference.py:213 - ✓ Generated in 0.29s
2025-12-16 23:48:11,459 - src.inference - INFO - inference.py:213 - ✓ Generated in 0.34s
2025-12-16 23:48:11,656 - src.inference - INFO - inference.py:213 - ✓ Generated in 0.20s
2025-12-16 23:48:12,493 - src.inference - INFO - inference.py:213 - ✓ Generated in 0.84s
2025-12-16 23:48:13,172 - src.inference - INFO - inference.py:213 - ✓ Generated in 0.68s
2025-12-16 23:48:13,371 - src.inference - INFO - inference.py:213 - ✓ Generated in 0.20s
2025-12-16 23:48:13,669 - src.inference - INFO - inference.py:213 - ✓ Generated in 0.30s
2025-12-16 23:48:13,866 - src.inference - INFO - inference.py:213 - ✓ Generated in 0.20s
2025-12-16 23:48:14,163 - src.inference - INFO - inference.py:213 - ✓ Generated in 0.30s
2025-12-16 23:48:15,052 - src.inference - INFO - inference.py:213 - ✓ Generated in 0.89s
2025-12-16 23:48:15,507 - src.inference - INFO - inference.py:213 - ✓ Generated in 0.45s
2025-12-16 23:48:16,045 - src.inference - INFO - inference.py:213 - ✓ Generated in 0.54s
2025-12-16 23:48:16,340 - src.inference - INFO - inference.py:213 - ✓ Generated in 0.29s
2025-12-16 23:48:16,648 - src.inference - INFO - inference.py:213 - ✓ Generated in 0.31s
2025-12-16 23:48:17,093 - src.inference - INFO - inference.py:213 - ✓ Generated in 0.44s
2025-12-16 23:48:17,292 - src.inference - INFO - inference.py:213 - ✓ Generated in 0.20s
2025-12-16 23:48:17,670 - src.inference - INFO - inference.py:213 - ✓ Generated in 0.38s
2025-12-16 23:48:18,414 - src.inference - INFO - inference.py:213 - ✓ Generated in 0.74s
2025-12-16 23:48:18,835 - src.inference - INFO - inference.py:213 - ✓ Generated in 0.42s
2025-12-16 23:48:19,278 - src.inference - INFO - inference.py:213 - ✓ Generated in 0.44s
2025-12-16 23:48:20,190 - src.inference - INFO - inference.py:213 - ✓ Generated in 0.91s
2025-12-16 23:48:20,588 - src.inference - INFO - inference.py:213 - ✓ Generated in 0.40s
2025-12-16 23:48:20,886 - src.inference - INFO - inference.py:213 - ✓ Generated in 0.30s
2025-12-16 23:48:21,383 - src.inference - INFO - inference.py:213 - ✓ Generated in 0.50s
2025-12-16 23:48:21,680 - src.inference - INFO - inference.py:213 - ✓ Generated in 0.30s
2025-12-16 23:48:22,222 - src.inference - INFO - inference.py:213 - ✓ Generated in 0.54s
2025-12-16 23:48:22,470 - src.inference - INFO - inference.py:213 - ✓ Generated in 0.25s
2025-12-16 23:48:22,720 - src.inference - INFO - inference.py:213 - ✓ Generated in 0.25s
2025-12-16 23:48:22,919 - src.inference - INFO - inference.py:213 - ✓ Generated in 0.20s
2025-12-16 23:48:23,361 - src.inference - INFO - inference.py:213 - ✓ Generated in 0.44s
2025-12-16 23:48:23,671 - src.inference - INFO - inference.py:213 - ✓ Generated in 0.31s
2025-12-16 23:48:24,064 - src.inference - INFO - inference.py:213 - ✓ Generated in 0.39s
2025-12-16 23:48:24,410 - src.inference - INFO - inference.py:213 - ✓ Generated in 0.35s
2025-12-16 23:48:24,657 - src.inference - INFO - inference.py:213 - ✓ Generated in 0.25s
2025-12-16 23:48:25,052 - src.inference - INFO - inference.py:213 - ✓ Generated in 0.39s
2025-12-16 23:48:25,251 - src.inference - INFO - inference.py:213 - ✓ Generated in 0.20s
2025-12-16 23:48:25,465 - src.inference - INFO - inference.py:213 - ✓ Generated in 0.21s
2025-12-16 23:48:25,714 - src.inference - INFO - inference.py:213 - ✓ Generated in 0.25s
2025-12-16 23:48:25,912 - src.inference - INFO - inference.py:213 - ✓ Generated in 0.20s
2025-12-16 23:48:26,211 - src.inference - INFO - inference.py:213 - ✓ Generated in 0.30s
2025-12-16 23:48:26,657 - src.inference - INFO - inference.py:213 - ✓ Generated in 0.45s
2025-12-16 23:48:26,907 - src.inference - INFO - inference.py:213 - ✓ Generated in 0.25s
2025-12-16 23:48:27,157 - src.inference - INFO - inference.py:213 - ✓ Generated in 0.25s
2025-12-16 23:48:27,379 - src.inference - INFO - inference.py:213 - ✓ Generated in 0.22s
2025-12-16 23:48:27,628 - src.inference - INFO - inference.py:213 - ✓ Generated in 0.25s
2025-12-16 23:48:27,877 - src.inference - INFO - inference.py:213 - ✓ Generated in 0.25s
2025-12-16 23:48:28,256 - src.inference - INFO - inference.py:213 - ✓ Generated in 0.38s
2025-12-16 23:48:28,505 - src.inference - INFO - inference.py:213 - ✓ Generated in 0.25s
2025-12-16 23:48:28,755 - src.inference - INFO - inference.py:213 - ✓ Generated in 0.25s
2025-12-16 23:48:29,601 - src.inference - INFO - inference.py:213 - ✓ Generated in 0.85s
2025-12-16 23:48:29,869 - src.inference - INFO - inference.py:213 - ✓ Generated in 0.27s
2025-12-16 23:48:30,874 - src.inference - INFO - inference.py:213 - ✓ Generated in 1.00s
2025-12-16 23:48:31,181 - src.inference - INFO - inference.py:213 - ✓ Generated in 0.31s
2025-12-16 23:48:31,773 - src.inference - INFO - inference.py:213 - ✓ Generated in 0.59s
2025-12-16 23:48:32,169 - src.inference - INFO - inference.py:213 - ✓ Generated in 0.40s
2025-12-16 23:48:32,467 - src.inference - INFO - inference.py:213 - ✓ Generated in 0.30s
2025-12-16 23:48:33,218 - src.inference - INFO - inference.py:213 - ✓ Generated in 0.75s
2025-12-16 23:48:34,249 - src.inference - INFO - inference.py:213 - ✓ Generated in 1.03s
2025-12-16 23:48:34,645 - src.inference - INFO - inference.py:213 - ✓ Generated in 0.40s
2025-12-16 23:48:35,073 - src.inference - INFO - inference.py:213 - ✓ Generated in 0.43s
2025-12-16 23:48:35,370 - src.inference - INFO - inference.py:213 - ✓ Generated in 0.30s
2025-12-16 23:48:35,763 - src.inference - INFO - inference.py:213 - ✓ Generated in 0.39s
2025-12-16 23:48:36,161 - src.inference - INFO - inference.py:213 - ✓ Generated in 0.40s
2025-12-16 23:48:36,654 - src.inference - INFO - inference.py:213 - ✓ Generated in 0.49s
2025-12-16 23:48:37,326 - src.inference - INFO - inference.py:213 - ✓ Generated in 0.67s
2025-12-16 23:48:37,524 - src.inference - INFO - inference.py:213 - ✓ Generated in 0.20s
2025-12-16 23:48:37,871 - src.inference - INFO - inference.py:213 - ✓ Generated in 0.35s
2025-12-16 23:48:38,366 - src.inference - INFO - inference.py:213 - ✓ Generated in 0.49s
2025-12-16 23:48:38,711 - src.inference - INFO - inference.py:213 - ✓ Generated in 0.34s
2025-12-16 23:48:39,546 - src.inference - INFO - inference.py:213 - ✓ Generated in 0.83s
2025-12-16 23:48:40,118 - src.inference - INFO - inference.py:213 - ✓ Generated in 0.57s
2025-12-16 23:48:40,367 - src.inference - INFO - inference.py:213 - ✓ Generated in 0.25s
2025-12-16 23:48:40,616 - src.inference - INFO - inference.py:213 - ✓ Generated in 0.25s
2025-12-16 23:48:40,984 - src.inference - INFO - inference.py:213 - ✓ Generated in 0.37s
2025-12-16 23:48:41,185 - src.inference - INFO - inference.py:213 - ✓ Generated in 0.20s
2025-12-16 23:48:41,482 - src.inference - INFO - inference.py:213 - ✓ Generated in 0.30s
2025-12-16 23:48:41,778 - src.inference - INFO - inference.py:213 - ✓ Generated in 0.30s
2025-12-16 23:48:41,928 - src.inference - INFO - inference.py:213 - ✓ Generated in 0.15s
2025-12-16 23:48:42,078 - src.inference - INFO - inference.py:213 - ✓ Generated in 0.15s
2025-12-16 23:48:42,517 - src.inference - INFO - inference.py:213 - ✓ Generated in 0.44s
2025-12-16 23:48:42,964 - src.inference - INFO - inference.py:213 - ✓ Generated in 0.45s
2025-12-16 23:48:43,275 - src.inference - INFO - inference.py:213 - ✓ Generated in 0.31s
2025-12-16 23:48:43,474 - src.inference - INFO - inference.py:213 - ✓ Generated in 0.20s
2025-12-16 23:48:43,721 - src.inference - INFO - inference.py:213 - ✓ Generated in 0.25s
2025-12-16 23:48:43,920 - src.inference - INFO - inference.py:213 - ✓ Generated in 0.20s
2025-12-16 23:48:44,119 - src.inference - INFO - inference.py:213 - ✓ Generated in 0.20s
2025-12-16 23:48:44,319 - src.inference - INFO - inference.py:213 - ✓ Generated in 0.20s
2025-12-16 23:48:44,614 - src.inference - INFO - inference.py:213 - ✓ Generated in 0.29s
2025-12-16 23:48:44,813 - src.inference - INFO - inference.py:213 - ✓ Generated in 0.20s
2025-12-16 23:48:45,062 - src.inference - INFO - inference.py:213 - ✓ Generated in 0.25s
2025-12-16 23:48:45,439 - src.inference - INFO - inference.py:213 - ✓ Generated in 0.38s
2025-12-16 23:48:45,886 - src.inference - INFO - inference.py:213 - ✓ Generated in 0.45s
2025-12-16 23:48:46,184 - src.inference - INFO - inference.py:213 - ✓ Generated in 0.30s
2025-12-16 23:48:46,680 - src.inference - INFO - inference.py:213 - ✓ Generated in 0.49s
2025-12-16 23:48:46,879 - src.inference - INFO - inference.py:213 - ✓ Generated in 0.20s
2025-12-16 23:48:47,576 - src.inference - INFO - inference.py:213 - ✓ Generated in 0.70s
2025-12-16 23:48:48,470 - src.inference - INFO - inference.py:213 - ✓ Generated in 0.89s
2025-12-16 23:48:48,719 - src.inference - INFO - inference.py:213 - ✓ Generated in 0.25s
2025-12-16 23:48:48,966 - src.inference - INFO - inference.py:213 - ✓ Generated in 0.25s
2025-12-16 23:48:49,510 - src.inference - INFO - inference.py:213 - ✓ Generated in 0.54s
2025-12-16 23:48:49,855 - src.inference - INFO - inference.py:213 - ✓ Generated in 0.34s
2025-12-16 23:48:50,216 - src.inference - INFO - inference.py:213 - ✓ Generated in 0.36s
2025-12-16 23:48:50,870 - src.inference - INFO - inference.py:213 - ✓ Generated in 0.65s
2025-12-16 23:48:51,069 - src.inference - INFO - inference.py:213 - ✓ Generated in 0.20s
2025-12-16 23:48:51,171 - src.inference - INFO - inference.py:213 - ✓ Generated in 0.10s
2025-12-16 23:48:51,321 - src.inference - INFO - inference.py:213 - ✓ Generated in 0.15s
2025-12-16 23:48:51,521 - src.inference - INFO - inference.py:213 - ✓ Generated in 0.20s
2025-12-16 23:48:51,818 - src.inference - INFO - inference.py:213 - ✓ Generated in 0.30s
2025-12-16 23:48:52,016 - src.inference - INFO - inference.py:213 - ✓ Generated in 0.20s
2025-12-16 23:48:52,535 - src.inference - INFO - inference.py:213 - ✓ Generated in 0.52s
2025-12-16 23:48:52,736 - src.inference - INFO - inference.py:213 - ✓ Generated in 0.20s
2025-12-16 23:48:53,083 - src.inference - INFO - inference.py:213 - ✓ Generated in 0.35s
2025-12-16 23:48:53,429 - src.inference - INFO - inference.py:213 - ✓ Generated in 0.35s
2025-12-16 23:48:53,874 - src.inference - INFO - inference.py:213 - ✓ Generated in 0.44s
2025-12-16 23:48:54,126 - src.inference - INFO - inference.py:213 - ✓ Generated in 0.25s
2025-12-16 23:48:54,554 - src.inference - INFO - inference.py:213 - ✓ Generated in 0.43s
2025-12-16 23:48:54,952 - src.inference - INFO - inference.py:213 - ✓ Generated in 0.40s
2025-12-16 23:48:56,117 - src.inference - INFO - inference.py:213 - ✓ Generated in 1.17s
2025-12-16 23:48:56,511 - src.inference - INFO - inference.py:213 - ✓ Generated in 0.39s
2025-12-16 23:48:56,662 - src.inference - INFO - inference.py:213 - ✓ Generated in 0.15s
2025-12-16 23:48:56,812 - src.inference - INFO - inference.py:213 - ✓ Generated in 0.15s
2025-12-16 23:48:57,012 - src.inference - INFO - inference.py:213 - ✓ Generated in 0.20s
2025-12-16 23:48:57,213 - src.inference - INFO - inference.py:213 - ✓ Generated in 0.20s
2025-12-16 23:48:57,706 - src.inference - INFO - inference.py:213 - ✓ Generated in 0.49s
2025-12-16 23:48:57,904 - src.inference - INFO - inference.py:213 - ✓ Generated in 0.20s
2025-12-16 23:48:58,200 - src.inference - INFO - inference.py:213 - ✓ Generated in 0.30s
2025-12-16 23:48:58,466 - src.inference - INFO - inference.py:213 - ✓ Generated in 0.26s
2025-12-16 23:48:58,761 - src.inference - INFO - inference.py:213 - ✓ Generated in 0.30s
2025-12-16 23:48:59,352 - src.inference - INFO - inference.py:213 - ✓ Generated in 0.59s
2025-12-16 23:48:59,650 - src.inference - INFO - inference.py:213 - ✓ Generated in 0.30s
2025-12-16 23:48:59,948 - src.inference - INFO - inference.py:213 - ✓ Generated in 0.30s
2025-12-16 23:49:01,860 - src.inference - INFO - inference.py:213 - ✓ Generated in 1.91s
2025-12-16 23:49:02,307 - src.inference - INFO - inference.py:213 - ✓ Generated in 0.45s
2025-12-16 23:49:02,653 - src.inference - INFO - inference.py:213 - ✓ Generated in 0.35s
2025-12-16 23:49:02,916 - src.inference - INFO - inference.py:213 - ✓ Generated in 0.26s
2025-12-16 23:49:03,212 - src.inference - INFO - inference.py:213 - ✓ Generated in 0.30s
2025-12-16 23:49:03,313 - src.inference - INFO - inference.py:213 - ✓ Generated in 0.10s
2025-12-16 23:49:03,511 - src.inference - INFO - inference.py:213 - ✓ Generated in 0.20s
2025-12-16 23:49:03,760 - src.inference - INFO - inference.py:213 - ✓ Generated in 0.25s
2025-12-16 23:49:03,912 - src.inference - INFO - inference.py:213 - ✓ Generated in 0.15s
2025-12-16 23:49:04,553 - src.inference - INFO - inference.py:213 - ✓ Generated in 0.64s
2025-12-16 23:49:04,852 - src.inference - INFO - inference.py:213 - ✓ Generated in 0.30s
2025-12-16 23:49:05,312 - src.inference - INFO - inference.py:213 - ✓ Generated in 0.46s
2025-12-16 23:49:05,562 - src.inference - INFO - inference.py:213 - ✓ Generated in 0.25s
2025-12-16 23:49:05,960 - src.inference - INFO - inference.py:213 - ✓ Generated in 0.40s
2025-12-16 23:49:06,160 - src.inference - INFO - inference.py:213 - ✓ Generated in 0.20s
2025-12-16 23:49:06,358 - src.inference - INFO - inference.py:213 - ✓ Generated in 0.20s
2025-12-16 23:49:06,607 - src.inference - INFO - inference.py:213 - ✓ Generated in 0.25s
2025-12-16 23:49:06,904 - src.inference - INFO - inference.py:213 - ✓ Generated in 0.30s
2025-12-16 23:49:07,346 - src.inference - INFO - inference.py:213 - ✓ Generated in 0.44s
2025-12-16 23:49:08,285 - src.inference - INFO - inference.py:213 - ✓ Generated in 0.94s
2025-12-16 23:49:08,486 - src.inference - INFO - inference.py:213 - ✓ Generated in 0.20s
2025-12-16 23:49:08,736 - src.inference - INFO - inference.py:213 - ✓ Generated in 0.25s
2025-12-16 23:49:09,181 - src.inference - INFO - inference.py:213 - ✓ Generated in 0.44s
2025-12-16 23:49:09,480 - src.inference - INFO - inference.py:213 - ✓ Generated in 0.30s
2025-12-16 23:49:09,728 - src.inference - INFO - inference.py:213 - ✓ Generated in 0.25s
2025-12-16 23:49:10,272 - src.inference - INFO - inference.py:213 - ✓ Generated in 0.54s
2025-12-16 23:49:10,583 - src.inference - INFO - inference.py:213 - ✓ Generated in 0.31s
2025-12-16 23:49:10,929 - src.inference - INFO - inference.py:213 - ✓ Generated in 0.35s
2025-12-16 23:49:11,277 - src.inference - INFO - inference.py:213 - ✓ Generated in 0.35s
2025-12-16 23:49:11,719 - src.inference - INFO - inference.py:213 - ✓ Generated in 0.44s
2025-12-16 23:49:12,338 - src.inference - INFO - inference.py:213 - ✓ Generated in 0.62s
2025-12-16 23:49:12,945 - src.inference - INFO - inference.py:213 - ✓ Generated in 0.61s
2025-12-16 23:49:13,147 - src.inference - INFO - inference.py:213 - ✓ Generated in 0.20s
2025-12-16 23:49:13,605 - src.inference - INFO - inference.py:213 - ✓ Generated in 0.46s
2025-12-16 23:49:13,804 - src.inference - INFO - inference.py:213 - ✓ Generated in 0.20s
2025-12-16 23:49:14,360 - src.inference - INFO - inference.py:213 - ✓ Generated in 0.56s
2025-12-16 23:49:14,804 - src.inference - INFO - inference.py:213 - ✓ Generated in 0.44s
2025-12-16 23:49:15,198 - src.inference - INFO - inference.py:213 - ✓ Generated in 0.39s
2025-12-16 23:49:15,542 - src.inference - INFO - inference.py:213 - ✓ Generated in 0.34s
2025-12-16 23:49:15,741 - src.inference - INFO - inference.py:213 - ✓ Generated in 0.20s
2025-12-16 23:49:16,458 - src.inference - INFO - inference.py:213 - ✓ Generated in 0.72s
2025-12-16 23:49:16,755 - src.inference - INFO - inference.py:213 - ✓ Generated in 0.30s
2025-12-16 23:49:16,905 - src.inference - INFO - inference.py:213 - ✓ Generated in 0.15s
2025-12-16 23:49:17,203 - src.inference - INFO - inference.py:213 - ✓ Generated in 0.30s
2025-12-16 23:49:17,893 - src.inference - INFO - inference.py:213 - ✓ Generated in 0.69s
2025-12-16 23:49:18,092 - src.inference - INFO - inference.py:213 - ✓ Generated in 0.20s
2025-12-16 23:49:18,586 - src.inference - INFO - inference.py:213 - ✓ Generated in 0.49s
2025-12-16 23:49:19,033 - src.inference - INFO - inference.py:213 - ✓ Generated in 0.45s
2025-12-16 23:49:19,282 - src.inference - INFO - inference.py:213 - ✓ Generated in 0.25s
2025-12-16 23:49:19,580 - src.inference - INFO - inference.py:213 - ✓ Generated in 0.30s
2025-12-16 23:49:20,075 - src.inference - INFO - inference.py:213 - ✓ Generated in 0.49s
2025-12-16 23:49:20,322 - src.inference - INFO - inference.py:213 - ✓ Generated in 0.25s
2025-12-16 23:49:20,522 - src.inference - INFO - inference.py:213 - ✓ Generated in 0.20s
2025-12-16 23:49:20,722 - src.inference - INFO - inference.py:213 - ✓ Generated in 0.20s
2025-12-16 23:49:21,021 - src.inference - INFO - inference.py:213 - ✓ Generated in 0.30s
2025-12-16 23:49:21,170 - src.inference - INFO - inference.py:213 - ✓ Generated in 0.15s
2025-12-16 23:49:21,420 - src.inference - INFO - inference.py:213 - ✓ Generated in 0.25s
2025-12-16 23:49:21,569 - src.inference - INFO - inference.py:213 - ✓ Generated in 0.15s
2025-12-16 23:49:21,768 - src.inference - INFO - inference.py:213 - ✓ Generated in 0.20s
2025-12-16 23:49:22,065 - src.inference - INFO - inference.py:213 - ✓ Generated in 0.30s
2025-12-16 23:49:22,797 - src.inference - INFO - inference.py:213 - ✓ Generated in 0.73s
2025-12-16 23:49:23,569 - src.inference - INFO - inference.py:213 - ✓ Generated in 0.77s
2025-12-16 23:49:24,039 - src.inference - INFO - inference.py:213 - ✓ Generated in 0.47s
2025-12-16 23:49:24,188 - src.inference - INFO - inference.py:213 - ✓ Generated in 0.15s
2025-12-16 23:49:24,534 - src.inference - INFO - inference.py:213 - ✓ Generated in 0.35s
2025-12-16 23:49:25,317 - src.inference - INFO - inference.py:213 - ✓ Generated in 0.78s
2025-12-16 23:49:25,810 - src.inference - INFO - inference.py:213 - ✓ Generated in 0.49s
2025-12-16 23:49:26,623 - src.inference - INFO - inference.py:213 - ✓ Generated in 0.81s
2025-12-16 23:49:26,873 - src.inference - INFO - inference.py:213 - ✓ Generated in 0.25s
2025-12-16 23:49:27,231 - src.inference - INFO - inference.py:213 - ✓ Generated in 0.36s
2025-12-16 23:49:27,432 - src.inference - INFO - inference.py:213 - ✓ Generated in 0.20s
2025-12-16 23:49:27,630 - src.inference - INFO - inference.py:213 - ✓ Generated in 0.20s
2025-12-16 23:49:27,976 - src.inference - INFO - inference.py:213 - ✓ Generated in 0.34s
2025-12-16 23:49:28,174 - src.inference - INFO - inference.py:213 - ✓ Generated in 0.20s
2025-12-16 23:49:28,668 - src.inference - INFO - inference.py:213 - ✓ Generated in 0.49s
2025-12-16 23:49:28,868 - src.inference - INFO - inference.py:213 - ✓ Generated in 0.20s
2025-12-16 23:49:29,528 - src.inference - INFO - inference.py:213 - ✓ Generated in 0.66s
2025-12-16 23:49:29,875 - src.inference - INFO - inference.py:213 - ✓ Generated in 0.35s
2025-12-16 23:49:30,125 - src.inference - INFO - inference.py:213 - ✓ Generated in 0.25s
2025-12-16 23:49:30,522 - src.inference - INFO - inference.py:213 - ✓ Generated in 0.40s
2025-12-16 23:49:31,281 - src.inference - INFO - inference.py:213 - ✓ Generated in 0.76s
2025-12-16 23:49:31,578 - src.inference - INFO - inference.py:213 - ✓ Generated in 0.30s
2025-12-16 23:49:31,777 - src.inference - INFO - inference.py:213 - ✓ Generated in 0.20s
2025-12-16 23:49:32,122 - src.inference - INFO - inference.py:213 - ✓ Generated in 0.34s
2025-12-16 23:49:32,463 - src.inference - INFO - inference.py:213 - ✓ Generated in 0.34s
2025-12-16 23:49:32,767 - src.inference - INFO - inference.py:213 - ✓ Generated in 0.30s
2025-12-16 23:49:33,065 - src.inference - INFO - inference.py:213 - ✓ Generated in 0.30s
2025-12-16 23:49:33,407 - src.inference - INFO - inference.py:213 - ✓ Generated in 0.34s
2025-12-16 23:49:33,853 - src.inference - INFO - inference.py:213 - ✓ Generated in 0.45s
2025-12-16 23:49:34,054 - src.inference - INFO - inference.py:213 - ✓ Generated in 0.20s
2025-12-16 23:49:34,635 - src.inference - INFO - inference.py:213 - ✓ Generated in 0.58s
2025-12-16 23:49:34,896 - src.inference - INFO - inference.py:213 - ✓ Generated in 0.26s
2025-12-16 23:49:35,193 - src.inference - INFO - inference.py:213 - ✓ Generated in 0.30s
2025-12-16 23:49:35,915 - src.inference - INFO - inference.py:213 - ✓ Generated in 0.72s
2025-12-16 23:49:36,164 - src.inference - INFO - inference.py:213 - ✓ Generated in 0.25s
2025-12-16 23:49:36,364 - src.inference - INFO - inference.py:213 - ✓ Generated in 0.20s
2025-12-16 23:49:36,515 - src.inference - INFO - inference.py:213 - ✓ Generated in 0.15s
2025-12-16 23:49:36,964 - src.inference - INFO - inference.py:213 - ✓ Generated in 0.45s
2025-12-16 23:49:37,163 - src.inference - INFO - inference.py:213 - ✓ Generated in 0.20s
2025-12-16 23:49:37,892 - src.inference - INFO - inference.py:213 - ✓ Generated in 0.73s
2025-12-16 23:49:38,141 - src.inference - INFO - inference.py:213 - ✓ Generated in 0.25s
2025-12-16 23:49:38,339 - src.inference - INFO - inference.py:213 - ✓ Generated in 0.20s
2025-12-16 23:49:38,927 - src.inference - INFO - inference.py:213 - ✓ Generated in 0.59s
2025-12-16 23:49:39,177 - src.inference - INFO - inference.py:213 - ✓ Generated in 0.25s
2025-12-16 23:49:39,980 - src.inference - INFO - inference.py:213 - ✓ Generated in 0.80s
2025-12-16 23:49:40,326 - src.inference - INFO - inference.py:213 - ✓ Generated in 0.35s
2025-12-16 23:49:40,578 - src.inference - INFO - inference.py:213 - ✓ Generated in 0.25s
2025-12-16 23:49:41,132 - src.inference - INFO - inference.py:213 - ✓ Generated in 0.55s
2025-12-16 23:49:41,331 - src.inference - INFO - inference.py:213 - ✓ Generated in 0.20s
2025-12-16 23:49:41,777 - src.inference - INFO - inference.py:213 - ✓ Generated in 0.45s
2025-12-16 23:49:42,023 - src.inference - INFO - inference.py:213 - ✓ Generated in 0.25s
2025-12-16 23:49:42,334 - src.inference - INFO - inference.py:213 - ✓ Generated in 0.31s
2025-12-16 23:49:42,729 - src.inference - INFO - inference.py:213 - ✓ Generated in 0.39s
2025-12-16 23:49:43,273 - src.inference - INFO - inference.py:213 - ✓ Generated in 0.54s
2025-12-16 23:49:43,424 - src.inference - INFO - inference.py:213 - ✓ Generated in 0.15s
2025-12-16 23:49:43,821 - src.inference - INFO - inference.py:213 - ✓ Generated in 0.40s
2025-12-16 23:49:44,070 - src.inference - INFO - inference.py:213 - ✓ Generated in 0.25s
2025-12-16 23:49:44,321 - src.inference - INFO - inference.py:213 - ✓ Generated in 0.25s
2025-12-16 23:49:44,700 - src.inference - INFO - inference.py:213 - ✓ Generated in 0.38s
2025-12-16 23:49:45,227 - src.inference - INFO - inference.py:213 - ✓ Generated in 0.53s
2025-12-16 23:49:45,475 - src.inference - INFO - inference.py:213 - ✓ Generated in 0.25s
2025-12-16 23:49:45,756 - src.inference - INFO - inference.py:213 - ✓ Generated in 0.28s
2025-12-16 23:49:46,686 - src.inference - INFO - inference.py:213 - ✓ Generated in 0.93s
2025-12-16 23:49:46,935 - src.inference - INFO - inference.py:213 - ✓ Generated in 0.25s
2025-12-16 23:49:47,184 - src.inference - INFO - inference.py:213 - ✓ Generated in 0.25s
2025-12-16 23:49:47,483 - src.inference - INFO - inference.py:213 - ✓ Generated in 0.30s
2025-12-16 23:49:47,633 - src.inference - INFO - inference.py:213 - ✓ Generated in 0.15s
2025-12-16 23:49:47,931 - src.inference - INFO - inference.py:213 - ✓ Generated in 0.30s
2025-12-16 23:49:48,333 - src.inference - INFO - inference.py:213 - ✓ Generated in 0.40s
2025-12-16 23:49:48,925 - src.inference - INFO - inference.py:213 - ✓ Generated in 0.59s
2025-12-16 23:49:49,075 - src.inference - INFO - inference.py:213 - ✓ Generated in 0.15s
2025-12-16 23:49:49,422 - src.inference - INFO - inference.py:213 - ✓ Generated in 0.35s
2025-12-16 23:49:49,965 - src.inference - INFO - inference.py:213 - ✓ Generated in 0.54s
2025-12-16 23:49:50,166 - src.inference - INFO - inference.py:213 - ✓ Generated in 0.20s
2025-12-16 23:49:50,670 - src.inference - INFO - inference.py:213 - ✓ Generated in 0.50s
2025-12-16 23:49:51,220 - src.inference - INFO - inference.py:213 - ✓ Generated in 0.55s
2025-12-16 23:49:51,468 - src.inference - INFO - inference.py:213 - ✓ Generated in 0.25s
2025-12-16 23:49:51,669 - src.inference - INFO - inference.py:213 - ✓ Generated in 0.20s
2025-12-16 23:49:52,063 - src.inference - INFO - inference.py:213 - ✓ Generated in 0.39s
2025-12-16 23:49:52,312 - src.inference - INFO - inference.py:213 - ✓ Generated in 0.25s
2025-12-16 23:49:52,559 - src.inference - INFO - inference.py:213 - ✓ Generated in 0.25s
2025-12-16 23:49:52,757 - src.inference - INFO - inference.py:213 - ✓ Generated in 0.20s
2025-12-16 23:49:53,297 - src.inference - INFO - inference.py:213 - ✓ Generated in 0.54s
2025-12-16 23:49:53,592 - src.inference - INFO - inference.py:213 - ✓ Generated in 0.30s
2025-12-16 23:49:55,634 - src.inference - INFO - inference.py:213 - ✓ Generated in 2.04s
2025-12-16 23:49:56,154 - src.inference - INFO - inference.py:213 - ✓ Generated in 0.52s
2025-12-16 23:49:56,661 - src.inference - INFO - inference.py:213 - ✓ Generated in 0.51s
2025-12-16 23:49:57,249 - src.inference - INFO - inference.py:213 - ✓ Generated in 0.59s
2025-12-16 23:49:57,497 - src.inference - INFO - inference.py:213 - ✓ Generated in 0.25s
2025-12-16 23:49:57,845 - src.inference - INFO - inference.py:213 - ✓ Generated in 0.35s
2025-12-16 23:49:58,094 - src.inference - INFO - inference.py:213 - ✓ Generated in 0.25s
2025-12-16 23:49:58,393 - src.inference - INFO - inference.py:213 - ✓ Generated in 0.30s
2025-12-16 23:49:58,642 - src.inference - INFO - inference.py:213 - ✓ Generated in 0.25s
2025-12-16 23:49:59,038 - src.inference - INFO - inference.py:213 - ✓ Generated in 0.40s
2025-12-16 23:49:59,790 - src.inference - INFO - inference.py:213 - ✓ Generated in 0.75s
2025-12-16 23:50:00,283 - src.inference - INFO - inference.py:213 - ✓ Generated in 0.49s
2025-12-16 23:50:00,531 - src.inference - INFO - inference.py:213 - ✓ Generated in 0.25s
2025-12-16 23:50:00,680 - src.inference - INFO - inference.py:213 - ✓ Generated in 0.15s
2025-12-16 23:50:01,009 - src.inference - INFO - inference.py:213 - ✓ Generated in 0.33s
2025-12-16 23:50:01,306 - src.inference - INFO - inference.py:213 - ✓ Generated in 0.30s
2025-12-16 23:50:01,555 - src.inference - INFO - inference.py:213 - ✓ Generated in 0.25s
2025-12-16 23:50:02,278 - src.inference - INFO - inference.py:213 - ✓ Generated in 0.72s
2025-12-16 23:50:02,626 - src.inference - INFO - inference.py:213 - ✓ Generated in 0.35s
2025-12-16 23:50:02,873 - src.inference - INFO - inference.py:213 - ✓ Generated in 0.25s
2025-12-16 23:50:03,134 - src.inference - INFO - inference.py:213 - ✓ Generated in 0.26s
2025-12-16 23:50:03,333 - src.inference - INFO - inference.py:213 - ✓ Generated in 0.20s
2025-12-16 23:50:03,629 - src.inference - INFO - inference.py:213 - ✓ Generated in 0.30s
2025-12-16 23:50:03,780 - src.inference - INFO - inference.py:213 - ✓ Generated in 0.15s
2025-12-16 23:50:04,128 - src.inference - INFO - inference.py:213 - ✓ Generated in 0.35s
2025-12-16 23:50:07,416 - src.inference - INFO - inference.py:213 - ✓ Generated in 3.29s
2025-12-16 23:50:07,761 - src.inference - INFO - inference.py:213 - ✓ Generated in 0.35s
2025-12-16 23:50:08,206 - src.inference - INFO - inference.py:213 - ✓ Generated in 0.44s
2025-12-16 23:50:08,407 - src.inference - INFO - inference.py:213 - ✓ Generated in 0.20s
2025-12-16 23:50:08,847 - src.inference - INFO - inference.py:213 - ✓ Generated in 0.44s
2025-12-16 23:50:09,244 - src.inference - INFO - inference.py:213 - ✓ Generated in 0.40s
2025-12-16 23:50:09,739 - src.inference - INFO - inference.py:213 - ✓ Generated in 0.49s
2025-12-16 23:50:10,086 - src.inference - INFO - inference.py:213 - ✓ Generated in 0.35s
2025-12-16 23:50:10,385 - src.inference - INFO - inference.py:213 - ✓ Generated in 0.30s
2025-12-16 23:50:10,746 - src.inference - INFO - inference.py:213 - ✓ Generated in 0.36s
2025-12-16 23:50:11,238 - src.inference - INFO - inference.py:213 - ✓ Generated in 0.49s
2025-12-16 23:50:11,630 - src.inference - INFO - inference.py:213 - ✓ Generated in 0.39s
2025-12-16 23:50:12,126 - src.inference - INFO - inference.py:213 - ✓ Generated in 0.49s
2025-12-16 23:50:12,426 - src.inference - INFO - inference.py:213 - ✓ Generated in 0.30s
2025-12-16 23:50:12,946 - src.inference - INFO - inference.py:213 - ✓ Generated in 0.52s
2025-12-16 23:50:13,193 - src.inference - INFO - inference.py:213 - ✓ Generated in 0.25s
2025-12-16 23:50:13,392 - src.inference - INFO - inference.py:213 - ✓ Generated in 0.20s
2025-12-16 23:50:13,591 - src.inference - INFO - inference.py:213 - ✓ Generated in 0.20s
2025-12-16 23:50:13,988 - src.inference - INFO - inference.py:213 - ✓ Generated in 0.40s
2025-12-16 23:50:14,286 - src.inference - INFO - inference.py:213 - ✓ Generated in 0.30s
2025-12-16 23:50:14,694 - src.inference - INFO - inference.py:213 - ✓ Generated in 0.41s
2025-12-16 23:50:15,524 - src.inference - INFO - inference.py:213 - ✓ Generated in 0.83s
2025-12-16 23:50:15,724 - src.inference - INFO - inference.py:213 - ✓ Generated in 0.20s
2025-12-16 23:50:16,022 - src.inference - INFO - inference.py:213 - ✓ Generated in 0.30s
2025-12-16 23:50:16,413 - src.inference - INFO - inference.py:213 - ✓ Generated in 0.39s
2025-12-16 23:50:16,614 - src.inference - INFO - inference.py:213 - ✓ Generated in 0.20s
2025-12-16 23:50:17,059 - src.inference - INFO - inference.py:213 - ✓ Generated in 0.44s
2025-12-16 23:50:17,419 - src.inference - INFO - inference.py:213 - ✓ Generated in 0.36s
2025-12-16 23:50:17,568 - src.inference - INFO - inference.py:213 - ✓ Generated in 0.15s
2025-12-16 23:50:18,285 - src.inference - INFO - inference.py:213 - ✓ Generated in 0.72s
2025-12-16 23:50:18,579 - src.inference - INFO - inference.py:213 - ✓ Generated in 0.29s
2025-12-16 23:50:19,311 - src.inference - INFO - inference.py:213 - ✓ Generated in 0.73s
2025-12-16 23:50:19,462 - src.inference - INFO - inference.py:213 - ✓ Generated in 0.15s
2025-12-16 23:50:19,956 - src.inference - INFO - inference.py:213 - ✓ Generated in 0.49s
2025-12-16 23:50:20,943 - src.inference - INFO - inference.py:213 - ✓ Generated in 0.99s
2025-12-16 23:50:21,424 - src.inference - INFO - inference.py:213 - ✓ Generated in 0.48s
2025-12-16 23:50:21,835 - src.inference - INFO - inference.py:213 - ✓ Generated in 0.41s
2025-12-16 23:50:22,133 - src.inference - INFO - inference.py:213 - ✓ Generated in 0.30s
2025-12-16 23:50:22,879 - src.inference - INFO - inference.py:213 - ✓ Generated in 0.75s
2025-12-16 23:50:23,080 - src.inference - INFO - inference.py:213 - ✓ Generated in 0.20s
2025-12-16 23:50:23,688 - src.inference - INFO - inference.py:213 - ✓ Generated in 0.61s
2025-12-16 23:50:24,078 - src.inference - INFO - inference.py:213 - ✓ Generated in 0.39s
2025-12-16 23:50:24,331 - src.inference - INFO - inference.py:213 - ✓ Generated in 0.25s
2025-12-16 23:50:24,529 - src.inference - INFO - inference.py:213 - ✓ Generated in 0.20s
2025-12-16 23:50:24,778 - src.inference - INFO - inference.py:213 - ✓ Generated in 0.25s
2025-12-16 23:50:25,029 - src.inference - INFO - inference.py:213 - ✓ Generated in 0.25s
2025-12-16 23:50:25,476 - src.inference - INFO - inference.py:213 - ✓ Generated in 0.45s
2025-12-16 23:50:25,674 - src.inference - INFO - inference.py:213 - ✓ Generated in 0.20s
2025-12-16 23:50:26,072 - src.inference - INFO - inference.py:213 - ✓ Generated in 0.40s
2025-12-16 23:50:26,370 - src.inference - INFO - inference.py:213 - ✓ Generated in 0.30s
2025-12-16 23:50:26,667 - src.inference - INFO - inference.py:213 - ✓ Generated in 0.30s
2025-12-16 23:50:26,865 - src.inference - INFO - inference.py:213 - ✓ Generated in 0.20s
2025-12-16 23:50:27,113 - src.inference - INFO - inference.py:213 - ✓ Generated in 0.25s
2025-12-16 23:50:27,799 - src.inference - INFO - inference.py:213 - ✓ Generated in 0.68s
2025-12-16 23:50:28,100 - src.inference - INFO - inference.py:213 - ✓ Generated in 0.30s
2025-12-16 23:50:28,298 - src.inference - INFO - inference.py:213 - ✓ Generated in 0.20s
2025-12-16 23:50:28,743 - src.inference - INFO - inference.py:213 - ✓ Generated in 0.44s
2025-12-16 23:50:29,038 - src.inference - INFO - inference.py:213 - ✓ Generated in 0.29s
2025-12-16 23:50:29,207 - src.inference - INFO - inference.py:213 - ✓ Generated in 0.17s
2025-12-16 23:50:29,455 - src.inference - INFO - inference.py:213 - ✓ Generated in 0.25s
2025-12-16 23:50:29,654 - src.inference - INFO - inference.py:213 - ✓ Generated in 0.20s
2025-12-16 23:50:30,027 - src.inference - INFO - inference.py:213 - ✓ Generated in 0.37s
2025-12-16 23:50:30,374 - src.inference - INFO - inference.py:213 - ✓ Generated in 0.35s
2025-12-16 23:50:30,682 - src.inference - INFO - inference.py:213 - ✓ Generated in 0.31s
2025-12-16 23:50:31,039 - src.inference - INFO - inference.py:213 - ✓ Generated in 0.36s
2025-12-16 23:50:31,384 - src.inference - INFO - inference.py:213 - ✓ Generated in 0.34s
2025-12-16 23:50:31,783 - src.inference - INFO - inference.py:213 - ✓ Generated in 0.40s
2025-12-16 23:50:32,085 - src.inference - INFO - inference.py:213 - ✓ Generated in 0.30s
2025-12-16 23:50:32,567 - src.inference - INFO - inference.py:213 - ✓ Generated in 0.48s
2025-12-16 23:50:33,371 - src.inference - INFO - inference.py:213 - ✓ Generated in 0.80s
2025-12-16 23:50:33,816 - src.inference - INFO - inference.py:213 - ✓ Generated in 0.44s
2025-12-16 23:50:33,967 - src.inference - INFO - inference.py:213 - ✓ Generated in 0.15s
2025-12-16 23:50:34,412 - src.inference - INFO - inference.py:213 - ✓ Generated in 0.44s
2025-12-16 23:50:34,561 - src.inference - INFO - inference.py:213 - ✓ Generated in 0.15s
2025-12-16 23:50:34,858 - src.inference - INFO - inference.py:213 - ✓ Generated in 0.30s
2025-12-16 23:50:35,439 - src.inference - INFO - inference.py:213 - ✓ Generated in 0.58s
2025-12-16 23:50:35,688 - src.inference - INFO - inference.py:213 - ✓ Generated in 0.25s
2025-12-16 23:50:36,085 - src.inference - INFO - inference.py:213 - ✓ Generated in 0.40s
2025-12-16 23:50:36,532 - src.inference - INFO - inference.py:213 - ✓ Generated in 0.45s
2025-12-16 23:50:36,745 - src.inference - INFO - inference.py:213 - ✓ Generated in 0.21s
2025-12-16 23:50:37,151 - src.inference - INFO - inference.py:213 - ✓ Generated in 0.41s
2025-12-16 23:50:37,596 - src.inference - INFO - inference.py:213 - ✓ Generated in 0.44s
2025-12-16 23:50:37,796 - src.inference - INFO - inference.py:213 - ✓ Generated in 0.20s
2025-12-16 23:50:38,095 - src.inference - INFO - inference.py:213 - ✓ Generated in 0.30s
2025-12-16 23:50:38,440 - src.inference - INFO - inference.py:213 - ✓ Generated in 0.34s
2025-12-16 23:50:38,885 - src.inference - INFO - inference.py:213 - ✓ Generated in 0.44s
2025-12-16 23:50:39,662 - src.inference - INFO - inference.py:213 - ✓ Generated in 0.78s
2025-12-16 23:50:39,942 - src.inference - INFO - inference.py:213 - ✓ Generated in 0.28s
2025-12-16 23:50:40,255 - src.inference - INFO - inference.py:213 - ✓ Generated in 0.31s
2025-12-16 23:50:40,713 - src.inference - INFO - inference.py:213 - ✓ Generated in 0.46s
2025-12-16 23:50:41,010 - src.inference - INFO - inference.py:213 - ✓ Generated in 0.30s
2025-12-16 23:50:41,430 - src.inference - INFO - inference.py:213 - ✓ Generated in 0.42s
2025-12-16 23:50:42,066 - src.inference - INFO - inference.py:213 - ✓ Generated in 0.64s
2025-12-16 23:50:42,461 - src.inference - INFO - inference.py:213 - ✓ Generated in 0.39s
2025-12-16 23:50:42,757 - src.inference - INFO - inference.py:213 - ✓ Generated in 0.30s
2025-12-16 23:50:43,570 - src.inference - INFO - inference.py:213 - ✓ Generated in 0.81s
2025-12-16 23:50:43,867 - src.inference - INFO - inference.py:213 - ✓ Generated in 0.30s
2025-12-16 23:50:44,163 - src.inference - INFO - inference.py:213 - ✓ Generated in 0.30s
2025-12-16 23:50:44,459 - src.inference - INFO - inference.py:213 - ✓ Generated in 0.30s
2025-12-16 23:50:46,099 - src.inference - INFO - inference.py:213 - ✓ Generated in 1.64s
2025-12-16 23:50:46,887 - src.inference - INFO - inference.py:213 - ✓ Generated in 0.79s
2025-12-16 23:50:47,182 - src.inference - INFO - inference.py:213 - ✓ Generated in 0.29s
2025-12-16 23:50:48,018 - src.inference - INFO - inference.py:213 - ✓ Generated in 0.84s
2025-12-16 23:50:48,837 - src.inference - INFO - inference.py:213 - ✓ Generated in 0.82s
2025-12-16 23:50:49,035 - src.inference - INFO - inference.py:213 - ✓ Generated in 0.20s
2025-12-16 23:50:49,816 - src.inference - INFO - inference.py:213 - ✓ Generated in 0.78s
2025-12-16 23:50:50,064 - src.inference - INFO - inference.py:213 - ✓ Generated in 0.25s
2025-12-16 23:50:50,312 - src.inference - INFO - inference.py:213 - ✓ Generated in 0.25s
2025-12-16 23:50:50,511 - src.inference - INFO - inference.py:213 - ✓ Generated in 0.20s
2025-12-16 23:50:50,806 - src.inference - INFO - inference.py:213 - ✓ Generated in 0.30s
2025-12-16 23:50:51,152 - src.inference - INFO - inference.py:213 - ✓ Generated in 0.35s
2025-12-16 23:50:51,545 - src.inference - INFO - inference.py:213 - ✓ Generated in 0.39s
2025-12-16 23:50:51,793 - src.inference - INFO - inference.py:213 - ✓ Generated in 0.25s
2025-12-16 23:50:52,591 - src.inference - INFO - inference.py:213 - ✓ Generated in 0.80s
2025-12-16 23:50:52,790 - src.inference - INFO - inference.py:213 - ✓ Generated in 0.20s
2025-12-16 23:50:52,991 - src.inference - INFO - inference.py:213 - ✓ Generated in 0.20s
2025-12-16 23:50:53,540 - src.inference - INFO - inference.py:213 - ✓ Generated in 0.55s
2025-12-16 23:50:53,983 - src.inference - INFO - inference.py:213 - ✓ Generated in 0.44s
2025-12-16 23:50:54,180 - src.inference - INFO - inference.py:213 - ✓ Generated in 0.20s
2025-12-16 23:50:54,428 - src.inference - INFO - inference.py:213 - ✓ Generated in 0.25s
2025-12-16 23:50:54,677 - src.inference - INFO - inference.py:213 - ✓ Generated in 0.25s
2025-12-16 23:50:55,266 - src.inference - INFO - inference.py:213 - ✓ Generated in 0.59s
2025-12-16 23:50:55,595 - src.inference - INFO - inference.py:213 - ✓ Generated in 0.33s
2025-12-16 23:50:56,267 - src.inference - INFO - inference.py:213 - ✓ Generated in 0.67s
2025-12-16 23:50:56,596 - src.inference - INFO - inference.py:213 - ✓ Generated in 0.33s
2025-12-16 23:50:56,941 - src.inference - INFO - inference.py:213 - ✓ Generated in 0.34s
2025-12-16 23:50:57,090 - src.inference - INFO - inference.py:213 - ✓ Generated in 0.15s
2025-12-16 23:50:57,338 - src.inference - INFO - inference.py:213 - ✓ Generated in 0.25s
2025-12-16 23:50:57,832 - src.inference - INFO - inference.py:213 - ✓ Generated in 0.49s
2025-12-16 23:50:58,177 - src.inference - INFO - inference.py:213 - ✓ Generated in 0.34s
2025-12-16 23:50:58,427 - src.inference - INFO - inference.py:213 - ✓ Generated in 0.25s
2025-12-16 23:50:58,627 - src.inference - INFO - inference.py:213 - ✓ Generated in 0.20s
2025-12-16 23:50:58,923 - src.inference - INFO - inference.py:213 - ✓ Generated in 0.30s
2025-12-16 23:50:59,565 - src.inference - INFO - inference.py:213 - ✓ Generated in 0.64s
2025-12-16 23:50:59,812 - src.inference - INFO - inference.py:213 - ✓ Generated in 0.25s
2025-12-16 23:51:00,010 - src.inference - INFO - inference.py:213 - ✓ Generated in 0.20s
2025-12-16 23:51:00,503 - src.inference - INFO - inference.py:213 - ✓ Generated in 0.49s
2025-12-16 23:51:00,853 - src.inference - INFO - inference.py:213 - ✓ Generated in 0.35s
2025-12-16 23:51:01,202 - src.inference - INFO - inference.py:213 - ✓ Generated in 0.35s
2025-12-16 23:51:01,548 - src.inference - INFO - inference.py:213 - ✓ Generated in 0.35s
2025-12-16 23:51:02,075 - src.inference - INFO - inference.py:213 - ✓ Generated in 0.53s
2025-12-16 23:51:02,421 - src.inference - INFO - inference.py:213 - ✓ Generated in 0.35s
2025-12-16 23:51:02,522 - src.inference - INFO - inference.py:213 - ✓ Generated in 0.10s
2025-12-16 23:51:02,867 - src.inference - INFO - inference.py:213 - ✓ Generated in 0.34s
2025-12-16 23:51:03,408 - src.inference - INFO - inference.py:213 - ✓ Generated in 0.54s
2025-12-16 23:51:03,753 - src.inference - INFO - inference.py:213 - ✓ Generated in 0.34s
2025-12-16 23:51:04,211 - src.inference - INFO - inference.py:213 - ✓ Generated in 0.46s
2025-12-16 23:51:04,737 - src.inference - INFO - inference.py:213 - ✓ Generated in 0.53s
2025-12-16 23:51:04,889 - src.inference - INFO - inference.py:213 - ✓ Generated in 0.15s
2025-12-16 23:51:05,137 - src.inference - INFO - inference.py:213 - ✓ Generated in 0.25s
2025-12-16 23:51:05,486 - src.inference - INFO - inference.py:213 - ✓ Generated in 0.35s
2025-12-16 23:51:05,986 - src.inference - INFO - inference.py:213 - ✓ Generated in 0.50s
2025-12-16 23:51:06,549 - src.inference - INFO - inference.py:213 - ✓ Generated in 0.56s
2025-12-16 23:51:06,961 - src.inference - INFO - inference.py:213 - ✓ Generated in 0.41s
2025-12-16 23:51:07,268 - src.inference - INFO - inference.py:213 - ✓ Generated in 0.31s
2025-12-16 23:51:07,615 - src.inference - INFO - inference.py:213 - ✓ Generated in 0.35s
2025-12-16 23:51:07,911 - src.inference - INFO - inference.py:213 - ✓ Generated in 0.30s
2025-12-16 23:51:08,158 - src.inference - INFO - inference.py:213 - ✓ Generated in 0.25s
2025-12-16 23:51:08,765 - src.inference - INFO - inference.py:213 - ✓ Generated in 0.61s
2025-12-16 23:51:09,015 - src.inference - INFO - inference.py:213 - ✓ Generated in 0.25s
2025-12-16 23:51:10,907 - src.inference - INFO - inference.py:213 - ✓ Generated in 1.89s
2025-12-16 23:51:11,477 - src.inference - INFO - inference.py:213 - ✓ Generated in 0.57s
2025-12-16 23:51:11,896 - src.inference - INFO - inference.py:213 - ✓ Generated in 0.42s
2025-12-16 23:51:12,047 - src.inference - INFO - inference.py:213 - ✓ Generated in 0.15s
2025-12-16 23:51:12,442 - src.inference - INFO - inference.py:213 - ✓ Generated in 0.39s
2025-12-16 23:51:12,937 - src.inference - INFO - inference.py:213 - ✓ Generated in 0.49s
2025-12-16 23:51:13,525 - src.inference - INFO - inference.py:213 - ✓ Generated in 0.59s
2025-12-16 23:51:13,823 - src.inference - INFO - inference.py:213 - ✓ Generated in 0.30s
2025-12-16 23:51:13,971 - src.inference - INFO - inference.py:213 - ✓ Generated in 0.15s
2025-12-16 23:51:14,218 - src.inference - INFO - inference.py:213 - ✓ Generated in 0.25s
2025-12-16 23:51:14,566 - src.inference - INFO - inference.py:213 - ✓ Generated in 0.35s
2025-12-16 23:51:14,863 - src.inference - INFO - inference.py:213 - ✓ Generated in 0.30s
2025-12-16 23:51:15,112 - src.inference - INFO - inference.py:213 - ✓ Generated in 0.25s
2025-12-16 23:51:15,460 - src.inference - INFO - inference.py:213 - ✓ Generated in 0.35s
2025-12-16 23:51:15,806 - src.inference - INFO - inference.py:213 - ✓ Generated in 0.35s
2025-12-16 23:51:16,055 - src.inference - INFO - inference.py:213 - ✓ Generated in 0.25s
2025-12-16 23:51:17,042 - src.inference - INFO - inference.py:213 - ✓ Generated in 0.99s
2025-12-16 23:51:17,586 - src.inference - INFO - inference.py:213 - ✓ Generated in 0.54s
2025-12-16 23:51:18,131 - src.inference - INFO - inference.py:213 - ✓ Generated in 0.54s
2025-12-16 23:51:19,044 - src.inference - INFO - inference.py:213 - ✓ Generated in 0.91s
2025-12-16 23:51:19,294 - src.inference - INFO - inference.py:213 - ✓ Generated in 0.25s
2025-12-16 23:51:19,662 - src.inference - INFO - inference.py:213 - ✓ Generated in 0.37s
2025-12-16 23:51:20,008 - src.inference - INFO - inference.py:213 - ✓ Generated in 0.35s
2025-12-16 23:51:20,404 - src.inference - INFO - inference.py:213 - ✓ Generated in 0.40s
2025-12-16 23:51:20,702 - src.inference - INFO - inference.py:213 - ✓ Generated in 0.30s
2025-12-16 23:51:20,949 - src.inference - INFO - inference.py:213 - ✓ Generated in 0.25s
2025-12-16 23:51:21,198 - src.inference - INFO - inference.py:213 - ✓ Generated in 0.25s
2025-12-16 23:51:21,398 - src.inference - INFO - inference.py:213 - ✓ Generated in 0.20s
2025-12-16 23:51:21,714 - src.inference - INFO - inference.py:213 - ✓ Generated in 0.32s
2025-12-16 23:51:22,307 - src.inference - INFO - inference.py:213 - ✓ Generated in 0.59s
2025-12-16 23:51:22,606 - src.inference - INFO - inference.py:213 - ✓ Generated in 0.30s
2025-12-16 23:51:23,951 - src.inference - INFO - inference.py:213 - ✓ Generated in 1.34s
2025-12-16 23:51:24,298 - src.inference - INFO - inference.py:213 - ✓ Generated in 0.35s
2025-12-16 23:51:24,777 - src.inference - INFO - inference.py:213 - ✓ Generated in 0.48s
2025-12-16 23:51:25,075 - src.inference - INFO - inference.py:213 - ✓ Generated in 0.30s
2025-12-16 23:51:25,225 - src.inference - INFO - inference.py:213 - ✓ Generated in 0.15s
2025-12-16 23:51:25,474 - src.inference - INFO - inference.py:213 - ✓ Generated in 0.25s
2025-12-16 23:51:25,874 - src.inference - INFO - inference.py:213 - ✓ Generated in 0.40s
2025-12-16 23:51:26,221 - src.inference - INFO - inference.py:213 - ✓ Generated in 0.35s
2025-12-16 23:51:26,520 - src.inference - INFO - inference.py:213 - ✓ Generated in 0.30s
2025-12-16 23:51:26,818 - src.inference - INFO - inference.py:213 - ✓ Generated in 0.30s
2025-12-16 23:51:27,261 - src.inference - INFO - inference.py:213 - ✓ Generated in 0.44s
2025-12-16 23:51:27,903 - src.inference - INFO - inference.py:213 - ✓ Generated in 0.64s
2025-12-16 23:51:28,430 - src.inference - INFO - inference.py:213 - ✓ Generated in 0.53s
2025-12-16 23:51:28,580 - src.inference - INFO - inference.py:213 - ✓ Generated in 0.15s
2025-12-16 23:51:29,237 - src.inference - INFO - inference.py:213 - ✓ Generated in 0.66s
2025-12-16 23:51:29,486 - src.inference - INFO - inference.py:213 - ✓ Generated in 0.25s
2025-12-16 23:51:29,734 - src.inference - INFO - inference.py:213 - ✓ Generated in 0.25s
2025-12-16 23:51:29,884 - src.inference - INFO - inference.py:213 - ✓ Generated in 0.15s
2025-12-16 23:51:31,080 - src.inference - INFO - inference.py:213 - ✓ Generated in 1.20s
2025-12-16 23:51:31,377 - src.inference - INFO - inference.py:213 - ✓ Generated in 0.30s
2025-12-16 23:51:32,008 - src.inference - INFO - inference.py:213 - ✓ Generated in 0.63s
2025-12-16 23:51:32,679 - src.inference - INFO - inference.py:213 - ✓ Generated in 0.67s
2025-12-16 23:51:32,927 - src.inference - INFO - inference.py:213 - ✓ Generated in 0.25s
2025-12-16 23:51:33,546 - src.inference - INFO - inference.py:213 - ✓ Generated in 0.62s
2025-12-16 23:51:33,843 - src.inference - INFO - inference.py:213 - ✓ Generated in 0.30s
2025-12-16 23:51:33,992 - src.inference - INFO - inference.py:213 - ✓ Generated in 0.15s
2025-12-16 23:51:34,190 - src.inference - INFO - inference.py:213 - ✓ Generated in 0.20s
2025-12-16 23:51:35,257 - src.inference - INFO - inference.py:213 - ✓ Generated in 1.07s
2025-12-16 23:51:35,846 - src.inference - INFO - inference.py:213 - ✓ Generated in 0.59s
2025-12-16 23:51:36,440 - src.inference - INFO - inference.py:213 - ✓ Generated in 0.59s
2025-12-16 23:51:36,753 - src.inference - INFO - inference.py:213 - ✓ Generated in 0.31s
2025-12-16 23:51:37,974 - src.inference - INFO - inference.py:213 - ✓ Generated in 1.22s
2025-12-16 23:51:38,517 - src.inference - INFO - inference.py:213 - ✓ Generated in 0.54s
2025-12-16 23:51:38,668 - src.inference - INFO - inference.py:213 - ✓ Generated in 0.15s
2025-12-16 23:51:38,966 - src.inference - INFO - inference.py:213 - ✓ Generated in 0.30s
2025-12-16 23:51:39,263 - src.inference - INFO - inference.py:213 - ✓ Generated in 0.30s
2025-12-16 23:51:39,607 - src.inference - INFO - inference.py:213 - ✓ Generated in 0.34s
2025-12-16 23:51:40,536 - src.inference - INFO - inference.py:213 - ✓ Generated in 0.93s
2025-12-16 23:51:40,834 - src.inference - INFO - inference.py:213 - ✓ Generated in 0.30s
2025-12-17 00:04:44,296 - src.inference - INFO - inference.py:48 - ============================================================
2025-12-17 00:04:44,297 - src.inference - INFO - inference.py:49 - Initializing Chatbot Inference
2025-12-17 00:04:44,297 - src.inference - INFO - inference.py:50 - Base model: /root/autodl-tmp/modelscope/hub/models/ZhipuAI/chatglm3-6b
2025-12-17 00:04:44,297 - src.inference - INFO - inference.py:51 - LoRA weights: checkpoints/best_model
2025-12-17 00:04:44,297 - src.inference - INFO - inference.py:52 - Device: cuda
2025-12-17 00:04:44,297 - src.inference - INFO - inference.py:53 - FP16: False
2025-12-17 00:04:44,297 - src.inference - INFO - inference.py:54 - ============================================================
2025-12-17 00:04:48,310 - src.inference - INFO - inference.py:81 - Loading config...
2025-12-17 00:04:48,315 - src.inference - INFO - inference.py:99 - Loading tokenizer...
2025-12-17 00:04:48,544 - src.inference - INFO - inference.py:109 - Loading model...
2025-12-17 00:04:49,148 - accelerate.utils.modeling - INFO - modeling.py:987 - We will use 90% of the memory on device 0 for storing the model, and 10% for the buffer to avoid OOM. You can set `max_memory` in to a higher value to use more memory (at your own risk).
2025-12-17 00:05:03,814 - src.inference - INFO - inference.py:119 - Loading LoRA weights from: checkpoints/best_model
2025-12-17 00:05:04,105 - src.inference - INFO - inference.py:128 - Merging LoRA weights into base model...
2025-12-17 00:05:04,212 - src.inference - INFO - inference.py:130 - ✓ LoRA weights merged successfully
2025-12-17 00:05:04,213 - src.inference - INFO - inference.py:141 - ✓ Added _extract_past_from_model_output method
2025-12-17 00:05:04,213 - src.inference - INFO - inference.py:158 - ✓ Patched _update_model_kwargs_for_generation method
2025-12-17 00:05:04,214 - src.inference - INFO - inference.py:161 - ✓ Model loaded in torch.float32
2025-12-17 00:05:04,214 - src.inference - INFO - inference.py:69 - Chatbot initialized successfully!

2025-12-17 00:05:22,998 - src.inference - INFO - inference.py:213 - ✓ Generated in 1.07s
2025-12-17 00:05:31,620 - src.inference - INFO - inference.py:213 - ✓ Generated in 0.42s
2025-12-17 00:05:39,333 - src.inference - INFO - inference.py:213 - ✓ Generated in 0.45s
2025-12-17 00:05:48,579 - src.inference - INFO - inference.py:213 - ✓ Generated in 0.71s
2025-12-17 00:05:59,837 - src.inference - INFO - inference.py:213 - ✓ Generated in 0.21s
2025-12-17 00:08:34,291 - src.inference - INFO - inference.py:213 - ✓ Generated in 0.16s
2025-12-17 00:08:41,057 - src.inference - INFO - inference.py:213 - ✓ Generated in 0.23s
2025-12-17 00:12:33,834 - src.inference - INFO - inference.py:48 - ============================================================
2025-12-17 00:12:33,836 - src.inference - INFO - inference.py:49 - Initializing Chatbot Inference
2025-12-17 00:12:33,836 - src.inference - INFO - inference.py:50 - Base model: /root/autodl-tmp/modelscope/hub/models/ZhipuAI/chatglm3-6b
2025-12-17 00:12:33,836 - src.inference - INFO - inference.py:51 - LoRA weights: checkpoints/best_model
2025-12-17 00:12:33,836 - src.inference - INFO - inference.py:52 - Device: cuda
2025-12-17 00:12:33,836 - src.inference - INFO - inference.py:53 - FP16: False
2025-12-17 00:12:33,837 - src.inference - INFO - inference.py:54 - ============================================================
2025-12-17 00:12:37,755 - src.inference - INFO - inference.py:81 - Loading config...
2025-12-17 00:12:37,759 - src.inference - INFO - inference.py:99 - Loading tokenizer...
2025-12-17 00:12:37,986 - src.inference - INFO - inference.py:109 - Loading model...
2025-12-17 00:12:38,576 - accelerate.utils.modeling - INFO - modeling.py:987 - We will use 90% of the memory on device 0 for storing the model, and 10% for the buffer to avoid OOM. You can set `max_memory` in to a higher value to use more memory (at your own risk).
2025-12-17 00:12:52,894 - src.inference - INFO - inference.py:119 - Loading LoRA weights from: checkpoints/best_model
2025-12-17 00:12:53,162 - src.inference - INFO - inference.py:128 - Merging LoRA weights into base model...
2025-12-17 00:12:53,271 - src.inference - INFO - inference.py:130 - ✓ LoRA weights merged successfully
2025-12-17 00:12:53,271 - src.inference - INFO - inference.py:141 - ✓ Added _extract_past_from_model_output method
2025-12-17 00:12:53,271 - src.inference - INFO - inference.py:158 - ✓ Patched _update_model_kwargs_for_generation method
2025-12-17 00:12:53,273 - src.inference - INFO - inference.py:161 - ✓ Model loaded in torch.float32
2025-12-17 00:12:53,273 - src.inference - INFO - inference.py:69 - Chatbot initialized successfully!

2025-12-17 00:13:58,951 - src.inference - INFO - inference.py:48 - ============================================================
2025-12-17 00:13:58,951 - src.inference - INFO - inference.py:49 - Initializing Chatbot Inference
2025-12-17 00:13:58,951 - src.inference - INFO - inference.py:50 - Base model: /root/autodl-tmp/modelscope/hub/models/ZhipuAI/chatglm3-6b
2025-12-17 00:13:58,951 - src.inference - INFO - inference.py:51 - LoRA weights: checkpoints/best_model
2025-12-17 00:13:58,951 - src.inference - INFO - inference.py:52 - Device: cuda
2025-12-17 00:13:58,952 - src.inference - INFO - inference.py:53 - FP16: False
2025-12-17 00:13:58,952 - src.inference - INFO - inference.py:54 - ============================================================
2025-12-17 00:14:02,593 - src.inference - INFO - inference.py:81 - Loading config...
2025-12-17 00:14:02,597 - src.inference - INFO - inference.py:99 - Loading tokenizer...
2025-12-17 00:14:02,815 - src.inference - INFO - inference.py:109 - Loading model...
2025-12-17 00:14:03,370 - accelerate.utils.modeling - INFO - modeling.py:987 - We will use 90% of the memory on device 0 for storing the model, and 10% for the buffer to avoid OOM. You can set `max_memory` in to a higher value to use more memory (at your own risk).
2025-12-17 00:14:16,561 - src.inference - INFO - inference.py:119 - Loading LoRA weights from: checkpoints/best_model
2025-12-17 00:14:16,797 - src.inference - INFO - inference.py:128 - Merging LoRA weights into base model...
2025-12-17 00:14:16,893 - src.inference - INFO - inference.py:130 - ✓ LoRA weights merged successfully
2025-12-17 00:14:16,893 - src.inference - INFO - inference.py:141 - ✓ Added _extract_past_from_model_output method
2025-12-17 00:14:16,893 - src.inference - INFO - inference.py:158 - ✓ Patched _update_model_kwargs_for_generation method
2025-12-17 00:14:16,895 - src.inference - INFO - inference.py:161 - ✓ Model loaded in torch.float32
2025-12-17 00:14:16,895 - src.inference - INFO - inference.py:69 - Chatbot initialized successfully!

2025-12-17 00:14:42,986 - src.inference - INFO - inference.py:48 - ============================================================
2025-12-17 00:14:42,988 - src.inference - INFO - inference.py:49 - Initializing Chatbot Inference
2025-12-17 00:14:42,988 - src.inference - INFO - inference.py:50 - Base model: /root/autodl-tmp/modelscope/hub/models/ZhipuAI/chatglm3-6b
2025-12-17 00:14:42,988 - src.inference - INFO - inference.py:51 - LoRA weights: checkpoints/best_model
2025-12-17 00:14:42,988 - src.inference - INFO - inference.py:52 - Device: cuda
2025-12-17 00:14:42,989 - src.inference - INFO - inference.py:53 - FP16: False
2025-12-17 00:14:42,989 - src.inference - INFO - inference.py:54 - ============================================================
2025-12-17 00:14:47,259 - src.inference - INFO - inference.py:81 - Loading config...
2025-12-17 00:14:47,264 - src.inference - INFO - inference.py:99 - Loading tokenizer...
2025-12-17 00:14:47,557 - src.inference - INFO - inference.py:109 - Loading model...
2025-12-17 00:14:48,300 - accelerate.utils.modeling - INFO - modeling.py:987 - We will use 90% of the memory on device 0 for storing the model, and 10% for the buffer to avoid OOM. You can set `max_memory` in to a higher value to use more memory (at your own risk).
2025-12-17 00:15:02,131 - src.inference - INFO - inference.py:119 - Loading LoRA weights from: checkpoints/best_model
2025-12-17 00:15:02,446 - src.inference - INFO - inference.py:128 - Merging LoRA weights into base model...
2025-12-17 00:15:02,561 - src.inference - INFO - inference.py:130 - ✓ LoRA weights merged successfully
2025-12-17 00:15:02,561 - src.inference - INFO - inference.py:141 - ✓ Added _extract_past_from_model_output method
2025-12-17 00:15:02,562 - src.inference - INFO - inference.py:158 - ✓ Patched _update_model_kwargs_for_generation method
2025-12-17 00:15:02,563 - src.inference - INFO - inference.py:161 - ✓ Model loaded in torch.float32
2025-12-17 00:15:02,563 - src.inference - INFO - inference.py:69 - Chatbot initialized successfully!

2025-12-17 00:15:03,330 - httpx - INFO - _client.py:1025 - HTTP Request: GET https://api.gradio.app/pkg-version "HTTP/1.1 200 OK"
2025-12-17 16:14:25,096 - src.inference - INFO - inference.py:48 - ============================================================
2025-12-17 16:14:25,097 - src.inference - INFO - inference.py:49 - Initializing Chatbot Inference
2025-12-17 16:14:25,097 - src.inference - INFO - inference.py:50 - Base model: /root/autodl-tmp/modelscope/hub/models/ZhipuAI/chatglm3-6b
2025-12-17 16:14:25,097 - src.inference - INFO - inference.py:51 - LoRA weights: checkpoints/best_model
2025-12-17 16:14:25,097 - src.inference - INFO - inference.py:52 - Device: cuda
2025-12-17 16:14:25,097 - src.inference - INFO - inference.py:53 - FP16: False
2025-12-17 16:14:25,097 - src.inference - INFO - inference.py:54 - ============================================================
2025-12-17 16:14:29,896 - src.inference - INFO - inference.py:81 - Loading config...
2025-12-17 16:14:29,901 - src.inference - INFO - inference.py:99 - Loading tokenizer...
2025-12-17 16:14:30,138 - src.inference - INFO - inference.py:109 - Loading model...
2025-12-17 16:14:30,757 - accelerate.utils.modeling - INFO - modeling.py:987 - We will use 90% of the memory on device 0 for storing the model, and 10% for the buffer to avoid OOM. You can set `max_memory` in to a higher value to use more memory (at your own risk).
2025-12-17 16:16:01,688 - src.inference - INFO - inference.py:119 - Loading LoRA weights from: checkpoints/best_model
2025-12-17 16:16:02,033 - src.inference - INFO - inference.py:128 - Merging LoRA weights into base model...
2025-12-17 16:16:02,207 - src.inference - INFO - inference.py:130 - ✓ LoRA weights merged successfully
2025-12-17 16:16:02,208 - src.inference - INFO - inference.py:141 - ✓ Added _extract_past_from_model_output method
2025-12-17 16:16:02,208 - src.inference - INFO - inference.py:158 - ✓ Patched _update_model_kwargs_for_generation method
2025-12-17 16:16:02,209 - src.inference - INFO - inference.py:161 - ✓ Model loaded in torch.float32
2025-12-17 16:16:02,209 - src.inference - INFO - inference.py:69 - Chatbot initialized successfully!

2025-12-17 16:16:04,162 - httpx - INFO - _client.py:1025 - HTTP Request: GET https://api.gradio.app/pkg-version "HTTP/1.1 200 OK"
2025-12-17 16:20:43,766 - src.inference - INFO - inference.py:48 - ============================================================
2025-12-17 16:20:43,766 - src.inference - INFO - inference.py:49 - Initializing Chatbot Inference
2025-12-17 16:20:43,766 - src.inference - INFO - inference.py:50 - Base model: /root/autodl-tmp/modelscope/hub/models/ZhipuAI/chatglm3-6b
2025-12-17 16:20:43,766 - src.inference - INFO - inference.py:51 - LoRA weights: checkpoints/best_model
2025-12-17 16:20:43,766 - src.inference - INFO - inference.py:52 - Device: cuda
2025-12-17 16:20:43,766 - src.inference - INFO - inference.py:53 - FP16: False
2025-12-17 16:20:43,767 - src.inference - INFO - inference.py:54 - ============================================================
2025-12-17 16:20:48,496 - src.inference - INFO - inference.py:81 - Loading config...
2025-12-17 16:20:48,501 - src.inference - INFO - inference.py:99 - Loading tokenizer...
2025-12-17 16:20:48,762 - src.inference - INFO - inference.py:109 - Loading model...
2025-12-17 16:20:49,389 - accelerate.utils.modeling - INFO - modeling.py:987 - We will use 90% of the memory on device 0 for storing the model, and 10% for the buffer to avoid OOM. You can set `max_memory` in to a higher value to use more memory (at your own risk).
2025-12-17 16:21:07,535 - src.inference - INFO - inference.py:119 - Loading LoRA weights from: checkpoints/best_model
2025-12-17 16:21:07,781 - src.inference - INFO - inference.py:128 - Merging LoRA weights into base model...
2025-12-17 16:21:07,885 - src.inference - INFO - inference.py:130 - ✓ LoRA weights merged successfully
2025-12-17 16:21:07,886 - src.inference - INFO - inference.py:141 - ✓ Added _extract_past_from_model_output method
2025-12-17 16:21:07,886 - src.inference - INFO - inference.py:158 - ✓ Patched _update_model_kwargs_for_generation method
2025-12-17 16:21:07,887 - src.inference - INFO - inference.py:161 - ✓ Model loaded in torch.float32
2025-12-17 16:21:07,887 - src.inference - INFO - inference.py:69 - Chatbot initialized successfully!

2025-12-17 16:21:27,005 - src.inference - INFO - inference.py:48 - ============================================================
2025-12-17 16:21:27,006 - src.inference - INFO - inference.py:49 - Initializing Chatbot Inference
2025-12-17 16:21:27,006 - src.inference - INFO - inference.py:50 - Base model: /root/autodl-tmp/modelscope/hub/models/ZhipuAI/chatglm3-6b
2025-12-17 16:21:27,006 - src.inference - INFO - inference.py:51 - LoRA weights: checkpoints/best_model
2025-12-17 16:21:27,006 - src.inference - INFO - inference.py:52 - Device: cuda
2025-12-17 16:21:27,006 - src.inference - INFO - inference.py:53 - FP16: False
2025-12-17 16:21:27,006 - src.inference - INFO - inference.py:54 - ============================================================
2025-12-17 16:21:30,591 - src.inference - INFO - inference.py:81 - Loading config...
2025-12-17 16:21:30,594 - src.inference - INFO - inference.py:99 - Loading tokenizer...
2025-12-17 16:21:30,820 - src.inference - INFO - inference.py:109 - Loading model...
2025-12-17 16:21:31,364 - accelerate.utils.modeling - INFO - modeling.py:987 - We will use 90% of the memory on device 0 for storing the model, and 10% for the buffer to avoid OOM. You can set `max_memory` in to a higher value to use more memory (at your own risk).
2025-12-17 16:21:44,510 - src.inference - INFO - inference.py:119 - Loading LoRA weights from: checkpoints/best_model
2025-12-17 16:21:44,759 - src.inference - INFO - inference.py:128 - Merging LoRA weights into base model...
2025-12-17 16:21:44,854 - src.inference - INFO - inference.py:130 - ✓ LoRA weights merged successfully
2025-12-17 16:21:44,854 - src.inference - INFO - inference.py:141 - ✓ Added _extract_past_from_model_output method
2025-12-17 16:21:44,855 - src.inference - INFO - inference.py:158 - ✓ Patched _update_model_kwargs_for_generation method
2025-12-17 16:21:44,856 - src.inference - INFO - inference.py:161 - ✓ Model loaded in torch.float32
2025-12-17 16:21:44,856 - src.inference - INFO - inference.py:69 - Chatbot initialized successfully!

2025-12-17 16:21:45,362 - httpx - INFO - _client.py:1025 - HTTP Request: GET http://127.0.0.1:7860/gradio_api/startup-events "HTTP/1.1 200 OK"
2025-12-17 16:21:45,386 - httpx - INFO - _client.py:1025 - HTTP Request: HEAD http://127.0.0.1:7860/ "HTTP/1.1 200 OK"
2025-12-17 16:21:45,667 - httpx - INFO - _client.py:1025 - HTTP Request: GET https://api.gradio.app/pkg-version "HTTP/1.1 200 OK"
2025-12-17 16:21:46,344 - httpx - INFO - _client.py:1025 - HTTP Request: GET https://api.gradio.app/v3/tunnel-request "HTTP/1.1 200 OK"
2025-12-17 16:22:00,088 - src.inference - INFO - inference.py:252 - Conversation history cleared
2025-12-17 16:22:01,159 - src.inference - INFO - inference.py:213 - ✓ Generated in 1.07s
2025-12-17 16:22:05,544 - src.inference - INFO - inference.py:252 - Conversation history cleared
2025-12-17 16:55:15,910 - src.inference - INFO - inference.py:48 - ============================================================
2025-12-17 16:55:15,911 - src.inference - INFO - inference.py:49 - Initializing Chatbot Inference
2025-12-17 16:55:15,911 - src.inference - INFO - inference.py:50 - Base model: /root/autodl-tmp/modelscope/hub/models/ZhipuAI/chatglm3-6b
2025-12-17 16:55:15,911 - src.inference - INFO - inference.py:51 - LoRA weights: checkpoints/best_model
2025-12-17 16:55:15,911 - src.inference - INFO - inference.py:52 - Device: cuda
2025-12-17 16:55:15,911 - src.inference - INFO - inference.py:53 - FP16: False
2025-12-17 16:55:15,911 - src.inference - INFO - inference.py:54 - ============================================================
2025-12-17 16:55:19,660 - src.inference - INFO - inference.py:81 - Loading config...
2025-12-17 16:55:19,664 - src.inference - INFO - inference.py:99 - Loading tokenizer...
2025-12-17 16:55:19,902 - src.inference - INFO - inference.py:109 - Loading model...
2025-12-17 16:55:20,490 - accelerate.utils.modeling - INFO - modeling.py:987 - We will use 90% of the memory on device 0 for storing the model, and 10% for the buffer to avoid OOM. You can set `max_memory` in to a higher value to use more memory (at your own risk).
2025-12-17 16:55:33,944 - src.inference - INFO - inference.py:119 - Loading LoRA weights from: checkpoints/best_model
2025-12-17 16:55:34,218 - src.inference - INFO - inference.py:128 - Merging LoRA weights into base model...
2025-12-17 16:55:34,308 - src.inference - INFO - inference.py:130 - ✓ LoRA weights merged successfully
2025-12-17 16:55:34,308 - src.inference - INFO - inference.py:141 - ✓ Added _extract_past_from_model_output method
2025-12-17 16:55:34,308 - src.inference - INFO - inference.py:158 - ✓ Patched _update_model_kwargs_for_generation method
2025-12-17 16:55:34,310 - src.inference - INFO - inference.py:161 - ✓ Model loaded in torch.float32
2025-12-17 16:55:34,310 - src.inference - INFO - inference.py:69 - Chatbot initialized successfully!

2025-12-17 16:55:34,747 - httpx - INFO - _client.py:1025 - HTTP Request: GET http://127.0.0.1:7860/gradio_api/startup-events "HTTP/1.1 200 OK"
2025-12-17 16:55:34,772 - httpx - INFO - _client.py:1025 - HTTP Request: HEAD http://127.0.0.1:7860/ "HTTP/1.1 200 OK"
2025-12-17 16:55:35,144 - httpx - INFO - _client.py:1025 - HTTP Request: GET https://api.gradio.app/pkg-version "HTTP/1.1 200 OK"
2025-12-17 16:55:36,195 - httpx - INFO - _client.py:1025 - HTTP Request: GET https://api.gradio.app/v3/tunnel-request "HTTP/1.1 200 OK"
2025-12-17 16:57:28,152 - src.inference - INFO - inference.py:48 - ============================================================
2025-12-17 16:57:28,153 - src.inference - INFO - inference.py:49 - Initializing Chatbot Inference
2025-12-17 16:57:28,153 - src.inference - INFO - inference.py:50 - Base model: /root/autodl-tmp/modelscope/hub/models/ZhipuAI/chatglm3-6b
2025-12-17 16:57:28,153 - src.inference - INFO - inference.py:51 - LoRA weights: checkpoints/best_model
2025-12-17 16:57:28,154 - src.inference - INFO - inference.py:52 - Device: cuda
2025-12-17 16:57:28,154 - src.inference - INFO - inference.py:53 - FP16: False
2025-12-17 16:57:28,154 - src.inference - INFO - inference.py:54 - ============================================================
2025-12-17 16:57:32,039 - src.inference - INFO - inference.py:81 - Loading config...
2025-12-17 16:57:32,044 - src.inference - INFO - inference.py:99 - Loading tokenizer...
2025-12-17 16:57:32,269 - src.inference - INFO - inference.py:109 - Loading model...
2025-12-17 16:57:32,859 - accelerate.utils.modeling - INFO - modeling.py:987 - We will use 90% of the memory on device 0 for storing the model, and 10% for the buffer to avoid OOM. You can set `max_memory` in to a higher value to use more memory (at your own risk).
2025-12-17 16:57:45,903 - src.inference - INFO - inference.py:119 - Loading LoRA weights from: checkpoints/best_model
2025-12-17 16:57:46,194 - src.inference - INFO - inference.py:128 - Merging LoRA weights into base model...
2025-12-17 16:57:46,295 - src.inference - INFO - inference.py:130 - ✓ LoRA weights merged successfully
2025-12-17 16:57:46,296 - src.inference - INFO - inference.py:141 - ✓ Added _extract_past_from_model_output method
2025-12-17 16:57:46,296 - src.inference - INFO - inference.py:158 - ✓ Patched _update_model_kwargs_for_generation method
2025-12-17 16:57:46,297 - src.inference - INFO - inference.py:161 - ✓ Model loaded in torch.float32
2025-12-17 16:57:46,297 - src.inference - INFO - inference.py:69 - Chatbot initialized successfully!

2025-12-17 16:57:46,718 - httpx - INFO - _client.py:1025 - HTTP Request: GET http://127.0.0.1:7860/gradio_api/startup-events "HTTP/1.1 200 OK"
2025-12-17 16:57:46,743 - httpx - INFO - _client.py:1025 - HTTP Request: HEAD http://127.0.0.1:7860/ "HTTP/1.1 200 OK"
2025-12-17 16:57:47,612 - httpx - INFO - _client.py:1025 - HTTP Request: GET https://api.gradio.app/pkg-version "HTTP/1.1 200 OK"
2025-12-17 17:00:53,283 - src.inference - INFO - inference.py:48 - ============================================================
2025-12-17 17:00:53,284 - src.inference - INFO - inference.py:49 - Initializing Chatbot Inference
2025-12-17 17:00:53,284 - src.inference - INFO - inference.py:50 - Base model: /root/autodl-tmp/modelscope/hub/models/ZhipuAI/chatglm3-6b
2025-12-17 17:00:53,284 - src.inference - INFO - inference.py:51 - LoRA weights: checkpoints/best_model
2025-12-17 17:00:53,285 - src.inference - INFO - inference.py:52 - Device: cuda
2025-12-17 17:00:53,285 - src.inference - INFO - inference.py:53 - FP16: False
2025-12-17 17:00:53,285 - src.inference - INFO - inference.py:54 - ============================================================
2025-12-17 17:00:56,899 - src.inference - INFO - inference.py:81 - Loading config...
2025-12-17 17:00:56,903 - src.inference - INFO - inference.py:99 - Loading tokenizer...
2025-12-17 17:00:57,128 - src.inference - INFO - inference.py:109 - Loading model...
2025-12-17 17:00:57,695 - accelerate.utils.modeling - INFO - modeling.py:987 - We will use 90% of the memory on device 0 for storing the model, and 10% for the buffer to avoid OOM. You can set `max_memory` in to a higher value to use more memory (at your own risk).
2025-12-17 17:01:10,757 - src.inference - INFO - inference.py:119 - Loading LoRA weights from: checkpoints/best_model
2025-12-17 17:01:11,017 - src.inference - INFO - inference.py:128 - Merging LoRA weights into base model...
2025-12-17 17:01:11,115 - src.inference - INFO - inference.py:130 - ✓ LoRA weights merged successfully
2025-12-17 17:01:11,115 - src.inference - INFO - inference.py:141 - ✓ Added _extract_past_from_model_output method
2025-12-17 17:01:11,115 - src.inference - INFO - inference.py:158 - ✓ Patched _update_model_kwargs_for_generation method
2025-12-17 17:01:11,117 - src.inference - INFO - inference.py:161 - ✓ Model loaded in torch.float32
2025-12-17 17:01:11,117 - src.inference - INFO - inference.py:69 - Chatbot initialized successfully!

2025-12-17 17:01:11,521 - httpx - INFO - _client.py:1025 - HTTP Request: GET http://localhost:7860/gradio_api/startup-events "HTTP/1.1 200 OK"
2025-12-17 17:01:11,546 - httpx - INFO - _client.py:1025 - HTTP Request: HEAD http://localhost:7860/ "HTTP/1.1 200 OK"
2025-12-17 17:01:12,677 - httpx - INFO - _client.py:1025 - HTTP Request: GET https://api.gradio.app/pkg-version "HTTP/1.1 200 OK"
2025-12-17 17:02:25,439 - src.inference - INFO - inference.py:48 - ============================================================
2025-12-17 17:02:25,440 - src.inference - INFO - inference.py:49 - Initializing Chatbot Inference
2025-12-17 17:02:25,440 - src.inference - INFO - inference.py:50 - Base model: /root/autodl-tmp/modelscope/hub/models/ZhipuAI/chatglm3-6b
2025-12-17 17:02:25,440 - src.inference - INFO - inference.py:51 - LoRA weights: checkpoints/best_model
2025-12-17 17:02:25,440 - src.inference - INFO - inference.py:52 - Device: cuda
2025-12-17 17:02:25,440 - src.inference - INFO - inference.py:53 - FP16: False
2025-12-17 17:02:25,440 - src.inference - INFO - inference.py:54 - ============================================================
2025-12-17 17:02:28,971 - src.inference - INFO - inference.py:81 - Loading config...
2025-12-17 17:02:28,974 - src.inference - INFO - inference.py:99 - Loading tokenizer...
2025-12-17 17:02:29,186 - src.inference - INFO - inference.py:109 - Loading model...
2025-12-17 17:02:29,746 - accelerate.utils.modeling - INFO - modeling.py:987 - We will use 90% of the memory on device 0 for storing the model, and 10% for the buffer to avoid OOM. You can set `max_memory` in to a higher value to use more memory (at your own risk).
2025-12-17 17:02:42,673 - src.inference - INFO - inference.py:119 - Loading LoRA weights from: checkpoints/best_model
2025-12-17 17:02:42,927 - src.inference - INFO - inference.py:128 - Merging LoRA weights into base model...
2025-12-17 17:02:43,020 - src.inference - INFO - inference.py:130 - ✓ LoRA weights merged successfully
2025-12-17 17:02:43,020 - src.inference - INFO - inference.py:141 - ✓ Added _extract_past_from_model_output method
2025-12-17 17:02:43,020 - src.inference - INFO - inference.py:158 - ✓ Patched _update_model_kwargs_for_generation method
2025-12-17 17:02:43,021 - src.inference - INFO - inference.py:161 - ✓ Model loaded in torch.float32
2025-12-17 17:02:43,021 - src.inference - INFO - inference.py:69 - Chatbot initialized successfully!

2025-12-17 17:02:43,429 - httpx - INFO - _client.py:1025 - HTTP Request: GET http://127.0.0.1:7860/gradio_api/startup-events "HTTP/1.1 200 OK"
2025-12-17 17:02:43,452 - httpx - INFO - _client.py:1025 - HTTP Request: HEAD http://127.0.0.1:7860/ "HTTP/1.1 200 OK"
2025-12-17 17:02:44,488 - httpx - INFO - _client.py:1025 - HTTP Request: GET https://api.gradio.app/v3/tunnel-request "HTTP/1.1 200 OK"
2025-12-17 17:02:44,866 - httpx - INFO - _client.py:1025 - HTTP Request: GET https://api.gradio.app/pkg-version "HTTP/1.1 200 OK"
2025-12-17 17:03:56,694 - src.inference - INFO - inference.py:48 - ============================================================
2025-12-17 17:03:56,695 - src.inference - INFO - inference.py:49 - Initializing Chatbot Inference
2025-12-17 17:03:56,695 - src.inference - INFO - inference.py:50 - Base model: /root/autodl-tmp/modelscope/hub/models/ZhipuAI/chatglm3-6b
2025-12-17 17:03:56,695 - src.inference - INFO - inference.py:51 - LoRA weights: checkpoints/best_model
2025-12-17 17:03:56,695 - src.inference - INFO - inference.py:52 - Device: cuda
2025-12-17 17:03:56,695 - src.inference - INFO - inference.py:53 - FP16: False
2025-12-17 17:03:56,695 - src.inference - INFO - inference.py:54 - ============================================================
2025-12-17 17:04:00,255 - src.inference - INFO - inference.py:81 - Loading config...
2025-12-17 17:04:00,259 - src.inference - INFO - inference.py:99 - Loading tokenizer...
2025-12-17 17:04:00,472 - src.inference - INFO - inference.py:109 - Loading model...
2025-12-17 17:04:01,026 - accelerate.utils.modeling - INFO - modeling.py:987 - We will use 90% of the memory on device 0 for storing the model, and 10% for the buffer to avoid OOM. You can set `max_memory` in to a higher value to use more memory (at your own risk).
2025-12-17 17:04:13,923 - src.inference - INFO - inference.py:119 - Loading LoRA weights from: checkpoints/best_model
2025-12-17 17:04:14,181 - src.inference - INFO - inference.py:128 - Merging LoRA weights into base model...
2025-12-17 17:04:14,271 - src.inference - INFO - inference.py:130 - ✓ LoRA weights merged successfully
2025-12-17 17:04:14,272 - src.inference - INFO - inference.py:141 - ✓ Added _extract_past_from_model_output method
2025-12-17 17:04:14,272 - src.inference - INFO - inference.py:158 - ✓ Patched _update_model_kwargs_for_generation method
2025-12-17 17:04:14,273 - src.inference - INFO - inference.py:161 - ✓ Model loaded in torch.float32
2025-12-17 17:04:14,273 - src.inference - INFO - inference.py:69 - Chatbot initialized successfully!

2025-12-17 17:04:14,725 - httpx - INFO - _client.py:1025 - HTTP Request: GET http://localhost:7861/gradio_api/startup-events "HTTP/1.1 200 OK"
2025-12-17 17:04:14,749 - httpx - INFO - _client.py:1025 - HTTP Request: HEAD http://localhost:7861/ "HTTP/1.1 200 OK"
2025-12-17 17:04:15,047 - httpx - INFO - _client.py:1025 - HTTP Request: GET https://api.gradio.app/pkg-version "HTTP/1.1 200 OK"
2025-12-17 17:04:32,175 - src.inference - INFO - inference.py:252 - Conversation history cleared
2025-12-17 17:04:33,109 - src.inference - INFO - inference.py:213 - ✓ Generated in 0.93s
2025-12-17 17:04:43,986 - src.inference - INFO - inference.py:252 - Conversation history cleared
2025-12-17 17:04:44,184 - src.inference - INFO - inference.py:213 - ✓ Generated in 0.20s
2025-12-17 17:04:52,602 - src.inference - INFO - inference.py:252 - Conversation history cleared
2025-12-17 17:04:52,916 - src.inference - INFO - inference.py:213 - ✓ Generated in 0.31s
2025-12-17 17:05:03,539 - src.inference - INFO - inference.py:252 - Conversation history cleared
2025-12-17 17:05:03,860 - src.inference - INFO - inference.py:213 - ✓ Generated in 0.32s
2025-12-17 17:05:15,364 - src.inference - INFO - inference.py:252 - Conversation history cleared
2025-12-17 17:05:15,662 - src.inference - INFO - inference.py:213 - ✓ Generated in 0.30s
